offset,offset_hex,length,text,population_term,string_class
19,0x13,9,noMPFlash,,unknown
98,0x62,13,MultSysThread,,unknown
135,0x87,4,"R&k,",,unknown
169,0xA9,4,<KR#,,unknown
174,0xAE,5,;M%e7,,debug/display text
248,0xF8,5,<G:E%,,debug/display text
280,0x118,5,;M%D7,,debug/display text
292,0x124,4,@;E%,,debug/display text
308,0x134,4,Slot,,unknown
357,0x165,5,;M%E7,,debug/display text
462,0x1CE,8,MPReward,,unknown
586,0x24A,9,MP_Ticker,,unknown
601,0x259,7,Reticle,,unknown
614,0x266,10,WeaponAmmo,,unknown
630,0x276,7,Reticle,,unknown
643,0x283,10,WeaponAmmo,,unknown
678,0x2A6,14,Splash_Message,,unknown
698,0x2BA,16,Splash_Objective,,unknown
720,0x2D0,16,Subtitle_Enabler,,likely logic anchor
750,0x2EE,14,Splash_Message,,unknown
778,0x30A,16,Splash_Objective,,unknown
800,0x320,16,Subtitle_Enabler,,likely logic anchor
849,0x351,8,MPReward,,unknown
956,0x3BC,4,5% R,,debug/display text
1469,0x5BD,4,^4(=,,unknown
1580,0x62C,4,miss,,unknown
1594,0x63A,4,ziss,,unknown
1611,0x64B,6,_short,,unknown
1748,0x6D4,8,MPSplash,,unknown
2184,0x888,7,UseCase,,unknown
2194,0x892,16,ActivationRadius,,unknown
2252,0x8CC,22,crateMultiplayer_close,,unknown
2291,0x8F3,24,LOCKER_OPEN_QUICK_MASTER,,unknown
2741,0xAB5,5,5?}}-,,debug/display text
3277,0xCCD,12,PackedWeapon,,unknown
3325,0xCFD,14,PackedMetadata,,unknown
3348,0xD14,9,ResetTime,,unknown
3377,0xD31,19,gMP_OpenedPickupSet,,unknown
3433,0xD69,16,gMPScratchLayout,,unknown
3535,0xDCF,16,title_xplvl_0_ui,,unknown
3577,0xDF9,6,Z;F:N5,,unknown
3593,0xE09,6,N;F:N4,,unknown
3607,0xE17,5,;F:N4,,unknown
3616,0xE20,5,;F:N6,,unknown
3623,0xE27,5,;F:N4,,unknown
3638,0xE36,5,;F:N4,,unknown
3648,0xE40,5,;F:N4,,unknown
3657,0xE49,5,;F:N4,,unknown
3684,0xE64,4,<;F8,,unknown
3745,0xEA1,5,;F:N5,,unknown
3765,0xEB5,5,;F:N6,,unknown
3771,0xEBB,5,;F:N4,,unknown
3782,0xEC6,4,T;FR,,unknown
3790,0xECE,4,L;FA,,unknown
3802,0xEDA,6,@;F:N4,,unknown
3813,0xEE5,5,;F:N4,,unknown
3819,0xEEB,7,?\;F:N4,,debug/display text
3835,0xEFB,17,net_player_joined,,unknown
3859,0xF13,5,;F:N4,,unknown
3865,0xF19,5,?\;FR,,debug/display text
3874,0xF22,4,F;FR,,unknown
3882,0xF2A,5,;F:N4,,unknown
3894,0xF36,4,+;FR,,unknown
3904,0xF40,4,3;F7,,unknown
3914,0xF4A,5,;F:N4,,unknown
3929,0xF59,5,;F:N4,,unknown
3937,0xF61,4,"3;F,",,unknown
3956,0xF74,5,];Fm@,,debug/display text
3969,0xF81,6,);F:N4,,unknown
3983,0xF8F,5,;F:N4,,unknown
3995,0xF9B,7,NoMelee,,unknown
4010,0xFAA,6,$;F:N4,,unknown
4023,0xFB7,5,;F:N4,,unknown
4035,0xFC3,7,NoMelee,,unknown
4051,0xFD3,5,;F:N4,,unknown
4057,0xFD9,7,?`;F:N4,,debug/display text
4097,0x1001,5,ArmUp,,unknown
4114,0x1012,5,ArmUp,,unknown
4129,0x1021,5,;F:N4,,unknown
4154,0x103A,5,ArmUp,,unknown
4162,0x1042,7,4+;F:N4,,unknown
4178,0x1052,5,;F:N4,,unknown
4188,0x105C,7,R+;F:N4,,unknown
4229,0x1085,4,9/8/,,unknown
4245,0x1095,5,"8/8/,",,unknown
4320,0x10E0,7,UseCase,,unknown
4390,0x1126,12,mp_needs_rez,,unknown
4430,0x114E,16,mp_needs_rez_big,,unknown
4472,0x1178,4,">,m@",,unknown
4487,0x1187,17,MPCOOP_PLAYERDOWN,,unknown
4514,0x11A2,14,UN_Narr2_Pdown,,unknown
4576,0x11E0,5,rezMe,,unknown
4582,0x11E6,53,o4$/content/scripting/gringo/simplegringo/mp_rezBuddy,,unknown
4686,0x124E,7,spine00,,unknown
4947,0x1353,4,">,m@",,unknown
4967,0x1367,6,8Z% R ,,debug/display text
5019,0x139B,49,>o/Tried to get genfloat from not-yet-valid slot ,,debug/display text
5159,0x1427,8,NARRATOR,,unknown
5287,0x14A7,21,MPPlayerNameColored_0,,unknown
5312,0x14C0,21,MPPlayerNameColored_1,,unknown
5337,0x14D9,21,MPPlayerNameColored_2,,unknown
5362,0x14F2,21,MPPlayerNameColored_3,,unknown
5387,0x150B,21,MPPlayerNameColored_4,,unknown
5412,0x1524,21,MPPlayerNameColored_5,,unknown
5437,0x153D,21,MPPlayerNameColored_6,,unknown
5462,0x1556,21,MPPlayerNameColored_7,,unknown
5487,0x156F,21,MPPlayerNameColored_8,,unknown
5512,0x1588,21,MPPlayerNameColored_9,,unknown
5537,0x15A1,22,MPPlayerNameColored_10,,unknown
5563,0x15BB,22,MPPlayerNameColored_11,,unknown
5589,0x15D5,22,MPPlayerNameColored_12,,unknown
5615,0x15EF,22,MPPlayerNameColored_13,,unknown
5641,0x1609,22,MPPlayerNameColored_14,,unknown
5667,0x1623,22,MPPlayerNameColored_15,,unknown
5693,0x163D,14,UNHANDLED SLOT,,debug/display text
5870,0x16EE,37,2o#Tried to get title from bad slot #,,debug/display text
5932,0x172C,11,Common_Null,,unknown
5946,0x173A,6,M7#r@%,,debug/display text
5953,0x1741,4,7#2.,,unknown
5967,0x174F,6,4`= 2.,,debug/display text
5986,0x1762,4,= 2.,,debug/display text
6031,0x178F,37,2o#Tried to get title from bad slot #,,debug/display text
6214,0x1846,17,Tried to get bit ,,debug/display text
6247,0x1867,19, bit from bad slot ,,debug/display text
6286,0x188E,5,4`>|8,,unknown
6493,0x195D,4,DEAD,,unknown
6504,0x1968,5,READY,,unknown
6516,0x1974,12,POKER_FOLDED,,unknown
6535,0x1987,13,RACE_FINISHED,,unknown
6555,0x199B,11,REGION_HOST,,unknown
6573,0x19AD,12,ACTOR_HIDDEN,,likely logic anchor
6592,0x19C0,13,VOTE_TO_START,,unknown
6612,0x19D4,12,VOTE_TO_SKIP,,unknown
6631,0x19E7,14,VOTE_TO_REPLAY,,unknown
6652,0x19FC,11,IS_IN_LOBBY,,unknown
6670,0x1A0E,15,GAME_ARBITRATOR,,unknown
6692,0x1A24,11,JOINED_GAME,,unknown
6710,0x1A36,13,SKIP_CUTSCENE,,unknown
6730,0x1A4A,14,START_CUTSCENE,,unknown
6751,0x1A5F,12,IS_SPECTATOR,,unknown
6770,0x1A72,13,DISTRICT_HOST,,unknown
6790,0x1A86,13,NEEDS_REVIVAL,,unknown
6810,0x1A9A,23,MP_BIT_MPLAW_MOSTWANTED,,likely logic anchor
6840,0x1AB8,21,HAS_VIRAL_ACHIEVEMENT,,unknown
6868,0x1AD4,17,COMBATMODE_CASUAL,,unknown
6892,0x1AEC,17,COMBATMODE_EXPERT,,unknown
6916,0x1B04,15,IN_ACTOR_PICKER,,likely logic anchor
6938,0x1B1A,13,MELEE_BLOCKED,,unknown
6958,0x1B2E,10,BLIND_FIRE,,unknown
6975,0x1B3F,24,FREE_MODE_DEFENSE_ACTIVE,,unknown
7006,0x1B5E,17,PLAYER_IS_GRIEFER,,unknown
7030,0x1B76,22,CANNOT_AFFORD_MINIGAME,,unknown
7059,0x1B93,29,FREE_MODE_DEFENSE_SPOONHOLDER,,unknown
7095,0x1BB7,7,UNKNOWN,,unknown
7121,0x1BD1,50,Io0TRIED TO USE IS_SLOT_DATA_VALID WITH BAD INDEX ,,debug/display text
7427,0x1D03,5,;M%Q7,,debug/display text
7448,0x1D18,13,net_posse_led,,unknown
7478,0x1D36,5,"pR r,",,debug/display text
7485,0x1D3D,7,<H;M%R7,,debug/display text
7502,0x1D4E,14,net_posse_left,,unknown
7530,0x1D6A,7,<H;M%S7,,debug/display text
7552,0x1D80,4,Slot,,unknown
7612,0x1DBC,16,net_posse_joined,,unknown
7663,0x1DEF,22,net_posse_member_added,,unknown
7737,0x1E39,7,q+;M%d7,,debug/display text
7752,0x1E48,5,;M%T7,,debug/display text
7769,0x1E59,4,Slot,,unknown
7822,0x1E8E,24,net_posse_member_removed,,unknown
7943,0x1F07,25,net.posse_prompt_teleport,,unknown
8094,0x1F9E,5,ArmUp,,unknown
8115,0x1FB3,5,ArmUp,,unknown
8181,0x1FF5,4,R Bb,,debug/display text
8241,0x2031,5,R 5~-,,debug/display text
8269,0x204D,5,R Q~-,,debug/display text
8317,0x207D,4,R Bb,,debug/display text
8512,0x2140,4,R!Gb,,debug/display text
8531,0x2153,4,z+~-,,unknown
8541,0x215D,27,generateRandomLifetimeScore,,unknown
8624,0x21B0,4,R 58,,debug/display text
8642,0x21C2,21,DISABLE_HORSE_WHISTLE,,likely logic anchor
8667,0x21DB,4,P+~-,,unknown
8754,0x2232,9,OnK=$2R#s,,unknown
8781,0x224D,4,OnK>,,unknown
8804,0x2264,5,"R""hz-",,unknown
8821,0x2275,4,OnK?,,debug/display text
8830,0x227E,4,OnK=,,unknown
8840,0x2288,6,OnK=$3,,unknown
8861,0x229D,4,OnK=,,unknown
8872,0x22A8,6,OnK=$3,,unknown
8883,0x22B3,4,OnK?,,debug/display text
8889,0x22B9,6,OnK?<8,,debug/display text
8896,0x22C0,6,OnK?@8,,debug/display text
8903,0x22C7,6,OnK?D8,,debug/display text
8910,0x22CE,6,OnK?Hm,,debug/display text
8918,0x22D6,5,0OnK?,,debug/display text
8924,0x22DC,4,OnK>,,unknown
8938,0x22EA,12,PosseGPSPath,,unknown
8951,0x22F7,4,OnK>,,unknown
8961,0x2301,5,HOnK?,,debug/display text
8967,0x2307,4,OnK>,,unknown
8979,0x2313,4,OnK>,,unknown
8984,0x2318,7,R#3OnK>,,unknown
8997,0x2325,5,OnK?\,,debug/display text
9003,0x232B,6,On2?`.,,debug/display text
9216,0x2400,12,Playerlayout,,unknown
9351,0x2487,12,Playerlayout,,unknown
9432,0x24D8,6,!PqNOq,,debug/display text
9450,0x24EA,6, PqNOq,,debug/display text
9482,0x250A,5,state,,unknown
9503,0x251F,5,state,,unknown
9520,0x2530,5,state,,unknown
9541,0x2545,5,state,,unknown
9550,0x254E,5,<L;Ln,,unknown
9593,0x2579,5,timer,,unknown
9615,0x258F,5,state,,unknown
9633,0x25A1,5,timer,,unknown
9665,0x25C1,5,state,,unknown
9732,0x2604,4,R&V9,,unknown
9737,0x2609,4,"R&V,",,unknown
9780,0x2634,12,Playerlayout,,unknown
9844,0x2674,4,"Pf%,",,debug/display text
9868,0x268C,4,"Pf%,",,debug/display text
10047,0x273F,4,duel,,unknown
10367,0x287F,5,5R&V9,,unknown
10633,0x2989,4,9+m@,,unknown
10641,0x2991,4,"/9,8",,unknown
10716,0x29DC,11,DroppedItem,,likely logic anchor
10738,0x29F2,11,DroppedItem,,likely logic anchor
10753,0x2A01,5,"9-8-,",,unknown
10762,0x2A0A,4,"a8-,",,unknown
10895,0x2A8F,13,DroppedWeapon,,likely logic anchor
10919,0x2AA7,13,DroppedWeapon,,likely logic anchor
10936,0x2AB8,5,"9-8-,",,unknown
11069,0x2B3D,5,9.8.m,,unknown
11125,0x2B75,6,Weapon,,unknown
11148,0x2B8C,4,9)8),,unknown
11191,0x2BB7,8,Headshot,,unknown
11241,0x2BE9,9,KillBonus,,unknown
11302,0x2C26,4,R{.b,,unknown
11307,0x2C2B,4,-% R,,debug/display text
11486,0x2CDE,5,"? %D,",,debug/display text
11592,0x2D48,5,"? %D,",,debug/display text
11629,0x2D6D,4,"Ry,8",,unknown
11634,0x2D72,6,"Rx18,c",,unknown
11672,0x2D98,4,"Rs""A",,unknown
11724,0x2DCC,5,Ro9+%,,debug/display text
11771,0x2DFB,14,%&Ro %'Ro REf8,,debug/display text
11927,0x2E97,4,">,m@",,unknown
11942,0x2EA6,21,GENMESS_GUARDIANANGEL,,unknown
11973,0x2EC5,15,UN_Narr2_Gangel,,likely logic anchor
12075,0x2F2B,4,"E8,c",,unknown
12124,0x2F5C,6,%&Ro %,,debug/display text
12131,0x2F63,7,Ro REfb,,debug/display text
12177,0x2F91,4,">,m@",,unknown
12192,0x2FA0,15,GENMESS_EYE4EYE,,unknown
12217,0x2FB9,19,UN_Narr2_Posthumous,,unknown
12249,0x2FD9,6,RE08*c,,unknown
12276,0x2FF4,8,"R51+R5%,",,debug/display text
12309,0x3015,4,R5%d,,debug/display text
12340,0x3034,4,R4}c,,unknown
12380,0x305C,4,R4}c,,unknown
12434,0x3092,4,"R4,b",,unknown
12453,0x30A5,5,B8*8 ,,debug/display text
12473,0x30B9,5,%#Ro ,,debug/display text
12517,0x30E5,4,R{.8,,unknown
12524,0x30EC,4,.8 c,,debug/display text
12715,0x31AB,4,9 8 ,,debug/display text
12735,0x31BF,8,908/80)?,,debug/display text
12764,0x31DC,9,mp_assist,,unknown
12780,0x31EC,6,7!37!8,,debug/display text
12795,0x31FB,13,mp_assist_npc,,unknown
12854,0x3236,6,&K2)Cz,,unknown
12882,0x3252,4,"E8,c",,unknown
12934,0x3286,4,REfb,,unknown
12983,0x32B7,6,%&Ro %,,debug/display text
12990,0x32BE,7,Ro REfb,,debug/display text
13029,0x32E5,14,%&Ro %'Ro REfb,,debug/display text
13062,0x3306,4,R3h9,,unknown
13173,0x3375,6,_count,,unknown
13311,0x33FF,14,Killstreak_End,,unknown
13339,0x341B,10,Killstreak,,unknown
13388,0x344C,12,XpComboTimer,,unknown
13414,0x3466,12,XpComboTimer,,unknown
13680,0x3570,4,R5}+,,unknown
13709,0x358D,65,Ho?STAT_INCREASE_INT_NOW: Attempting to use a Stat out of bounds.,,debug/display text
13795,0x35E3,79,oNSTAT_INCREASE_INT_NOW: You cannot increase this STAT_TYPE_LIFETIME directly: ,,debug/display text
13891,0x3643,111,"onSTAT_INCREASE_INT_NOW: You cannot increase a STAT_TYPE_LIFETIME directly, use the COLLECTION version instead!",,debug/display text
14015,0x36BF,96,jo^STAT_INCREASE_INT_NOW: iIncreaseValue < 0 - I am turning this into a positive number for you!,,debug/display text
14480,0x3890,4, lbs,,debug/display text
14544,0x38D0,4, ton,,debug/display text
14629,0x3925,5,"@<@<,",,unknown
14697,0x3969,5, days,,debug/display text
14719,0x397F,4, day,,debug/display text
14844,0x39FC,4, min,,debug/display text
14907,0x3A3B,4, sec,,debug/display text
14947,0x3A63,4, min,,debug/display text
15017,0x3AA9,4, sec,,debug/display text
15051,0x3ACB,4, sec,,debug/display text
15302,0x3BC6,5, days,,debug/display text
15324,0x3BDC,4, day,,debug/display text
15353,0x3BF9,7,stat_of,,unknown
15555,0x3CC3,4,R?a8,,debug/display text
15638,0x3D16,11,Common_Null,,unknown
15861,0x3DF5,4,lvl_,,unknown
15880,0x3E08,5,_icon,,unknown
15903,0x3E1F,20,icon_prestige_award_,,unknown
15947,0x3E4B,14,icon_prestige_,,unknown
15995,0x3E7B,21,icon_prestige_award_4,,unknown
16026,0x3E9A,20,icon_prestige_award_,,unknown
16069,0x3EC5,6,_color,,unknown
16154,0x3F1A,4,R?O8,,debug/display text
16159,0x3F1F,4,0%d8,,debug/display text
16180,0x3F34,4,R?=8,,debug/display text
16235,0x3F6B,50,8o0STAT_CALCULATE_PROGRESSBAR_VALUES: STAT_INVALID,,debug/display text
16567,0x40B7,28,STAT_GET_VALUE: STAT_INVALID,,debug/display text
16611,0x40E3,35,(o!STAT_GET_MAX_VALUE: STAT_INVALID,,debug/display text
16701,0x413D,75,oJSTAT_CHECK_RANGES: Attempting to decrement a STAT out of its fMaxRange - ,,debug/display text
16793,0x4199,72,oGSTAT_CHECK_RANGES: Attempting to increment a STAT out of its fMaxRange,,debug/display text
16903,0x4207,75,oJSTAT_CHECK_RANGES: Attempting to decrement a STAT out of its fMinRange - ,,debug/display text
16995,0x4263,72,oGSTAT_CHECK_RANGES: Attempting to decrement a STAT out of its fMinRange,,debug/display text
17088,0x42C0,72,MoFSTAT_UPDATE_MY_LIFETIME_STAT: Attempting to use a Stat out of bounds.,,debug/display text
17196,0x432C,80,UoNSTAT_UPDATE_MY_LIFETIME_STAT: Attempting to use a LifetimeStat out of bounds.,,debug/display text
17391,0x43EF,93,po[STAT_UPDATE_MY_LIFETIME_STAT: Attempting to increment a LifetimeStat out of its fMaxRange.,,debug/display text
17537,0x4481,93,po[STAT_UPDATE_MY_LIFETIME_STAT: Attempting to decrement a LifetimeStat out of its fMinRange.,,debug/display text
17842,0x45B2,4,P)BH,,unknown
17859,0x45C3,4,Rlq8,,unknown
17864,0x45C8,4,Rlfb,,unknown
17903,0x45EF,4,RkMb,,unknown
17996,0x464C,4,Rlq8,,unknown
18001,0x4651,4,Rlfb,,unknown
18042,0x467A,4,RkMb,,unknown
18145,0x46E1,4,Rlq8,,unknown
18150,0x46E6,4,Rlfb,,unknown
18191,0x470F,4,RkMb,,unknown
18265,0x4759,4,Ro99,,unknown
18304,0x4780,4,S)CH,,unknown
18322,0x4792,4,Rlq8,,unknown
18327,0x4797,4,Rlfb,,unknown
18368,0x47C0,4,RkMb,,unknown
18552,0x4878,4,T)Cz,,unknown
18559,0x487F,5,RnDRH,,unknown
18567,0x4887,4,Rlfb,,unknown
18615,0x48B7,4,RkMb,,unknown
18632,0x48C8,4,Rht%,,debug/display text
18659,0x48E3,5,R51+8,,unknown
18680,0x48F8,16,challenge_04_128,,unknown
18726,0x4926,4,"RI,.",,unknown
18762,0x494A,4,"RX,b",,unknown
18769,0x4951,5,RIUz-,,unknown
18781,0x495D,8,SaveLoad,,unknown
18790,0x4966,88,"oWMultiplayer Save Triggered, will be picked up by Multiplayer_update_thread soon enough",,debug/display text
18918,0x49E6,7,RUL++RT,,unknown
18926,0x49EE,7,"++RT,++",,unknown
18952,0x4A08,7,RKiRK6%,,debug/display text
18988,0x4A2C,5,RJ0z-,,unknown
19302,0x4B66,4,Ggz-,,unknown
19369,0x4BA9,227,"For whatever reason, the system thinks we have more than 50 completed quests. This is bad, since the array we save them in only has 20 elements. Capping it and saving. Your save may not include all of the things you like in it.",,debug/display text
19767,0x4D37,224,"For whatever reason, the system thinks we have more than 20 active quests. This is bad, since the array we save them in only has 20 elements. Capping it and saving. Your save may not include all of the things you like in it.",,debug/display text
20158,0x4EBE,4,R&V9,,unknown
20657,0x50B1,7,fav_non,,unknown
20789,0x5135,5,RQP+o,,unknown
20795,0x513B,5,fwep_,,unknown
20832,0x5160,69,JoCSTAT_SET_VALUE_AS_INT_NOW: Attempting to use a Stat out of bounds.,,debug/display text
20920,0x51B8,87,oVSTAT_SET_VALUE_AS_INT_NOW: You cannot set value of this STAT_TYPE_LIFETIME directly: ,,debug/display text
21024,0x5220,119,"ovSTAT_SET_VALUE_AS_INT_NOW: You cannot set value of a STAT_TYPE_LIFETIME directly, use the COLLECTION version instead!",,debug/display text
21162,0x52AA,90,oYSTAT_SET_VALUE_AS_INT_NOW: You cannot set value of this STAT_TYPE_COLLECTIBLE directly: ,,debug/display text
21271,0x5317,134,"STAT_SET_VALUE_AS_INT_NOW: You cannot set value of a STAT_TYPE_COLLECTIBLE directly, only increase and decrease operations are allowed",,debug/display text
21493,0x53F5,38,+o$STAT_GET_VALUE_AS_INT: STAT_INVALID,,debug/display text
21555,0x5433,7,fav_non,,unknown
21578,0x544A,4,:%28,,debug/display text
21655,0x5497,5,RQP+o,,unknown
21661,0x549D,5,fwep_,,unknown
21692,0x54BC,7,fav_non,,unknown
21729,0x54E1,4,1%28,,debug/display text
21806,0x552E,5,RQP+o,,unknown
21812,0x5534,5,fwep_,,unknown
21843,0x5553,7,fav_non,,unknown
21867,0x556B,4,4%28,,debug/display text
21936,0x55B0,5,RQP+o,,unknown
21942,0x55B6,5,fwep_,,unknown
22015,0x55FF,6,RQP+z-,,unknown
22036,0x5614,61,Bo;STAT_INCREASE_NOW: Attempting to use a Stat out of bounds.,,debug/display text
22116,0x5664,75,oJSTAT_INCREASE_NOW: You cannot increase this STAT_TYPE_LIFETIME directly: ,,debug/display text
22208,0x56C0,107,"ojSTAT_INCREASE_NOW: You cannot increase a STAT_TYPE_LIFETIME directly, use the COLLECTION version instead!",,debug/display text
22327,0x5737,94,ho\STAT_INCREASE_NOW: fIncreaseValue < 0.0 - I am turning this into a positive number for you!,,debug/display text
22553,0x5819,5,R 5~-,,debug/display text
22568,0x5828,5,R Q~-,,debug/display text
22613,0x5855,18,CanSaveNowAutoSave,,unknown
22676,0x5894,4,"u? ,",,debug/display text
22684,0x589C,5,u?4RI,,debug/display text
22778,0x58FA,5,2RYzc,,unknown
22889,0x5969,4,"u? ,",,debug/display text
22958,0x59AE,5,+PqMO,,unknown
23069,0x5A1D,7,"P)E""W;.",,unknown
23141,0x5A65,5,{)BIS,,unknown
23155,0x5A73,4,RZy.,,unknown
23200,0x5AA0,6,)Nnk(9,,unknown
23258,0x5ADA,5,>4PqL,,unknown
23295,0x5AFF,5,2R[_9,,debug/display text
23341,0x5B2D,5,{)BIS,,unknown
23352,0x5B38,4,R[_9,,debug/display text
23476,0x5BB4,4,")E""_",,unknown
23622,0x5C46,5,)E*R\,,unknown
23690,0x5C8A,4,)B+A,,unknown
23761,0x5CD1,4,1()A,,unknown
23768,0x5CD8,5,)EIJD,,unknown
23798,0x5CF6,4,)CNB,,unknown
23909,0x5D65,5,)EZ:_,,unknown
24048,0x5DF0,4,M|)B,,unknown
24053,0x5DF5,4,y3)E,,unknown
24085,0x5E15,6,)C%aH8,,debug/display text
24191,0x5E7F,4,)B%+,,debug/display text
24341,0x5F15,4, )Ex,,debug/display text
24555,0x5FEB,4,w)A4,,unknown
24632,0x6038,5,[J)Ew,,debug/display text
24701,0x607D,4,()AQ,,unknown
24915,0x6153,5,<)D=N,,unknown
25029,0x61C5,6,)Bm338,,unknown
25070,0x61EE,4,cE)D,,unknown
25216,0x6280,5,OH)EV,,unknown
25290,0x62CA,4,f)EM,,unknown
25414,0x6346,5,2RYzc,,unknown
25439,0x635F,47,3o-Here's what we're returning as a save spot: ,,debug/display text
25512,0x63A8,4,OqP5,,unknown
25698,0x6462,15,bPlayerSleeping,,unknown
25763,0x64A3,4,Rei7,,unknown
25850,0x64FA,4,Rei8,,unknown
25869,0x650D,8,CQueue_X,,unknown
25902,0x652E,8,CQueue_T,,unknown
25935,0x654F,8,CQueue_H,,unknown
25968,0x6570,12,CQueue_Count,,unknown
26180,0x6644,4,_des,,unknown
26219,0x666B,14,_DYNAMIC_TITLE,,unknown
26779,0x689B,8,_INTSLOT,,unknown
26849,0x68E1,10,_FLOATSLOT,,unknown
26935,0x6937,10,_TIMERSLOT,,unknown
27004,0x697C,11,_OBJECTSLOT,,unknown
27079,0x69C7,22,AmbientMissions_Layout,,likely logic anchor
27118,0x69EE,22,AmbientMissions_Layout,,likely logic anchor
27192,0x6A38,10,_FLOATSLOT,,unknown
27241,0x6A69,54,o5PVP_STORE_FLOAT: failed to store float value in slot,,debug/display text
27341,0x6ACD,10,_FLOATSLOT,,unknown
27401,0x6B09,62,o=PVP_RETRIEVE_FLOAT: failed to retrieve float value from slot,,debug/display text
27503,0x6B6F,5,_info,,unknown
27537,0x6B91,4,_num,,unknown
27580,0x6BBC,5,_num2,,unknown
27624,0x6BE8,5,_num3,,unknown
27668,0x6C14,5,_num4,,unknown
27707,0x6C3B,4,RlA.,,unknown
27777,0x6C81,16,challenge_04_128,,unknown
27899,0x6CFB,4,"RI,.",,unknown
28073,0x6DA9,4,"Rn0,",,unknown
28137,0x6DE9,11,_DYNAMIC_XP,,unknown
28183,0x6E17,13,_DYNAMIC_GOAL,,unknown
28240,0x6E50,22,UN_UNDEADTEAMPLAYER_64,,unknown
28269,0x6E6D,23,UN_UNDEADTEAMPLAYER_128,,unknown
28347,0x6EBB,8,_INTSLOT,,unknown
28392,0x6EE8,50,o1PVP_STORE_INT: failed to store int value in slot,,debug/display text
28495,0x6F4F,5,@:BRp,,unknown
28504,0x6F58,4,:BRo,,unknown
28514,0x6F62,4,:BRo,,unknown
28546,0x6F82,4,:BRp,,unknown
28555,0x6F8B,4,:BRo,,unknown
28674,0x7002,64,o?ERROR: Trying to get value of TIMER that has not been started!,,debug/display text
28742,0x7046,81,oQWARNING: Trying to get value of TIMER that has not been started! Returning 0.0 ,,debug/display text
28936,0x7108,4,K)BH,,unknown
28954,0x711A,4,Rlq8,,unknown
28959,0x711F,4,Rlfb,,unknown
28999,0x7147,4,RkMb,,unknown
29057,0x7181,4,Rlq8,,unknown
29062,0x7186,4,Rlfb,,unknown
29102,0x71AE,4,RkMb,,unknown
29160,0x71E8,4,Rlq8,,unknown
29165,0x71ED,4,Rlfb,,unknown
29205,0x7215,4,RkMb,,unknown
29245,0x723D,4,N)CH,,unknown
29263,0x724F,4,Rlq8,,unknown
29268,0x7254,4,Rlfb,,unknown
29308,0x727C,4,RkMb,,unknown
29349,0x72A5,4,O)Cz,,unknown
29364,0x72B4,4,Rlfb,,unknown
29404,0x72DC,4,RkM.,,unknown
29422,0x72EE,21,UN_UNDEADKILLCHAIN_64,,unknown
29450,0x730A,22,UN_UNDEADKILLCHAIN_128,,unknown
29789,0x745D,4,A)BH,,unknown
29807,0x746F,4,Rlq8,,unknown
29812,0x7474,4,Rlfb,,unknown
29867,0x74AB,4,RkMb,,unknown
29875,0x74B3,4,Rlf8,,unknown
29987,0x7523,4,Rlq8,,unknown
29992,0x7528,4,Rlfb,,unknown
30032,0x7550,4,RkMb,,unknown
30040,0x7558,4,Rlf8,,unknown
30112,0x75A0,4,Rlq8,,unknown
30117,0x75A5,4,Rlfb,,unknown
30158,0x75CE,4,RkMb,,unknown
30166,0x75D6,4,Rlf8,,unknown
30219,0x760B,4,D)CH,,unknown
30238,0x761E,4,Rlq8,,unknown
30243,0x7623,4,Rlfb,,unknown
30284,0x764C,4,RkMb,,unknown
30292,0x7654,4,Rlf8,,unknown
30346,0x768A,4,E)Cz,,unknown
30397,0x76BD,4,RkMb,,unknown
30440,0x76E8,17,UN_UNDEADKILLS_64,,unknown
30464,0x7700,18,UN_UNDEADKILLS_128,,unknown
30571,0x776B,4,Rwuc,,unknown
30739,0x7813,6,Zombie,,unknown
30756,0x7824,6,Zombie,,unknown
30866,0x7892,6,&g2)Cz,,unknown
30917,0x78C5,6,&u2)Cz,,unknown
30986,0x790A,4,2)Cz,,unknown
31099,0x797B,6,&S2)BH,,unknown
31152,0x79B0,6,&a2)BH,,unknown
31205,0x79E5,6,&o2)BH,,unknown
31258,0x7A1A,6,&}2)BH,,unknown
31313,0x7A51,4,2)BH,,unknown
31366,0x7A86,4,2)BH,,unknown
31455,0x7ADF,22,DEATH_EFFECT_HS_MASTER,,unknown
31510,0x7B16,19,DEATH_EFFECT_MASTER,,unknown
31545,0x7B39,5,R{=z-,,unknown
31597,0x7B6D,5,R{qz-,,unknown
31774,0x7C1E,5,_info,,unknown
31802,0x7C3A,4,_num,,unknown
31835,0x7C5B,8,PVP_num2,,unknown
31866,0x7C7A,8,PVP_num3,,unknown
31905,0x7CA1,4,Rn0c,,unknown
31917,0x7CAD,4,RlA.,,unknown
31950,0x7CCE,6,%.Oxz5,,debug/display text
31973,0x7CE5,7,Drowned,,unknown
32017,0x7D11,7,BledOut,,unknown
32261,0x7E05,5,XpHud,,unknown
32293,0x7E25,5,XpHud,,unknown
32317,0x7E3D,4,R~Kb,,unknown
32326,0x7E46,4,R51+,,unknown
32497,0x7EF1,15,xp_wanted_combo,,likely logic anchor
32514,0x7F02,5,R51+b,,unknown
32524,0x7F0C,5,R51+b,,unknown
32534,0x7F16,4,R51+,,unknown
32667,0x7F9B,12,XPMultiplier,,unknown
32685,0x7FAD,12,XPComboTimer,,unknown
32703,0x7FBF,11,XpComboSpin,,unknown
32728,0x7FD8,11,XpComboSpin,,unknown
32756,0x7FF4,5,R?O@2,,debug/display text
32770,0x8002,24,HUD_MP_KILL_RISER_MASTER,,unknown
32812,0x802C,5,"R4,z-",,unknown
32833,0x8041,9,KillBonus,,unknown
32862,0x805E,14,KillBonusClass,,unknown
32905,0x8089,16,XP_class_special,,unknown
33000,0x80E8,11,Common_Null,,unknown
33136,0x8170,9,KillBonus,,unknown
33332,0x8234,4,;%(9,,debug/display text
33402,0x827A,8,xp_combo,,unknown
33428,0x8294,14,KillBonusClass,,unknown
33471,0x82BF,16,XP_class_special,,unknown
33526,0x82F6,19,Generic_Dbuffer32_0,,unknown
33548,0x830C,17,XP_Class_headshot,,unknown
33594,0x833A,19,Generic_Dbuffer32_0,,unknown
34260,0x85D4,16,challenge_01_128,,unknown
34350,0x862E,4,"RI,.",,unknown
34363,0x863B,13,COOP_icon_128,,unknown
35000,0x88B8,20,SC_AA_Pikes_Icon_128,,unknown
35028,0x88D4,21,SC_AA_Mercer_Icon_128,,unknown
35057,0x88F1,21,SC_AA_Tesoro_Icon_128,,unknown
35086,0x890E,23,SC_AA_Gaptooth_Icon_128,,unknown
35117,0x892D,24,SC_AA_TwinRocks_Icon_128,,unknown
35149,0x894D,23,SC_AA_Nosalida_Icon_128,,unknown
35180,0x896C,13,COOP_icon_128,,unknown
35209,0x8989,24,MULTIPLAYER_THUNK_MASTER,,unknown
35239,0x89A7,6,mp_hud,,unknown
35248,0x89B0,11,Reticle.Hit,,unknown
35267,0x89C3,6,mp_hud,,unknown
35276,0x89CC,15,Reticle.Refresh,,unknown
35299,0x89E3,6,mp_hud,,unknown
35308,0x89EC,7,Refresh,,unknown
35432,0x8A68,4,R&V9,,unknown
35520,0x8AC0,4,R Qb,,debug/display text
35536,0x8AD0,4,=(m ,,debug/display text
35542,0x8AD6,4,R Qb,,debug/display text
35564,0x8AEC,4,R Qb,,debug/display text
35615,0x8B1F,4,R Q8,,debug/display text
35849,0x8C09,5,"R4,A ",,debug/display text
35865,0x8C19,9,xp_disarm,,unknown
35894,0x8C36,9,xp_disarm,,unknown
36048,0x8CD0,5,"R4,A ",,debug/display text
36064,0x8CE0,10,xp_hatshot,,unknown
36094,0x8CFE,10,xp_hatshot,,unknown
36189,0x8D5D,4,R Q8,,debug/display text
36200,0x8D68,4,R Q8,,debug/display text
36211,0x8D73,4,R Q8,,debug/display text
36223,0x8D7F,4,R Q8,,debug/display text
36236,0x8D8C,4,R Q8,,debug/display text
36248,0x8D98,4,R Q8,,debug/display text
36258,0x8DA2,6,% R Q8,,debug/display text
36274,0x8DB2,4,R Q8,,debug/display text
36522,0x8EAA,4,"Pf%,",,debug/display text
36534,0x8EB6,10,Formations,,unknown
36556,0x8ECC,10,Formations,,unknown
36573,0x8EDD,7,"Qf%Pf%,",,debug/display text
36586,0x8EEA,6,"~Pf%,B",,debug/display text
36609,0x8F01,4,Pf%8,,debug/display text
36620,0x8F0C,7,"Pf%,A ,",,debug/display text
36801,0x8FC1,8,MPReward,,unknown
36899,0x9023,15,MPRewardItem.s1,,unknown
36917,0x9035,4,",D!o",,debug/display text
36922,0x903A,13,MPRewardTitle,,unknown
36936,0x9048,4,",B""L",,unknown
37071,0x90CF,4,left,,unknown
37151,0x911F,4,R?=j,,debug/display text
37201,0x9151,15,MPRewardItem.s1,,unknown
37225,0x9169,4,",D!M",,debug/display text
37244,0x917C,13,MPRankTexture,,unknown
37260,0x918C,4,",D#o",,unknown
37265,0x9191,13,MPRankTexture,,unknown
37279,0x919F,4,",B""o",,unknown
37284,0x91A4,13,MPRewardTitle,,unknown
37298,0x91B2,4,",B""M",,unknown
37320,0x91C8,22,HUD_MENU_RESUME_MASTER,,unknown
37440,0x9240,16,XP_Weapon_Unlock,,unknown
37542,0x92A6,15,XP_Horse_Unlock,,unknown
37569,0x92C1,4,",C$R",,unknown
37680,0x9330,18,XP_Playlist_Unlock,,unknown
37773,0x938D,18,XP_Playlist_Unlock,,unknown
37837,0x93CD,23,XP_PVP_Challenge_Unlock,,unknown
37905,0x9411,22,XP_FM_Challenge_Unlock,,unknown
38003,0x9473,16,XP_Avatar_Unlock,,unknown
38067,0x94B3,20,XP_PassingIntoLegend,,unknown
38116,0x94E4,19,HUD_MP_OUTRO_MASTER,,unknown
38292,0x9594,4,",C%,",,debug/display text
38370,0x95E2,9,*=L%$1++8,,debug/display text
38382,0x95EE,4,",E&c",,unknown
38418,0x9612,20,HUD_MP_UNLOCK_MASTER,,unknown
38452,0x9634,20,Generic_Dbuffer128_1,,unknown
38490,0x965A,15,MPRewardItem.s0,,unknown
38508,0x966C,20,Generic_Dbuffer128_1,,unknown
38529,0x9681,4,",D!b",,debug/display text
38537,0x9689,15,MPRewardItem.s0,,unknown
38555,0x969B,4,",D!o",,debug/display text
38560,0x96A0,15,MPRewardItem.s0,,unknown
38581,0x96B5,15,MPRewardItem.s0,,unknown
38631,0x96E7,4,R Q8,,debug/display text
38649,0x96F9,21,DISABLE_HORSE_WHISTLE,,likely logic anchor
38682,0x971A,21,DISABLE_HORSE_WHISTLE,,likely logic anchor
38706,0x9732,4,4+~-,,unknown
38784,0x9780,61,o<ERROR: Trying to UNPAUSE a TIMER that has not been started!,,debug/display text
38849,0x97C1,81,oQWARNING: Trying to UNPAUSE a TIMER that has not been started! IGNORING COMMAND.,,debug/display text
39039,0x987F,7,POD2ST1,,unknown
39050,0x988A,7,POD2ST2,,unknown
39061,0x9895,7,POD2ST3,,unknown
39072,0x98A0,7,POD2ST4,,unknown
39083,0x98AB,7,POD2ST5,,unknown
39094,0x98B6,7,POD2ST6,,unknown
39105,0x98C1,7,POD2ST7,,unknown
39116,0x98CC,7,POD2ST8,,unknown
39127,0x98D7,7,POD2ST9,,unknown
39138,0x98E2,7,POD2ST0,,unknown
39168,0x9900,15,XP_Unlock_Level,,unknown
39195,0x991B,18,XP_Unlock_LevelCap,,unknown
39221,0x9935,8,MPSplash,,unknown
39230,0x993E,4,",C'c",,unknown
39245,0x994D,11,Common_Null,,unknown
39259,0x995B,22,HUD_MP_LEVEL_UP_MASTER,,unknown
39291,0x997B,15,MPRewardItem.s1,,unknown
39314,0x9992,4,",D!o",,debug/display text
39319,0x9997,15,MPRewardItem.s1,,unknown
39352,0x99B8,13,MPRankTexture,,unknown
39368,0x99C8,4,",D(b",,unknown
39376,0x99D0,13,MPRankTexture,,unknown
39392,0x99E0,4,",D#o",,unknown
39397,0x99E5,13,MPRewardTitle,,unknown
39413,0x99F5,4,",D!8",,debug/display text
39424,0x9A00,15,MPRewardItem.s0,,unknown
39442,0x9A12,4,",D)b",,unknown
39450,0x9A1A,15,MPRewardItem.s0,,unknown
39468,0x9A2C,4,",D!o",,debug/display text
39473,0x9A31,8,MPReward,,unknown
39487,0x9A3F,15,MPRewardItem.s0,,unknown
39508,0x9A54,13,MPRewardTitle,,unknown
39524,0x9A64,4,",D*o",,unknown
39529,0x9A69,15,MPRewardItem.s0,,unknown
39545,0x9A79,4,",B""o",,unknown
39550,0x9A7E,15,MPRewardItem.s1,,unknown
39571,0x9A93,15,MPRewardItem.s1,,unknown
39589,0x9AA5,11,Common_Null,,unknown
39601,0x9AB1,4,",D!8",,debug/display text
39655,0x9AE7,59,o:ERROR: Trying to PAUSE a TIMER that has not been started!,,debug/display text
39718,0x9B26,79,oOWARNING: Trying to PAUSE a TIMER that has not been started! IGNORING COMMAND.,,debug/display text
39832,0x9B98,14,HudSceneOnline,,unknown
39995,0x9C3B,8,MPReward,,unknown
40071,0x9C87,12,CQueue_Count,,unknown
40115,0x9CB3,4,"Rei,",,unknown
40215,0x9D17,8,ignoreMe,,unknown
40226,0x9D22,20,mp_challengeComplete,,unknown
40249,0x9D39,8,ignoreMe,,unknown
40260,0x9D44,23,HUD_MP_CHALLENGE_MASTER,,unknown
40330,0x9D8A,5,R51+b,,unknown
40384,0x9DC0,4,R51+,,unknown
40446,0x9DFE,19,HUD_MP_OUTRO_MASTER,,unknown
40487,0x9E27,5,R 5~-,,debug/display text
40549,0x9E65,4,"Rei,",,unknown
40629,0x9EB5,12,CQueue_Count,,unknown
40677,0x9EE5,12,CQueue_Count,,unknown
40715,0x9F0B,12,CQueue_Count,,unknown
40751,0x9F2F,5,R Q~-,,debug/display text
40848,0x9F90,14,HudSceneOnline,,unknown
41430,0xA1D6,5,"u>, c",,debug/display text
41470,0xA1FE,5,"u>, c",,debug/display text
41615,0xA28F,9,AM_MAPHLP,,unknown
41660,0xA2BC,4,"u>,R",,unknown
41672,0xA2C8,7,_mp_des,,unknown
41707,0xA2EB,4,_des,,unknown
41721,0xA2F9,4,_des,,unknown
41747,0xA313,5,"u>, c",,debug/display text
41861,0xA385,5,"u>, c",,debug/display text
41886,0xA39E,14,_DYNAMIC_TITLE,,unknown
41933,0xA3CD,14,_DYNAMIC_TITLE,,unknown
41969,0xA3F1,5,"u>, c",,debug/display text
42019,0xA423,5,"u>, c",,debug/display text
42059,0xA44B,4,N+~-,,unknown
42078,0xA45E,8,_INTSLOT,,unknown
42123,0xA48B,49,o0AM_STORE_INT: failed to store int value in slot,,debug/display text
42185,0xA4C9,22,AmbientMissions_Layout,,likely logic anchor
42224,0xA4F0,22,AmbientMissions_Layout,,likely logic anchor
44376,0xAD58,4,R&V9,,unknown
44428,0xAD8C,4,RIU8,,unknown
44698,0xAE9A,7,"&""$,D+8",,unknown
45086,0xB01E,4,Rank,,unknown
45093,0xB025,4,",D,o",,unknown
45098,0xB02A,7,MpLevel,,unknown
45112,0xB038,5,",F-z-",,unknown
45130,0xB04A,5,R Q~-,,debug/display text
45207,0xB097,9,*=L%$1++8,,debug/display text
45219,0xB0A3,4,",E&c",,unknown
45249,0xB0C1,4,",D.8",,unknown
45256,0xB0C8,6,",E/+~-",,unknown
45396,0xB154,83,[oQINVALID HORSE PASSED IN TO GET_MOUNT_INDEX! GIVING AE_RIDEABLE_ANIMAL_MEX_Mule01,,debug/display text
45529,0xB1D9,4,%@R!,,debug/display text
45635,0xB243,7,",F,C0{-",,unknown
45678,0xB26E,4,",C$j",,unknown
45683,0xB273,6,",Fr@~-",,unknown
45695,0xB27F,4,",C1n",,unknown
45732,0xB2A4,4,"/,E2",,unknown
45751,0xB2B7,5,"/,C39",,unknown
45788,0xB2DC,4,",J48",,unknown
45883,0xB33B,7,",D5R&V8",,unknown
45898,0xB34A,4,R&V8,,unknown
45919,0xB35F,4,R&V8,,unknown
45924,0xB364,4,",C38",,unknown
45985,0xB3A1,11,XPComboSpin,,unknown
45997,0xB3AD,6,",C8)=L",,unknown
46011,0xB3BB,12,XpComboTimer,,unknown
46037,0xB3D5,12,XpComboTimer,,unknown
46055,0xB3E7,12,XPComboLevel,,unknown
46077,0xB3FD,4,",D!j",,debug/display text
46161,0xB451,4,R5}+,,unknown
46192,0xB470,12,XPMultiplier,,unknown
46210,0xB482,24,HUD_MP_KILL_CHAIN_MASTER,,unknown
46295,0xB4D7,14,NetEventLayout,,event/task name
46326,0xB4F6,14,NetEventLayout,,event/task name
46380,0xB52C,4,+%Nm,,debug/display text
46390,0xB536,4,+%Qm,,debug/display text
46452,0xB574,16,net_aa_completed,,unknown
46520,0xB5B8,14,INVALID REGION,,debug/display text
46565,0xB5E5,4,",C9c",,unknown
46580,0xB5F4,4,",C:7",,unknown
46644,0xB634,8,v_region,,unknown
46669,0xB64D,4,",C9c",,unknown
46684,0xB65C,4,",C:7",,unknown
46779,0xB6BB,18,net_player_entered,,unknown
46821,0xB6E5,4,z+~-,,unknown
46886,0xB726,19,mp_killstreak_ended,,unknown
46935,0xB757,17,GENMESS_SWEETJUST,,unknown
46974,0xB77E,5,R51+b,,unknown
46983,0xB787,20,mp_killstreak_level1,,unknown
47014,0xB7A6,20,mp_killstreak_level2,,unknown
47045,0xB7C5,20,mp_killstreak_level3,,unknown
47223,0xB877,16,deathmsg_suicide,,unknown
47395,0xB923,16,deathmsg_bledout,,unknown
47427,0xB943,16,deathmsg_drowned,,unknown
47459,0xB963,17,deathmsg_cactused,,unknown
47492,0xB984,17,deathmsg_exploded,,unknown
47525,0xB9A5,14,deathmsg_fired,,unknown
47567,0xB9CF,8,Defended,,unknown
47583,0xB9DF,11,mp_defended,,unknown
47625,0xBA09,9,Vengeance,,unknown
47642,0xBA1A,12,mp_vengeance,,unknown
47678,0xBA3E,6,",C1%,d",,debug/display text
47688,0xBA48,15,deathmsg_sniped,,likely logic anchor
47750,0xBA86,19,deathmsg_teamkilled,,unknown
47805,0xBABD,16,deathmsg_stabbed,,unknown
47851,0xBAEB,14,deathmsg_throw,,unknown
47895,0xBB17,8,deathmsg,,unknown
47936,0xBB40,4,",C1n",,unknown
47982,0xBB6E,15,deathmsg_pistol,,unknown
48013,0xBB8D,14,deathmsg_rifle,,unknown
48043,0xBBAB,8,deathmsg,,unknown
48077,0xBBCD,13,deathmsg_head,,unknown
48111,0xBBEF,8,deathmsg,,unknown
48133,0xBC05,4,9#A@,,unknown
48140,0xBC0C,4,"/9""7",,unknown
48390,0xBD06,4,"r%""O",,debug/display text
48466,0xBD52,4,&%*O,,debug/display text
48781,0xBE8D,4,?%1O,,debug/display text
48816,0xBEB0,4,_%2O,,debug/display text
48851,0xBED3,4,g%4O,,debug/display text
48936,0xBF28,4,".%0,",,debug/display text
48976,0xBF50,4,"x%0,",,debug/display text
49003,0xBF6B,4,",C<R",,unknown
49071,0xBFAF,4,a%7O,,debug/display text
49128,0xBFE8,20,GENMESS_LOCALKILLSMW,,unknown
49162,0xC00A,5,R51+b,,unknown
49187,0xC023,5,R51+b,,unknown
49224,0xC048,5,R51+b,,unknown
49238,0xC056,4,"48""c",,unknown
49418,0xC10A,11,deathmsg_ko,,unknown
49458,0xC132,9,mp_assist,,unknown
49480,0xC148,16,GENMESS_BADBLOOD,,unknown
49559,0xC197,4,7&37,,unknown
49610,0xC1CA,4,7.37,,unknown
49629,0xC1DD,4,E8#7,,unknown
49670,0xC206,4,7637,,unknown
49713,0xC231,16,MP_PlayerNameCM_,,unknown
49750,0xC256,15,mp_death_expert,,unknown
49773,0xC26D,15,mp_death_casual,,unknown
49802,0xC28A,34,Mo <0xAA3311>WWWWWWWWWWWWWWWW</0x>,,debug/display text
49880,0xC2D8,21,MP_PlayerNameMounted_,,unknown
49924,0xC304,13,mp_death_mule,,unknown
49952,0xC320,14,mp_death_horse,,unknown
49981,0xC33D,13,mp_death_bull,,unknown
50002,0xC352,14,mp_death_mount,,unknown
50039,0xC377,16,WWWWWWWWWWWWWWWW,,unknown
50292,0xC474,4,Rht%,,debug/display text
50334,0xC49E,16,challenge_01_128,,unknown
50380,0xC4CC,4,"RI,.",,unknown
50393,0xC4D9,19,MP_Revenge_Icon_128,,unknown
50468,0xC524,5,0&92R,,unknown
50494,0xC53E,16,challenge_04_128,,unknown
50645,0xC5D5,4,%7Rn,,debug/display text
50676,0xC5F4,5,0&72R,,unknown
50690,0xC602,4,#%77,,debug/display text
50704,0xC610,4,&27O,,unknown
50725,0xC625,5,"rRI,b",,unknown
50731,0xC62B,4,C%7O,,debug/display text
50744,0xC638,4,6%7O,,debug/display text
50818,0xC682,16,challenge_01_128,,unknown
50914,0xC6E2,4,"RI,.",,unknown
51021,0xC74D,4,%8Rn,,debug/display text
51038,0xC75E,6,%#Ro 9,,debug/display text
51065,0xC779,5,0&82R,,unknown
51097,0xC799,4,0%87,,debug/display text
51125,0xC7B5,5,"rRI,b",,unknown
51188,0xC7F4,4,Kill,,unknown
51200,0xC800,9,Kill_meth,,unknown
51217,0xC811,10,Kill_MyPos,,unknown
51237,0xC825,10,Kill_ViPos,,unknown
51314,0xC872,4,",N=.",,unknown
51374,0xC8AE,4,4`?|,,debug/display text
51386,0xC8BA,20,challenge_01lvl2_128,,unknown
51411,0xC8D3,16,challenge_01_128,,unknown
51586,0xC982,4,%2)B,,debug/display text
51593,0xC989,4,%d)C,,debug/display text
51632,0xC9B0,5,%2)C/,,debug/display text
51639,0xC9B7,5,%d)Cz,,debug/display text
51670,0xC9D6,4,%2)B,,debug/display text
51677,0xC9DD,4,%d)C,,debug/display text
51715,0xCA03,5,%2)C/,,debug/display text
51722,0xCA0A,5,%d)Cz,,debug/display text
51753,0xCA29,4,%2)B,,debug/display text
51760,0xCA30,4,%d)C,,debug/display text
51799,0xCA57,5,%2)C/,,debug/display text
51806,0xCA5E,5,%d)Cz,,debug/display text
51837,0xCA7D,4,%2)B,,debug/display text
51844,0xCA84,4,%d)C,,debug/display text
51883,0xCAAB,5,%2)C/,,debug/display text
51890,0xCAB2,5,%d)Cz,,debug/display text
51921,0xCAD1,4,%2)B,,debug/display text
51928,0xCAD8,4,%d)C,,debug/display text
51967,0xCAFF,5,%2)C/,,debug/display text
51974,0xCB06,5,%d)Cz,,debug/display text
52005,0xCB25,4,%2)B,,debug/display text
52012,0xCB2C,4,%d)C,,debug/display text
52051,0xCB53,5,%2)C/,,debug/display text
52058,0xCB5A,5,%d)Cz,,debug/display text
52089,0xCB79,4,%2)B,,debug/display text
52096,0xCB80,4,%d)C,,debug/display text
52135,0xCBA7,5,%2)C/,,debug/display text
52142,0xCBAE,5,%d)Cz,,debug/display text
52173,0xCBCD,4,%2)B,,debug/display text
52180,0xCBD4,4,%d)C,,debug/display text
52219,0xCBFB,5,%2)C/,,debug/display text
52226,0xCC02,5,%d)Cz,,debug/display text
52257,0xCC21,4,%2)B,,debug/display text
52264,0xCC28,4,%d)C,,debug/display text
52303,0xCC4F,5,%2)C/,,debug/display text
52310,0xCC56,5,%d)Cz,,debug/display text
52341,0xCC75,4,%2)B,,debug/display text
52348,0xCC7C,4,%d)C,,debug/display text
52387,0xCCA3,5,%2)C/,,debug/display text
52394,0xCCAA,5,%d)Cz,,debug/display text
52425,0xCCC9,4,%2)B,,debug/display text
52432,0xCCD0,4,%d)C,,debug/display text
52471,0xCCF7,5,%2)C/,,debug/display text
52478,0xCCFE,5,%d)Cz,,debug/display text
52509,0xCD1D,4,%2)B,,debug/display text
52516,0xCD24,4,%d)C,,debug/display text
52555,0xCD4B,5,%2)C/,,debug/display text
52562,0xCD52,5,%d)Cz,,debug/display text
52593,0xCD71,4,%2)B,,debug/display text
52600,0xCD78,4,%d)C,,debug/display text
52639,0xCD9F,5,%2)C/,,debug/display text
52646,0xCDA6,5,%d)Cz,,debug/display text
52677,0xCDC5,4,%2)B,,debug/display text
52684,0xCDCC,4,%d)C,,debug/display text
52723,0xCDF3,5,%2)C/,,debug/display text
52730,0xCDFA,5,%d)Cz,,debug/display text
52761,0xCE19,4,%2)B,,debug/display text
52768,0xCE20,4,%d)C,,debug/display text
52807,0xCE47,5,%2)C/,,debug/display text
52814,0xCE4E,5,%d)Cz,,debug/display text
52845,0xCE6D,4,%2)B,,debug/display text
52852,0xCE74,4,%d)C,,debug/display text
52891,0xCE9B,5,%2)C/,,debug/display text
52898,0xCEA2,5,%d)Cz,,debug/display text
52929,0xCEC1,4,%2)B,,debug/display text
52936,0xCEC8,4,%d)C,,debug/display text
52975,0xCEEF,5,%2)C/,,debug/display text
52982,0xCEF6,5,%d)Cz,,debug/display text
53013,0xCF15,4,%2)B,,debug/display text
53020,0xCF1C,4,%d)C,,debug/display text
53059,0xCF43,5,%2)C/,,debug/display text
53066,0xCF4A,5,%d)Cz,,debug/display text
53097,0xCF69,4,%2)B,,debug/display text
53104,0xCF70,4,%d)C,,debug/display text
53143,0xCF97,5,%2)C/,,debug/display text
53150,0xCF9E,5,%d)Cz,,debug/display text
53181,0xCFBD,4,%2)B,,debug/display text
53188,0xCFC4,4,%d)C,,debug/display text
53227,0xCFEB,5,%2)C/,,debug/display text
53234,0xCFF2,5,%d)Cz,,debug/display text
53272,0xD018,5,%2)Cz,,debug/display text
53310,0xD03E,5,%2)Cz,,debug/display text
53742,0xD1EE,5,_info,,unknown
53770,0xD20A,4,_num,,unknown
53803,0xD22B,8,PVP_num2,,unknown
53834,0xD24A,8,PVP_num3,,unknown
53876,0xD274,4,RlAb,,unknown
53896,0xD288,5,"u>, c",,debug/display text
53905,0xD291,8,_info_mp,,unknown
53923,0xD2A3,5,_info,,unknown
53941,0xD2B5,6,AM_num,,unknown
53981,0xD2DD,6,AM_num,,unknown
54021,0xD305,6,AM_num,,unknown
54072,0xD338,4,RlA.,,unknown
54126,0xD36E,86,eoTDivide by zero attempt in MP_WEAPON_CHALLENGE_LEVEL_START.... ya thats bad bail out,,debug/display text
54267,0xD3FB,16,challenge_01_128,,unknown
54368,0xD460,4,"RX,b",,unknown
54381,0xD46D,5,RIUz-,,unknown
54398,0xD47E,4,"u>,c",,unknown
54475,0xD4CB,8,_INTSLOT,,unknown
54545,0xD511,10,_FLOATSLOT,,unknown
54592,0xD540,5,"u>, c",,debug/display text
54660,0xD584,10,_TIMERSLOT,,unknown
54729,0xD5C9,11,_OBJECTSLOT,,unknown
54796,0xD60C,5,"u>, c",,debug/display text
54853,0xD645,5,"u>, c",,debug/display text
54941,0xD69D,16,challenge_01_128,,unknown
55011,0xD6E3,5,"u>, c",,debug/display text
55122,0xD752,13,_DYNAMIC_GOAL,,unknown
55157,0xD775,5,"u>, c",,debug/display text
55238,0xD7C6,4,R&V8,,unknown
55654,0xD966,86,eoTDivide by zero attempt in MP_WEAPON_CHALLENGE_LEVEL_START.... ya thats bad bail out,,debug/display text
55774,0xD9DE,4,Rht8,,unknown
55788,0xD9EC,16,challenge_01_128,,unknown
55809,0xDA01,4,/Re~,,unknown
55852,0xDA2C,4,"RI,.",,unknown
55867,0xDA3B,4,Rht%,,debug/display text
55916,0xDA6C,16,challenge_01_128,,unknown
56045,0xDAED,5,}%3Rn,,debug/display text
56154,0xDB5A,4,&%38,,debug/display text
56266,0xDBCA,4,%1Rn,,debug/display text
56374,0xDC36,4,&%38,,debug/display text
56486,0xDCA6,4,%3Rn,,debug/display text
56693,0xDD75,24,MP_HeavyWeapons_Icon_128,,unknown
56790,0xDDD6,4,%4Rn,,debug/display text
56978,0xDE92,4,%2Rn,,debug/display text
57058,0xDEE2,4,(%28,,debug/display text
57075,0xDEF3,4,&2dR,,unknown
57138,0xDF32,5,)%1Rn,,debug/display text
57219,0xDF83,4,(%28,,debug/display text
57300,0xDFD4,4,%2Rn,,debug/display text
57482,0xE08A,4,%1Rn,,debug/display text
57554,0xE0D2,4,(%18,,debug/display text
57571,0xE0E3,4,&2dR,,unknown
57635,0xE123,4,%1Rn,,debug/display text
57707,0xE16B,4,(%18,,debug/display text
57788,0xE1BC,4,%1Rn,,debug/display text
57967,0xE26F,4,>(m@,,unknown
58094,0xE2EE,21,MP_TrickShot_Icon_128,,unknown
58169,0xE339,5,"R&V,C",,unknown
58242,0xE382,4,&ddR,,unknown
58319,0xE3CF,5,"R&V,C",,unknown
58669,0xE52D,4,"R&V,",,unknown
58742,0xE576,4,&2dR,,unknown
58819,0xE5C3,4,"R&V,",,unknown
58969,0xE659,4,"R&V,",,unknown
59091,0xE6D3,16,MP_TDM2_Icon_128,,unknown
59429,0xE825,6,",C?)?@",,debug/display text
59548,0xE89C,20,Killstreak2_icon_128,,unknown
59623,0xE8E7,5,"*R&V,",,unknown
59771,0xE97B,5,"*R&V,",,unknown
60231,0xEB47,4,%*Rn,,debug/display text
60310,0xEB96,4,&%*8,,debug/display text
60387,0xEBE3,5,'%*Rn,,debug/display text
60468,0xEC34,4,&%*8,,debug/display text
60547,0xEC83,4,%*Rn,,debug/display text
60693,0xED15,23,MP_GrabtheBag2_Icon_128,,unknown
60749,0xED4D,4,%&Rn,,debug/display text
60906,0xEDEA,23,MP_HoldYourOwn_Icon_128,,unknown
60974,0xEE2E,4,"%""Rn",,debug/display text
61053,0xEE7D,4,"&%""8",,debug/display text
61130,0xEECA,5,"'%""Rn",,debug/display text
61211,0xEF1B,4,"&%""8",,debug/display text
61290,0xEF6A,4,"%""Rn",,debug/display text
61477,0xF025,6,%#Ro 9,,debug/display text
61611,0xF0AB,6,%#Ro 9,,debug/display text
61720,0xF118,6,%#Ro 9,,debug/display text
61831,0xF187,6,%#Ro 9,,debug/display text
61950,0xF1FE,6,%#Ro 9,,debug/display text
62084,0xF284,6,%#Ro 9,,debug/display text
62193,0xF2F1,6,%#Ro 9,,debug/display text
62302,0xF35E,6,%#Ro 9,,debug/display text
62378,0xF3AA,22,MP_KillStreak_Icon_128,,unknown
62421,0xF3D5,6,%#Ro 9,,debug/display text
62436,0xF3E4,22,mp_killstreak_personal,,unknown
62459,0xF3FB,6,"%#Ro ,",,debug/display text
62497,0xF421,16,GENMESS_TRIGRHAP,,unknown
62532,0xF444,15,GENMESS_BIGGUNS,,unknown
62566,0xF466,22,GENMESS_STONECOLDKILLA,,unknown
62704,0xF4F0,4,">,m@",,unknown
62718,0xF4FE,15,deathmsg_ZOMBIE,,unknown
62948,0xF5E4,18,deathmsg_ARMADILLO,,unknown
62973,0xF5FD,12,deathmsg_BAT,,unknown
62992,0xF610,13,deathmsg_BEAR,,unknown
63012,0xF624,15,deathmsg_BEAVER,,unknown
63034,0xF63A,16,deathmsg_BIGHORN,,unknown
63057,0xF651,13,deathmsg_BOAR,,unknown
63077,0xF665,15,deathmsg_BOBCAT,,unknown
63099,0xF67B,16,deathmsg_BUFFALO,,unknown
63122,0xF692,13,deathmsg_BULL,,unknown
63142,0xF6A6,16,deathmsg_CHICKEN,,unknown
63165,0xF6BD,15,deathmsg_COUGAR,,unknown
63187,0xF6D3,12,deathmsg_COW,,unknown
63206,0xF6E6,15,deathmsg_COYOTE,,unknown
63228,0xF6FC,13,deathmsg_CROW,,unknown
63248,0xF710,13,deathmsg_DEER,,unknown
63268,0xF724,12,deathmsg_DOG,,unknown
63287,0xF737,13,deathmsg_DUCK,,unknown
63307,0xF74B,14,deathmsg_EAGLE,,unknown
63328,0xF760,12,deathmsg_ELK,,unknown
63347,0xF773,12,deathmsg_FOX,,unknown
63366,0xF786,13,deathmsg_GOAT,,unknown
63386,0xF79A,13,deathmsg_HAWK,,unknown
63406,0xF7AE,14,deathmsg_HORSE,,unknown
63427,0xF7C3,13,deathmsg_MULE,,unknown
63447,0xF7D7,12,deathmsg_OWL,,unknown
63466,0xF7EA,12,deathmsg_PIG,,unknown
63485,0xF7FD,15,deathmsg_RABBIT,,unknown
63507,0xF813,16,deathmsg_RACCOON,,unknown
63530,0xF82A,14,deathmsg_SKUNK,,unknown
63551,0xF83F,14,deathmsg_SNAKE,,unknown
63572,0xF854,17,deathmsg_SONGBIRD,,unknown
63596,0xF86C,18,deathmsg_STREETDOG,,unknown
63621,0xF885,16,deathmsg_VULTURE,,unknown
63644,0xF89C,13,deathmsg_WOLF,,unknown
63664,0xF8B0,15,deathmsg_animal,,event/task name
63690,0xF8CA,4,">,m@",,unknown
63718,0xF8E6,15,deathmsg_ZOMBIE,,unknown
63852,0xF96C,22,deathmsg_BOUNTY_HUNTER,,unknown
63881,0xF989,18,deathmsg_BYSTANDER,,unknown
63906,0xF9A2,25,deathmsg_INDIAN_BYSTANDER,,unknown
63938,0xF9C2,26,deathmsg_MEXICAN_BYSTANDER,,unknown
63971,0xF9E3,22,deathmsg_U_S_BYSTANDER,,unknown
64000,0xFA00,23,deathmsg_CATTLE_RUSTLER,,unknown
64030,0xFA1E,22,deathmsg_DRUNK_N_DIRTY,,unknown
64059,0xFA3B,25,deathmsg_GENERIC_CRIMINAL,,unknown
64091,0xFA5B,24,deathmsg_MEXICAN_BANDITO,,unknown
64122,0xFA7A,18,deathmsg_SMUGGLERS,,unknown
64147,0xFA93,24,deathmsg_TREASURE_HUNTER,,unknown
64178,0xFAB2,22,deathmsg_INDIAN_RAIDER,,unknown
64207,0xFACF,12,deathmsg_LAW,,likely logic anchor
64226,0xFAE2,20,deathmsg_MEXICAN_LAW,,likely logic anchor
64253,0xFAFD,22,deathmsg_MEXICAN_REBEL,,unknown
64282,0xFB1A,24,deathmsg_MEXICAN_SOLDIER,,unknown
64313,0xFB39,17,deathmsg_somebody,,unknown
64490,0xFBEA,5,",EA+b",,unknown
64506,0xFBFA,4,",BB8",,unknown
64513,0xFC01,21,crateMultiplayer_open,,unknown
64567,0xFC37,24,LOCKER_OPEN_QUICK_MASTER,,unknown
64616,0xFC68,4,",CC9",,unknown
64631,0xFC77,4,",BD8",,unknown
64636,0xFC7C,4,",CC9",,unknown
64651,0xFC8B,4,",BDb",,unknown
64703,0xFCBF,4,",EE9",,unknown
64725,0xFCD5,4,",EF9",,unknown
64752,0xFCF0,11,MPItemGiver,,unknown
64777,0xFD09,6,"z+,AGc",,unknown
64796,0xFD1C,5,+R?O9,,debug/display text
64866,0xFD62,5,"0,C:7",,unknown
64891,0xFD7B,4,",CH7",,unknown
64896,0xFD80,5,= r b,,debug/display text
64908,0xFD8C,4,= r ,,debug/display text
65070,0xFE2E,24,net_player_found_xpbonus,,unknown
65141,0xFE75,12,DLC_AA_award,,unknown
65295,0xFF0F,6,",ir@~-",,unknown
65408,0xFF80,4,1++8,,unknown
65423,0xFF8F,7,Rezzing,,unknown
65431,0xFF97,61,"o<Emergency Revival recv'd from Player #%s (%s), for #%s (%s)",,debug/display text
67747,0x108A3,5, W&OY,,debug/display text
67880,0x10928,4,IZQj,,unknown
67966,0x1097E,4, 1+_,,debug/display text
68024,0x109B8,5,3u.J<,,unknown
68309,0x10AD5,4,c J(,,debug/display text
68379,0x10B1B,6,@9&#/Y,,unknown
68511,0x10B9F,4,s>G%,,debug/display text
68796,0x10CBC,4,1#y[,,debug/display text
68815,0x10CCF,4,0a$N,,unknown
68855,0x10CF7,4,"jhK,",,unknown
69043,0x10DB3,4,1++8,,unknown
69082,0x10DDA,9,mp_rezzed,,unknown
69130,0x10E0A,4,">,m@",,unknown
69145,0x10E19,20,MPCOOP_PLAYERREVIVED,,unknown
69175,0x10E37,17,UN_Narr2_Previved,,unknown
69259,0x10E8B,6,&C2)Cz,,unknown
69337,0x10ED9,4,REfb,,unknown
69384,0x10F08,9,R&V%&Ro %,,debug/display text
69394,0x10F12,7,Ro REfb,,debug/display text
69431,0x10F37,18,R&V%&Ro %'Ro REf~-,,debug/display text
69465,0x10F59,10,GENERAL MP,,debug/display text
69476,0x10F64,49,"o0############ DITCH ORDER RECEIVED FROM #%s, %s!",,debug/display text
69554,0x10FB2,16,title_xplvl_0_ui,,unknown
69732,0x11064,4,blah,,unknown
69737,0x11069,4,",EJ9",,unknown
