script,anchor_offset,string_offset,length,string,relative_index
medium_update_thread.wsc,55421,53631,16,rsdROAD_frb_road,0
medium_update_thread.wsc,55421,53655,20,rsdROAD_fom_frb_road,1
medium_update_thread.wsc,55421,53683,20,rsdGPSTRAIL_curve221,2
medium_update_thread.wsc,55421,53720,13,butterBridgeB,3
medium_update_thread.wsc,55421,53739,13,butterBridgeD,4
medium_update_thread.wsc,55421,53758,13,butterBridgeC,5
medium_update_thread.wsc,55421,53777,13,butterBridgeA,6
medium_update_thread.wsc,55421,53796,29,rsdGPSTRAIL_butterBridge_path,7
medium_update_thread.wsc,55421,53836,13,butterBridgeB,8
medium_update_thread.wsc,55421,53855,13,butterBridgeA,9
medium_update_thread.wsc,55421,53874,13,butterBridgeD,10
medium_update_thread.wsc,55421,53893,13,butterBridgeC,11
medium_update_thread.wsc,55421,53912,29,rsdGPSTRAIL_butterBridge_path,12
medium_update_thread.wsc,55421,53958,13,butterBridgeA,13
medium_update_thread.wsc,55421,53977,13,butterBridgeD,14
medium_update_thread.wsc,55421,53996,13,butterBridgeC,15
medium_update_thread.wsc,55421,54015,13,butterBridgeB,16
medium_update_thread.wsc,55421,54034,29,rsdGPSTRAIL_butterBridge_path,17
medium_update_thread.wsc,55421,54074,13,butterBridgeB,18
medium_update_thread.wsc,55421,54093,13,butterBridgeA,19
medium_update_thread.wsc,55421,54112,13,butterBridgeC,20
medium_update_thread.wsc,55421,54131,13,butterBridgeD,21
medium_update_thread.wsc,55421,54150,29,rsdGPSTRAIL_butterBridge_path,22
medium_update_thread.wsc,55421,54196,13,butterBridgeB,23
medium_update_thread.wsc,55421,54215,13,butterBridgeD,24
medium_update_thread.wsc,55421,54234,13,butterBridgeC,25
medium_update_thread.wsc,55421,54253,13,butterBridgeA,26
medium_update_thread.wsc,55421,54272,29,rsdGPSTRAIL_butterBridge_path,27
medium_update_thread.wsc,55421,54312,13,butterBridgeB,28
medium_update_thread.wsc,55421,54331,13,butterBridgeA,29
medium_update_thread.wsc,55421,54350,13,butterBridgeC,30
medium_update_thread.wsc,55421,54369,13,butterBridgeD,31
medium_update_thread.wsc,55421,54388,29,rsdGPSTRAIL_butterBridge_path,32
medium_update_thread.wsc,55421,54434,16,tannersSpanAfter,33
medium_update_thread.wsc,55421,54456,17,tannersSpanBefore,34
medium_update_thread.wsc,55421,54482,16,tannersSpanAfter,35
medium_update_thread.wsc,55421,54504,17,tannersSpanBefore,36
medium_update_thread.wsc,55421,54536,18,dixonCrossingAfter,37
medium_update_thread.wsc,55421,54560,19,dixonCrossingBefore,38
medium_update_thread.wsc,55421,54585,20,rsdROAD_thi_blk_road,39
medium_update_thread.wsc,55421,54613,34,rsdROAD_thi_blk_roaddetachedCurve2,40
medium_update_thread.wsc,55421,54655,20,rsdGPSTRAIL_curve124,41
medium_update_thread.wsc,55421,54683,20,rsdGPSTRAIL_curve132,42
medium_update_thread.wsc,55421,54714,18,dixonCrossingAfter,43
medium_update_thread.wsc,55421,54738,19,dixonCrossingBefore,44
medium_update_thread.wsc,55421,54763,20,rsdROAD_thi_blk_road,45
medium_update_thread.wsc,55421,54791,34,rsdROAD_thi_blk_roaddetachedCurve2,46
medium_update_thread.wsc,55421,54833,20,rsdGPSTRAIL_curve124,47
medium_update_thread.wsc,55421,54861,20,rsdGPSTRAIL_curve132,48
medium_update_thread.wsc,55421,54892,11,hen_barn02x,49
medium_update_thread.wsc,55421,54909,18,hen_barn02props01x,50
medium_update_thread.wsc,55421,54933,11,hen_barn01x,51
medium_update_thread.wsc,55421,54950,18,hen_barn01props01x,52
medium_update_thread.wsc,55421,54980,16,campoMiradaAfter,53
medium_update_thread.wsc,55421,55002,17,campoMiradaBefore,54
medium_update_thread.wsc,55421,55034,19,fronteraBridgeAfter,55
medium_update_thread.wsc,55421,55059,20,fronteraBridgeBefore,56
medium_update_thread.wsc,55421,55088,19,fronteraBridgeAfter,57
medium_update_thread.wsc,55421,55113,20,fronteraBridgeBefore,58
medium_update_thread.wsc,55421,55142,12,fod_gates01x,59
medium_update_thread.wsc,55421,55160,12,fod_gates02x,60
medium_update_thread.wsc,55421,55178,19,fod_gates02Doors01x,61
medium_update_thread.wsc,55421,55215,16,masonBridgeAfter,62
medium_update_thread.wsc,55421,55237,17,masonBridgeBefore,63
medium_update_thread.wsc,55421,55263,16,masonBridgeAfter,64
medium_update_thread.wsc,55421,55285,17,masonBridgeBefore,65
medium_update_thread.wsc,55421,55317,18,lmf_troughAfter01x,66
medium_update_thread.wsc,55421,55341,19,lmf_troughBefore01x,67
medium_update_thread.wsc,55421,55369,18,lmf_troughAfter01x,68
medium_update_thread.wsc,55421,55393,19,lmf_troughBefore01x,69
medium_update_thread.wsc,55421,55421,11,morningStar,70
medium_update_thread.wsc,55421,55438,19,blk_barge01Props01x,71
medium_update_thread.wsc,55421,55463,12,blk_barge01x,72
medium_update_thread.wsc,55421,55481,24,blk_theatre_int_Props01x,73
medium_update_thread.wsc,55421,55511,19,blk_theatre_int_01x,74
medium_update_thread.wsc,55421,55536,23,blk_bank01_int_Props02x,75
medium_update_thread.wsc,55421,55565,16,blk_bank_int_02x,76
medium_update_thread.wsc,55421,55587,22,blk_bank_int_shade_02x,77
medium_update_thread.wsc,55421,55615,27,blk_cityHall01_int_Props01x,78
medium_update_thread.wsc,55421,55648,20,blk_cityHall_int_01x,79
medium_update_thread.wsc,55421,55674,32,blk_policeStation01_int_props02x,80
medium_update_thread.wsc,55421,55712,25,blk_policeStation_int_02x,81
medium_update_thread.wsc,55421,55743,32,blk_policeStation01_int_props01x,82
medium_update_thread.wsc,55421,55781,25,blk_policeStation_int_01x,83
medium_update_thread.wsc,55421,55812,31,blk_policeStation_int_shades01x,84
medium_update_thread.wsc,55421,55849,27,blk_blacksmith_int_Props01x,85
medium_update_thread.wsc,55421,55882,22,blk_blacksmith_int_01x,86
medium_update_thread.wsc,55421,55910,23,blk_church_int_Props01x,87
medium_update_thread.wsc,55421,55939,18,blk_church_int_01x,88
medium_update_thread.wsc,55421,55963,30,blk_doctorsOffice_int_Props01x,89
medium_update_thread.wsc,55421,55999,25,blk_doctorsOffice_int_01x,90
medium_update_thread.wsc,55421,56030,33,blk_freightstation01_int_Props01x,91
medium_update_thread.wsc,55421,56069,26,blk_freightstation_int_01x,92
medium_update_thread.wsc,55421,56101,29,blk_generalStore_int_Props01x,93
medium_update_thread.wsc,55421,56136,29,blk_generalStore_int_Props02x,94
medium_update_thread.wsc,55421,56171,24,blk_generalStore_int_01x,95
medium_update_thread.wsc,55421,56201,25,blk_tailor01_int_Props01x,96
medium_update_thread.wsc,55421,56232,18,blk_tailor_int_01x,97
medium_update_thread.wsc,55421,56256,29,blk_trainstation_int_Props01x,98
medium_update_thread.wsc,55421,56291,24,blk_trainstation_int_01x,99
medium_update_thread.wsc,55421,56321,24,blk_gunshop_int_Props01x,100
medium_update_thread.wsc,55421,56351,19,blk_gunshop_int_01x,101
medium_update_thread.wsc,55421,56376,25,blk_theatre_int_shade_01x,102
medium_update_thread.wsc,55421,56407,30,blk_generalStore_int_shade_01x,103
medium_update_thread.wsc,55421,56443,24,blk_tailor_int_shade_01x,104
medium_update_thread.wsc,55421,56473,31,blk_doctorsOffice_int_shade_01x,105
medium_update_thread.wsc,55421,56510,27,blk_forgeMill_int_shade_01x,106
medium_update_thread.wsc,55421,56543,25,blk_sawMill_int_shade_01x,107
medium_update_thread.wsc,55421,56574,32,blk_freightstation_int_shade_01x,108
medium_update_thread.wsc,55421,56612,28,blk_blacksmith_int_shade_01x,109
medium_update_thread.wsc,55421,56646,26,blk_cityHall_int_shade_01x,110
medium_update_thread.wsc,55421,56678,22,blk_bank_int_shade_01x,111
medium_update_thread.wsc,55421,56706,29,mor_morningStar_int_shade_01x,112
medium_update_thread.wsc,55421,56741,25,blk_gunshop_int_shade_01x,113
medium_update_thread.wsc,55421,56772,23,blk_saloon_int_Props01x,114
medium_update_thread.wsc,55421,56801,18,blk_saloon_int_01x,115
medium_update_thread.wsc,55421,56825,24,blk_hotel01_int_Props01x,116
medium_update_thread.wsc,55421,56855,17,blk_hotel_int_01x,117
medium_update_thread.wsc,55421,56878,23,blk_hotel_int_shade_01x,118
medium_update_thread.wsc,55421,56907,29,blk_trainstation_int_Props01x,119
medium_update_thread.wsc,55421,56942,24,blk_trainstation_int_01x,120
medium_update_thread.wsc,55421,56972,30,mor_morningStar01_int_Props01x,121
medium_update_thread.wsc,55421,57008,23,mor_morningStar_int_01x,122
medium_update_thread.wsc,55421,57037,29,mor_morningStar_int_shade_01x,123
medium_update_thread.wsc,55421,57075,19,rwf_barn01xprops01x,124
medium_update_thread.wsc,55421,57100,19,rwf_barn01xprops02x,125
medium_update_thread.wsc,55421,57125,24,rwf_livingRoom01props01x,126
medium_update_thread.wsc,55421,57155,24,rwf_livingRoom01props02x,127
medium_update_thread.wsc,55421,57188,11,beh_silo01x,128
medium_update_thread.wsc,55421,57205,11,beh_silo02x,129
medium_update_thread.wsc,55421,57231,12,beh_house02x,130
medium_update_thread.wsc,55421,57249,19,beh_house02props01x,131
medium_update_thread.wsc,55421,57274,12,beh_house01x,132
medium_update_thread.wsc,55421,57292,19,beh_house01props01x,133
medium_update_thread.wsc,55421,57320,12,beh_house02x,134
medium_update_thread.wsc,55421,57338,19,beh_house02props01x,135
medium_update_thread.wsc,55421,57363,12,beh_house01x,136
medium_update_thread.wsc,55421,57381,19,beh_house01props01x,137
medium_update_thread.wsc,55421,57409,19,tor_militaryCamp01x,138
medium_update_thread.wsc,55421,57434,19,tor_militaryCamp02x,139
medium_update_thread.wsc,55421,57459,13,sp_mexArmy03x,140
medium_update_thread.wsc,55421,57481,16,esc_villaWall05x,141
medium_update_thread.wsc,55421,57503,16,esc_villaWall04x,142
medium_update_thread.wsc,55421,57525,11,sp_rebel05x,143
medium_update_thread.wsc,55421,57545,6,icarus,144
medium_update_thread.wsc,55421,57560,24,chu_gatlingBreakables01x,145
medium_update_thread.wsc,55421,57590,24,lsh_gatlingBreakables01x,146
medium_update_thread.wsc,56706,54909,18,hen_barn02props01x,0
medium_update_thread.wsc,56706,54933,11,hen_barn01x,1
medium_update_thread.wsc,56706,54950,18,hen_barn01props01x,2
medium_update_thread.wsc,56706,54980,16,campoMiradaAfter,3
medium_update_thread.wsc,56706,55002,17,campoMiradaBefore,4
medium_update_thread.wsc,56706,55034,19,fronteraBridgeAfter,5
medium_update_thread.wsc,56706,55059,20,fronteraBridgeBefore,6
medium_update_thread.wsc,56706,55088,19,fronteraBridgeAfter,7
medium_update_thread.wsc,56706,55113,20,fronteraBridgeBefore,8
medium_update_thread.wsc,56706,55142,12,fod_gates01x,9
medium_update_thread.wsc,56706,55160,12,fod_gates02x,10
medium_update_thread.wsc,56706,55178,19,fod_gates02Doors01x,11
medium_update_thread.wsc,56706,55215,16,masonBridgeAfter,12
medium_update_thread.wsc,56706,55237,17,masonBridgeBefore,13
medium_update_thread.wsc,56706,55263,16,masonBridgeAfter,14
medium_update_thread.wsc,56706,55285,17,masonBridgeBefore,15
medium_update_thread.wsc,56706,55317,18,lmf_troughAfter01x,16
medium_update_thread.wsc,56706,55341,19,lmf_troughBefore01x,17
medium_update_thread.wsc,56706,55369,18,lmf_troughAfter01x,18
medium_update_thread.wsc,56706,55393,19,lmf_troughBefore01x,19
medium_update_thread.wsc,56706,55421,11,morningStar,20
medium_update_thread.wsc,56706,55438,19,blk_barge01Props01x,21
medium_update_thread.wsc,56706,55463,12,blk_barge01x,22
medium_update_thread.wsc,56706,55481,24,blk_theatre_int_Props01x,23
medium_update_thread.wsc,56706,55511,19,blk_theatre_int_01x,24
medium_update_thread.wsc,56706,55536,23,blk_bank01_int_Props02x,25
medium_update_thread.wsc,56706,55565,16,blk_bank_int_02x,26
medium_update_thread.wsc,56706,55587,22,blk_bank_int_shade_02x,27
medium_update_thread.wsc,56706,55615,27,blk_cityHall01_int_Props01x,28
medium_update_thread.wsc,56706,55648,20,blk_cityHall_int_01x,29
medium_update_thread.wsc,56706,55674,32,blk_policeStation01_int_props02x,30
medium_update_thread.wsc,56706,55712,25,blk_policeStation_int_02x,31
medium_update_thread.wsc,56706,55743,32,blk_policeStation01_int_props01x,32
medium_update_thread.wsc,56706,55781,25,blk_policeStation_int_01x,33
medium_update_thread.wsc,56706,55812,31,blk_policeStation_int_shades01x,34
medium_update_thread.wsc,56706,55849,27,blk_blacksmith_int_Props01x,35
medium_update_thread.wsc,56706,55882,22,blk_blacksmith_int_01x,36
medium_update_thread.wsc,56706,55910,23,blk_church_int_Props01x,37
medium_update_thread.wsc,56706,55939,18,blk_church_int_01x,38
medium_update_thread.wsc,56706,55963,30,blk_doctorsOffice_int_Props01x,39
medium_update_thread.wsc,56706,55999,25,blk_doctorsOffice_int_01x,40
medium_update_thread.wsc,56706,56030,33,blk_freightstation01_int_Props01x,41
medium_update_thread.wsc,56706,56069,26,blk_freightstation_int_01x,42
medium_update_thread.wsc,56706,56101,29,blk_generalStore_int_Props01x,43
medium_update_thread.wsc,56706,56136,29,blk_generalStore_int_Props02x,44
medium_update_thread.wsc,56706,56171,24,blk_generalStore_int_01x,45
medium_update_thread.wsc,56706,56201,25,blk_tailor01_int_Props01x,46
medium_update_thread.wsc,56706,56232,18,blk_tailor_int_01x,47
medium_update_thread.wsc,56706,56256,29,blk_trainstation_int_Props01x,48
medium_update_thread.wsc,56706,56291,24,blk_trainstation_int_01x,49
medium_update_thread.wsc,56706,56321,24,blk_gunshop_int_Props01x,50
medium_update_thread.wsc,56706,56351,19,blk_gunshop_int_01x,51
medium_update_thread.wsc,56706,56376,25,blk_theatre_int_shade_01x,52
medium_update_thread.wsc,56706,56407,30,blk_generalStore_int_shade_01x,53
medium_update_thread.wsc,56706,56443,24,blk_tailor_int_shade_01x,54
medium_update_thread.wsc,56706,56473,31,blk_doctorsOffice_int_shade_01x,55
medium_update_thread.wsc,56706,56510,27,blk_forgeMill_int_shade_01x,56
medium_update_thread.wsc,56706,56543,25,blk_sawMill_int_shade_01x,57
medium_update_thread.wsc,56706,56574,32,blk_freightstation_int_shade_01x,58
medium_update_thread.wsc,56706,56612,28,blk_blacksmith_int_shade_01x,59
medium_update_thread.wsc,56706,56646,26,blk_cityHall_int_shade_01x,60
medium_update_thread.wsc,56706,56678,22,blk_bank_int_shade_01x,61
medium_update_thread.wsc,56706,56706,29,mor_morningStar_int_shade_01x,62
medium_update_thread.wsc,56706,56741,25,blk_gunshop_int_shade_01x,63
medium_update_thread.wsc,56706,56772,23,blk_saloon_int_Props01x,64
medium_update_thread.wsc,56706,56801,18,blk_saloon_int_01x,65
medium_update_thread.wsc,56706,56825,24,blk_hotel01_int_Props01x,66
medium_update_thread.wsc,56706,56855,17,blk_hotel_int_01x,67
medium_update_thread.wsc,56706,56878,23,blk_hotel_int_shade_01x,68
medium_update_thread.wsc,56706,56907,29,blk_trainstation_int_Props01x,69
medium_update_thread.wsc,56706,56942,24,blk_trainstation_int_01x,70
medium_update_thread.wsc,56706,56972,30,mor_morningStar01_int_Props01x,71
medium_update_thread.wsc,56706,57008,23,mor_morningStar_int_01x,72
medium_update_thread.wsc,56706,57037,29,mor_morningStar_int_shade_01x,73
medium_update_thread.wsc,56706,57075,19,rwf_barn01xprops01x,74
medium_update_thread.wsc,56706,57100,19,rwf_barn01xprops02x,75
medium_update_thread.wsc,56706,57125,24,rwf_livingRoom01props01x,76
medium_update_thread.wsc,56706,57155,24,rwf_livingRoom01props02x,77
medium_update_thread.wsc,56706,57188,11,beh_silo01x,78
medium_update_thread.wsc,56706,57205,11,beh_silo02x,79
medium_update_thread.wsc,56706,57231,12,beh_house02x,80
medium_update_thread.wsc,56706,57249,19,beh_house02props01x,81
medium_update_thread.wsc,56706,57274,12,beh_house01x,82
medium_update_thread.wsc,56706,57292,19,beh_house01props01x,83
medium_update_thread.wsc,56706,57320,12,beh_house02x,84
medium_update_thread.wsc,56706,57338,19,beh_house02props01x,85
medium_update_thread.wsc,56706,57363,12,beh_house01x,86
medium_update_thread.wsc,56706,57381,19,beh_house01props01x,87
medium_update_thread.wsc,56706,57409,19,tor_militaryCamp01x,88
medium_update_thread.wsc,56706,57434,19,tor_militaryCamp02x,89
medium_update_thread.wsc,56706,57459,13,sp_mexArmy03x,90
medium_update_thread.wsc,56706,57481,16,esc_villaWall05x,91
medium_update_thread.wsc,56706,57503,16,esc_villaWall04x,92
medium_update_thread.wsc,56706,57525,11,sp_rebel05x,93
medium_update_thread.wsc,56706,57545,6,icarus,94
medium_update_thread.wsc,56706,57560,24,chu_gatlingBreakables01x,95
medium_update_thread.wsc,56706,57590,24,lsh_gatlingBreakables01x,96
medium_update_thread.wsc,56706,57623,12,sp_anthro01x,97
medium_update_thread.wsc,56706,57644,12,beh_grave01x,98
medium_update_thread.wsc,56706,57662,12,beh_grave02x,99
medium_update_thread.wsc,56706,57680,12,beh_grave03x,100
medium_update_thread.wsc,56706,57701,24,rsdGPSTRAIL_elm_cas_path,101
medium_update_thread.wsc,56706,57736,20,rsdGPSTRAIL_curve495,102
medium_update_thread.wsc,56706,57767,39,rsdGPSTRAIL_elm_cas_pathdetachedCurve12,103
medium_update_thread.wsc,56706,57817,39,rsdGPSTRAIL_elm_cas_pathdetachedCurve13,104
medium_update_thread.wsc,56706,57867,25,rsdGPSTRAIL_elm_cas_loop1,105
medium_update_thread.wsc,56706,57903,36,rsdTRAIL_cas_ram_pathdetachedCurve10,106
medium_update_thread.wsc,56706,57950,35,rsdTRAIL_cas_ram_pathdetachedCurve8,107
medium_update_thread.wsc,56706,57996,35,rsdTRAIL_cas_ram_pathdetachedCurve6,108
medium_update_thread.wsc,56706,58042,35,rsdTRAIL_las_nos_pathdetachedCurve2,109
medium_update_thread.wsc,56706,58086,51,o2rsdROAD_las_esc_roaddetachedCurve10detachedCurve1,110
medium_update_thread.wsc,56706,58148,16,rsdTRAIL_curve44,111
medium_update_thread.wsc,56706,58175,35,rsdROAD_las_esc_roaddetachedCurve18,112
medium_update_thread.wsc,56706,58221,35,rsdTRAIL_cas_ram_pathdetachedCurve2,113
medium_update_thread.wsc,56706,58265,51,o2rsdTRAIL_cas_ram_pathdetachedCurve4detachedCurve2,114
medium_update_thread.wsc,56706,58327,30,rsdROAD_las_roaddetachedCurve4,115
medium_update_thread.wsc,56706,58368,30,rsdROAD_las_roaddetachedCurve2,116
medium_update_thread.wsc,56706,58409,15,rsdROAD_curve69,117
medium_update_thread.wsc,56706,58435,16,rsdROAD_las_road,118
medium_update_thread.wsc,56706,58462,16,rsdROAD_frb_road,119
medium_update_thread.wsc,56706,58489,19,rsdGPSTRAIL_curve98,120
medium_update_thread.wsc,56706,58517,53,o4rsdGPSROAD_elm_cas_roaddetachedCurve4detachedCurve2,121
medium_update_thread.wsc,56706,58581,37,rsdGPSROAD_elm_cas_roaddetachedCurve4,122
medium_update_thread.wsc,56706,58627,57,o8rsdGPSTRAIL_elm_loop01_pathdetachedCurve2detachedCurve2,123
medium_update_thread.wsc,56706,58695,20,rsdGPSTRAIL_curve634,124
medium_update_thread.wsc,56706,58726,20,rsdGPSTRAIL_curve635,125
medium_update_thread.wsc,56706,58757,20,rsdGPSTRAIL_curve636,126
medium_update_thread.wsc,56706,58788,17,rsdTRAIL_curve637,127
medium_update_thread.wsc,56706,58816,17,rsdTRAIL_curve638,128
medium_update_thread.wsc,56706,58844,38,rsdTRAIL_cas_loop04_pathdetachedCurve2,129
medium_update_thread.wsc,56706,58893,16,rsdTRAIL_curve70,130
medium_update_thread.wsc,56972,55178,19,fod_gates02Doors01x,0
medium_update_thread.wsc,56972,55215,16,masonBridgeAfter,1
medium_update_thread.wsc,56972,55237,17,masonBridgeBefore,2
medium_update_thread.wsc,56972,55263,16,masonBridgeAfter,3
medium_update_thread.wsc,56972,55285,17,masonBridgeBefore,4
medium_update_thread.wsc,56972,55317,18,lmf_troughAfter01x,5
medium_update_thread.wsc,56972,55341,19,lmf_troughBefore01x,6
medium_update_thread.wsc,56972,55369,18,lmf_troughAfter01x,7
medium_update_thread.wsc,56972,55393,19,lmf_troughBefore01x,8
medium_update_thread.wsc,56972,55421,11,morningStar,9
medium_update_thread.wsc,56972,55438,19,blk_barge01Props01x,10
medium_update_thread.wsc,56972,55463,12,blk_barge01x,11
medium_update_thread.wsc,56972,55481,24,blk_theatre_int_Props01x,12
medium_update_thread.wsc,56972,55511,19,blk_theatre_int_01x,13
medium_update_thread.wsc,56972,55536,23,blk_bank01_int_Props02x,14
medium_update_thread.wsc,56972,55565,16,blk_bank_int_02x,15
medium_update_thread.wsc,56972,55587,22,blk_bank_int_shade_02x,16
medium_update_thread.wsc,56972,55615,27,blk_cityHall01_int_Props01x,17
medium_update_thread.wsc,56972,55648,20,blk_cityHall_int_01x,18
medium_update_thread.wsc,56972,55674,32,blk_policeStation01_int_props02x,19
medium_update_thread.wsc,56972,55712,25,blk_policeStation_int_02x,20
medium_update_thread.wsc,56972,55743,32,blk_policeStation01_int_props01x,21
medium_update_thread.wsc,56972,55781,25,blk_policeStation_int_01x,22
medium_update_thread.wsc,56972,55812,31,blk_policeStation_int_shades01x,23
medium_update_thread.wsc,56972,55849,27,blk_blacksmith_int_Props01x,24
medium_update_thread.wsc,56972,55882,22,blk_blacksmith_int_01x,25
medium_update_thread.wsc,56972,55910,23,blk_church_int_Props01x,26
medium_update_thread.wsc,56972,55939,18,blk_church_int_01x,27
medium_update_thread.wsc,56972,55963,30,blk_doctorsOffice_int_Props01x,28
medium_update_thread.wsc,56972,55999,25,blk_doctorsOffice_int_01x,29
medium_update_thread.wsc,56972,56030,33,blk_freightstation01_int_Props01x,30
medium_update_thread.wsc,56972,56069,26,blk_freightstation_int_01x,31
medium_update_thread.wsc,56972,56101,29,blk_generalStore_int_Props01x,32
medium_update_thread.wsc,56972,56136,29,blk_generalStore_int_Props02x,33
medium_update_thread.wsc,56972,56171,24,blk_generalStore_int_01x,34
medium_update_thread.wsc,56972,56201,25,blk_tailor01_int_Props01x,35
medium_update_thread.wsc,56972,56232,18,blk_tailor_int_01x,36
medium_update_thread.wsc,56972,56256,29,blk_trainstation_int_Props01x,37
medium_update_thread.wsc,56972,56291,24,blk_trainstation_int_01x,38
medium_update_thread.wsc,56972,56321,24,blk_gunshop_int_Props01x,39
medium_update_thread.wsc,56972,56351,19,blk_gunshop_int_01x,40
medium_update_thread.wsc,56972,56376,25,blk_theatre_int_shade_01x,41
medium_update_thread.wsc,56972,56407,30,blk_generalStore_int_shade_01x,42
medium_update_thread.wsc,56972,56443,24,blk_tailor_int_shade_01x,43
medium_update_thread.wsc,56972,56473,31,blk_doctorsOffice_int_shade_01x,44
medium_update_thread.wsc,56972,56510,27,blk_forgeMill_int_shade_01x,45
medium_update_thread.wsc,56972,56543,25,blk_sawMill_int_shade_01x,46
medium_update_thread.wsc,56972,56574,32,blk_freightstation_int_shade_01x,47
medium_update_thread.wsc,56972,56612,28,blk_blacksmith_int_shade_01x,48
medium_update_thread.wsc,56972,56646,26,blk_cityHall_int_shade_01x,49
medium_update_thread.wsc,56972,56678,22,blk_bank_int_shade_01x,50
medium_update_thread.wsc,56972,56706,29,mor_morningStar_int_shade_01x,51
medium_update_thread.wsc,56972,56741,25,blk_gunshop_int_shade_01x,52
medium_update_thread.wsc,56972,56772,23,blk_saloon_int_Props01x,53
medium_update_thread.wsc,56972,56801,18,blk_saloon_int_01x,54
medium_update_thread.wsc,56972,56825,24,blk_hotel01_int_Props01x,55
medium_update_thread.wsc,56972,56855,17,blk_hotel_int_01x,56
medium_update_thread.wsc,56972,56878,23,blk_hotel_int_shade_01x,57
medium_update_thread.wsc,56972,56907,29,blk_trainstation_int_Props01x,58
medium_update_thread.wsc,56972,56942,24,blk_trainstation_int_01x,59
medium_update_thread.wsc,56972,56972,30,mor_morningStar01_int_Props01x,60
medium_update_thread.wsc,56972,57008,23,mor_morningStar_int_01x,61
medium_update_thread.wsc,56972,57037,29,mor_morningStar_int_shade_01x,62
medium_update_thread.wsc,56972,57075,19,rwf_barn01xprops01x,63
medium_update_thread.wsc,56972,57100,19,rwf_barn01xprops02x,64
medium_update_thread.wsc,56972,57125,24,rwf_livingRoom01props01x,65
medium_update_thread.wsc,56972,57155,24,rwf_livingRoom01props02x,66
medium_update_thread.wsc,56972,57188,11,beh_silo01x,67
medium_update_thread.wsc,56972,57205,11,beh_silo02x,68
medium_update_thread.wsc,56972,57231,12,beh_house02x,69
medium_update_thread.wsc,56972,57249,19,beh_house02props01x,70
medium_update_thread.wsc,56972,57274,12,beh_house01x,71
medium_update_thread.wsc,56972,57292,19,beh_house01props01x,72
medium_update_thread.wsc,56972,57320,12,beh_house02x,73
medium_update_thread.wsc,56972,57338,19,beh_house02props01x,74
medium_update_thread.wsc,56972,57363,12,beh_house01x,75
medium_update_thread.wsc,56972,57381,19,beh_house01props01x,76
medium_update_thread.wsc,56972,57409,19,tor_militaryCamp01x,77
medium_update_thread.wsc,56972,57434,19,tor_militaryCamp02x,78
medium_update_thread.wsc,56972,57459,13,sp_mexArmy03x,79
medium_update_thread.wsc,56972,57481,16,esc_villaWall05x,80
medium_update_thread.wsc,56972,57503,16,esc_villaWall04x,81
medium_update_thread.wsc,56972,57525,11,sp_rebel05x,82
medium_update_thread.wsc,56972,57545,6,icarus,83
medium_update_thread.wsc,56972,57560,24,chu_gatlingBreakables01x,84
medium_update_thread.wsc,56972,57590,24,lsh_gatlingBreakables01x,85
medium_update_thread.wsc,56972,57623,12,sp_anthro01x,86
medium_update_thread.wsc,56972,57644,12,beh_grave01x,87
medium_update_thread.wsc,56972,57662,12,beh_grave02x,88
medium_update_thread.wsc,56972,57680,12,beh_grave03x,89
medium_update_thread.wsc,56972,57701,24,rsdGPSTRAIL_elm_cas_path,90
medium_update_thread.wsc,56972,57736,20,rsdGPSTRAIL_curve495,91
medium_update_thread.wsc,56972,57767,39,rsdGPSTRAIL_elm_cas_pathdetachedCurve12,92
medium_update_thread.wsc,56972,57817,39,rsdGPSTRAIL_elm_cas_pathdetachedCurve13,93
medium_update_thread.wsc,56972,57867,25,rsdGPSTRAIL_elm_cas_loop1,94
medium_update_thread.wsc,56972,57903,36,rsdTRAIL_cas_ram_pathdetachedCurve10,95
medium_update_thread.wsc,56972,57950,35,rsdTRAIL_cas_ram_pathdetachedCurve8,96
medium_update_thread.wsc,56972,57996,35,rsdTRAIL_cas_ram_pathdetachedCurve6,97
medium_update_thread.wsc,56972,58042,35,rsdTRAIL_las_nos_pathdetachedCurve2,98
medium_update_thread.wsc,56972,58086,51,o2rsdROAD_las_esc_roaddetachedCurve10detachedCurve1,99
medium_update_thread.wsc,56972,58148,16,rsdTRAIL_curve44,100
medium_update_thread.wsc,56972,58175,35,rsdROAD_las_esc_roaddetachedCurve18,101
medium_update_thread.wsc,56972,58221,35,rsdTRAIL_cas_ram_pathdetachedCurve2,102
medium_update_thread.wsc,56972,58265,51,o2rsdTRAIL_cas_ram_pathdetachedCurve4detachedCurve2,103
medium_update_thread.wsc,56972,58327,30,rsdROAD_las_roaddetachedCurve4,104
medium_update_thread.wsc,56972,58368,30,rsdROAD_las_roaddetachedCurve2,105
medium_update_thread.wsc,56972,58409,15,rsdROAD_curve69,106
medium_update_thread.wsc,56972,58435,16,rsdROAD_las_road,107
medium_update_thread.wsc,56972,58462,16,rsdROAD_frb_road,108
medium_update_thread.wsc,56972,58489,19,rsdGPSTRAIL_curve98,109
medium_update_thread.wsc,56972,58517,53,o4rsdGPSROAD_elm_cas_roaddetachedCurve4detachedCurve2,110
medium_update_thread.wsc,56972,58581,37,rsdGPSROAD_elm_cas_roaddetachedCurve4,111
medium_update_thread.wsc,56972,58627,57,o8rsdGPSTRAIL_elm_loop01_pathdetachedCurve2detachedCurve2,112
medium_update_thread.wsc,56972,58695,20,rsdGPSTRAIL_curve634,113
medium_update_thread.wsc,56972,58726,20,rsdGPSTRAIL_curve635,114
medium_update_thread.wsc,56972,58757,20,rsdGPSTRAIL_curve636,115
medium_update_thread.wsc,56972,58788,17,rsdTRAIL_curve637,116
medium_update_thread.wsc,56972,58816,17,rsdTRAIL_curve638,117
medium_update_thread.wsc,56972,58844,38,rsdTRAIL_cas_loop04_pathdetachedCurve2,118
medium_update_thread.wsc,56972,58893,16,rsdTRAIL_curve70,119
medium_update_thread.wsc,56972,58920,24,rsdTRAIL_cas_loop04_path,120
medium_update_thread.wsc,56972,58955,38,rsdTRAIL_cas_loop05_pathdetachedCurve4,121
medium_update_thread.wsc,56972,59004,38,rsdTRAIL_cas_loop05_pathdetachedCurve2,122
medium_update_thread.wsc,56972,59051,54,o5rsdTRAIL_cas_loop01_pathdetachedCurve2detachedCurve2,123
medium_update_thread.wsc,56972,59114,82,oQrsdTRAIL_chu_loop01_pathdetachedCurve2detachedCurve2detachedCurve2detachedCurve2,124
medium_update_thread.wsc,57008,55215,16,masonBridgeAfter,0
medium_update_thread.wsc,57008,55237,17,masonBridgeBefore,1
medium_update_thread.wsc,57008,55263,16,masonBridgeAfter,2
medium_update_thread.wsc,57008,55285,17,masonBridgeBefore,3
medium_update_thread.wsc,57008,55317,18,lmf_troughAfter01x,4
medium_update_thread.wsc,57008,55341,19,lmf_troughBefore01x,5
medium_update_thread.wsc,57008,55369,18,lmf_troughAfter01x,6
medium_update_thread.wsc,57008,55393,19,lmf_troughBefore01x,7
medium_update_thread.wsc,57008,55421,11,morningStar,8
medium_update_thread.wsc,57008,55438,19,blk_barge01Props01x,9
medium_update_thread.wsc,57008,55463,12,blk_barge01x,10
medium_update_thread.wsc,57008,55481,24,blk_theatre_int_Props01x,11
medium_update_thread.wsc,57008,55511,19,blk_theatre_int_01x,12
medium_update_thread.wsc,57008,55536,23,blk_bank01_int_Props02x,13
medium_update_thread.wsc,57008,55565,16,blk_bank_int_02x,14
medium_update_thread.wsc,57008,55587,22,blk_bank_int_shade_02x,15
medium_update_thread.wsc,57008,55615,27,blk_cityHall01_int_Props01x,16
medium_update_thread.wsc,57008,55648,20,blk_cityHall_int_01x,17
medium_update_thread.wsc,57008,55674,32,blk_policeStation01_int_props02x,18
medium_update_thread.wsc,57008,55712,25,blk_policeStation_int_02x,19
medium_update_thread.wsc,57008,55743,32,blk_policeStation01_int_props01x,20
medium_update_thread.wsc,57008,55781,25,blk_policeStation_int_01x,21
medium_update_thread.wsc,57008,55812,31,blk_policeStation_int_shades01x,22
medium_update_thread.wsc,57008,55849,27,blk_blacksmith_int_Props01x,23
medium_update_thread.wsc,57008,55882,22,blk_blacksmith_int_01x,24
medium_update_thread.wsc,57008,55910,23,blk_church_int_Props01x,25
medium_update_thread.wsc,57008,55939,18,blk_church_int_01x,26
medium_update_thread.wsc,57008,55963,30,blk_doctorsOffice_int_Props01x,27
medium_update_thread.wsc,57008,55999,25,blk_doctorsOffice_int_01x,28
medium_update_thread.wsc,57008,56030,33,blk_freightstation01_int_Props01x,29
medium_update_thread.wsc,57008,56069,26,blk_freightstation_int_01x,30
medium_update_thread.wsc,57008,56101,29,blk_generalStore_int_Props01x,31
medium_update_thread.wsc,57008,56136,29,blk_generalStore_int_Props02x,32
medium_update_thread.wsc,57008,56171,24,blk_generalStore_int_01x,33
medium_update_thread.wsc,57008,56201,25,blk_tailor01_int_Props01x,34
medium_update_thread.wsc,57008,56232,18,blk_tailor_int_01x,35
medium_update_thread.wsc,57008,56256,29,blk_trainstation_int_Props01x,36
medium_update_thread.wsc,57008,56291,24,blk_trainstation_int_01x,37
medium_update_thread.wsc,57008,56321,24,blk_gunshop_int_Props01x,38
medium_update_thread.wsc,57008,56351,19,blk_gunshop_int_01x,39
medium_update_thread.wsc,57008,56376,25,blk_theatre_int_shade_01x,40
medium_update_thread.wsc,57008,56407,30,blk_generalStore_int_shade_01x,41
medium_update_thread.wsc,57008,56443,24,blk_tailor_int_shade_01x,42
medium_update_thread.wsc,57008,56473,31,blk_doctorsOffice_int_shade_01x,43
medium_update_thread.wsc,57008,56510,27,blk_forgeMill_int_shade_01x,44
medium_update_thread.wsc,57008,56543,25,blk_sawMill_int_shade_01x,45
medium_update_thread.wsc,57008,56574,32,blk_freightstation_int_shade_01x,46
medium_update_thread.wsc,57008,56612,28,blk_blacksmith_int_shade_01x,47
medium_update_thread.wsc,57008,56646,26,blk_cityHall_int_shade_01x,48
medium_update_thread.wsc,57008,56678,22,blk_bank_int_shade_01x,49
medium_update_thread.wsc,57008,56706,29,mor_morningStar_int_shade_01x,50
medium_update_thread.wsc,57008,56741,25,blk_gunshop_int_shade_01x,51
medium_update_thread.wsc,57008,56772,23,blk_saloon_int_Props01x,52
medium_update_thread.wsc,57008,56801,18,blk_saloon_int_01x,53
medium_update_thread.wsc,57008,56825,24,blk_hotel01_int_Props01x,54
medium_update_thread.wsc,57008,56855,17,blk_hotel_int_01x,55
medium_update_thread.wsc,57008,56878,23,blk_hotel_int_shade_01x,56
medium_update_thread.wsc,57008,56907,29,blk_trainstation_int_Props01x,57
medium_update_thread.wsc,57008,56942,24,blk_trainstation_int_01x,58
medium_update_thread.wsc,57008,56972,30,mor_morningStar01_int_Props01x,59
medium_update_thread.wsc,57008,57008,23,mor_morningStar_int_01x,60
medium_update_thread.wsc,57008,57037,29,mor_morningStar_int_shade_01x,61
medium_update_thread.wsc,57008,57075,19,rwf_barn01xprops01x,62
medium_update_thread.wsc,57008,57100,19,rwf_barn01xprops02x,63
medium_update_thread.wsc,57008,57125,24,rwf_livingRoom01props01x,64
medium_update_thread.wsc,57008,57155,24,rwf_livingRoom01props02x,65
medium_update_thread.wsc,57008,57188,11,beh_silo01x,66
medium_update_thread.wsc,57008,57205,11,beh_silo02x,67
medium_update_thread.wsc,57008,57231,12,beh_house02x,68
medium_update_thread.wsc,57008,57249,19,beh_house02props01x,69
medium_update_thread.wsc,57008,57274,12,beh_house01x,70
medium_update_thread.wsc,57008,57292,19,beh_house01props01x,71
medium_update_thread.wsc,57008,57320,12,beh_house02x,72
medium_update_thread.wsc,57008,57338,19,beh_house02props01x,73
medium_update_thread.wsc,57008,57363,12,beh_house01x,74
medium_update_thread.wsc,57008,57381,19,beh_house01props01x,75
medium_update_thread.wsc,57008,57409,19,tor_militaryCamp01x,76
medium_update_thread.wsc,57008,57434,19,tor_militaryCamp02x,77
medium_update_thread.wsc,57008,57459,13,sp_mexArmy03x,78
medium_update_thread.wsc,57008,57481,16,esc_villaWall05x,79
medium_update_thread.wsc,57008,57503,16,esc_villaWall04x,80
medium_update_thread.wsc,57008,57525,11,sp_rebel05x,81
medium_update_thread.wsc,57008,57545,6,icarus,82
medium_update_thread.wsc,57008,57560,24,chu_gatlingBreakables01x,83
medium_update_thread.wsc,57008,57590,24,lsh_gatlingBreakables01x,84
medium_update_thread.wsc,57008,57623,12,sp_anthro01x,85
medium_update_thread.wsc,57008,57644,12,beh_grave01x,86
medium_update_thread.wsc,57008,57662,12,beh_grave02x,87
medium_update_thread.wsc,57008,57680,12,beh_grave03x,88
medium_update_thread.wsc,57008,57701,24,rsdGPSTRAIL_elm_cas_path,89
medium_update_thread.wsc,57008,57736,20,rsdGPSTRAIL_curve495,90
medium_update_thread.wsc,57008,57767,39,rsdGPSTRAIL_elm_cas_pathdetachedCurve12,91
medium_update_thread.wsc,57008,57817,39,rsdGPSTRAIL_elm_cas_pathdetachedCurve13,92
medium_update_thread.wsc,57008,57867,25,rsdGPSTRAIL_elm_cas_loop1,93
medium_update_thread.wsc,57008,57903,36,rsdTRAIL_cas_ram_pathdetachedCurve10,94
medium_update_thread.wsc,57008,57950,35,rsdTRAIL_cas_ram_pathdetachedCurve8,95
medium_update_thread.wsc,57008,57996,35,rsdTRAIL_cas_ram_pathdetachedCurve6,96
medium_update_thread.wsc,57008,58042,35,rsdTRAIL_las_nos_pathdetachedCurve2,97
medium_update_thread.wsc,57008,58086,51,o2rsdROAD_las_esc_roaddetachedCurve10detachedCurve1,98
medium_update_thread.wsc,57008,58148,16,rsdTRAIL_curve44,99
medium_update_thread.wsc,57008,58175,35,rsdROAD_las_esc_roaddetachedCurve18,100
medium_update_thread.wsc,57008,58221,35,rsdTRAIL_cas_ram_pathdetachedCurve2,101
medium_update_thread.wsc,57008,58265,51,o2rsdTRAIL_cas_ram_pathdetachedCurve4detachedCurve2,102
medium_update_thread.wsc,57008,58327,30,rsdROAD_las_roaddetachedCurve4,103
medium_update_thread.wsc,57008,58368,30,rsdROAD_las_roaddetachedCurve2,104
medium_update_thread.wsc,57008,58409,15,rsdROAD_curve69,105
medium_update_thread.wsc,57008,58435,16,rsdROAD_las_road,106
medium_update_thread.wsc,57008,58462,16,rsdROAD_frb_road,107
medium_update_thread.wsc,57008,58489,19,rsdGPSTRAIL_curve98,108
medium_update_thread.wsc,57008,58517,53,o4rsdGPSROAD_elm_cas_roaddetachedCurve4detachedCurve2,109
medium_update_thread.wsc,57008,58581,37,rsdGPSROAD_elm_cas_roaddetachedCurve4,110
medium_update_thread.wsc,57008,58627,57,o8rsdGPSTRAIL_elm_loop01_pathdetachedCurve2detachedCurve2,111
medium_update_thread.wsc,57008,58695,20,rsdGPSTRAIL_curve634,112
medium_update_thread.wsc,57008,58726,20,rsdGPSTRAIL_curve635,113
medium_update_thread.wsc,57008,58757,20,rsdGPSTRAIL_curve636,114
medium_update_thread.wsc,57008,58788,17,rsdTRAIL_curve637,115
medium_update_thread.wsc,57008,58816,17,rsdTRAIL_curve638,116
medium_update_thread.wsc,57008,58844,38,rsdTRAIL_cas_loop04_pathdetachedCurve2,117
medium_update_thread.wsc,57008,58893,16,rsdTRAIL_curve70,118
medium_update_thread.wsc,57008,58920,24,rsdTRAIL_cas_loop04_path,119
medium_update_thread.wsc,57008,58955,38,rsdTRAIL_cas_loop05_pathdetachedCurve4,120
medium_update_thread.wsc,57008,59004,38,rsdTRAIL_cas_loop05_pathdetachedCurve2,121
medium_update_thread.wsc,57008,59051,54,o5rsdTRAIL_cas_loop01_pathdetachedCurve2detachedCurve2,122
medium_update_thread.wsc,57008,59114,82,oQrsdTRAIL_chu_loop01_pathdetachedCurve2detachedCurve2detachedCurve2detachedCurve2,123
medium_update_thread.wsc,57008,59205,68,oCrsdTRAIL_chu_loop01_pathdetachedCurve2detachedCurve2detachedCurve2,124
medium_update_thread.wsc,57037,55237,17,masonBridgeBefore,0
medium_update_thread.wsc,57037,55263,16,masonBridgeAfter,1
medium_update_thread.wsc,57037,55285,17,masonBridgeBefore,2
medium_update_thread.wsc,57037,55317,18,lmf_troughAfter01x,3
medium_update_thread.wsc,57037,55341,19,lmf_troughBefore01x,4
medium_update_thread.wsc,57037,55369,18,lmf_troughAfter01x,5
medium_update_thread.wsc,57037,55393,19,lmf_troughBefore01x,6
medium_update_thread.wsc,57037,55421,11,morningStar,7
medium_update_thread.wsc,57037,55438,19,blk_barge01Props01x,8
medium_update_thread.wsc,57037,55463,12,blk_barge01x,9
medium_update_thread.wsc,57037,55481,24,blk_theatre_int_Props01x,10
medium_update_thread.wsc,57037,55511,19,blk_theatre_int_01x,11
medium_update_thread.wsc,57037,55536,23,blk_bank01_int_Props02x,12
medium_update_thread.wsc,57037,55565,16,blk_bank_int_02x,13
medium_update_thread.wsc,57037,55587,22,blk_bank_int_shade_02x,14
medium_update_thread.wsc,57037,55615,27,blk_cityHall01_int_Props01x,15
medium_update_thread.wsc,57037,55648,20,blk_cityHall_int_01x,16
medium_update_thread.wsc,57037,55674,32,blk_policeStation01_int_props02x,17
medium_update_thread.wsc,57037,55712,25,blk_policeStation_int_02x,18
medium_update_thread.wsc,57037,55743,32,blk_policeStation01_int_props01x,19
medium_update_thread.wsc,57037,55781,25,blk_policeStation_int_01x,20
medium_update_thread.wsc,57037,55812,31,blk_policeStation_int_shades01x,21
medium_update_thread.wsc,57037,55849,27,blk_blacksmith_int_Props01x,22
medium_update_thread.wsc,57037,55882,22,blk_blacksmith_int_01x,23
medium_update_thread.wsc,57037,55910,23,blk_church_int_Props01x,24
medium_update_thread.wsc,57037,55939,18,blk_church_int_01x,25
medium_update_thread.wsc,57037,55963,30,blk_doctorsOffice_int_Props01x,26
medium_update_thread.wsc,57037,55999,25,blk_doctorsOffice_int_01x,27
medium_update_thread.wsc,57037,56030,33,blk_freightstation01_int_Props01x,28
medium_update_thread.wsc,57037,56069,26,blk_freightstation_int_01x,29
medium_update_thread.wsc,57037,56101,29,blk_generalStore_int_Props01x,30
medium_update_thread.wsc,57037,56136,29,blk_generalStore_int_Props02x,31
medium_update_thread.wsc,57037,56171,24,blk_generalStore_int_01x,32
medium_update_thread.wsc,57037,56201,25,blk_tailor01_int_Props01x,33
medium_update_thread.wsc,57037,56232,18,blk_tailor_int_01x,34
medium_update_thread.wsc,57037,56256,29,blk_trainstation_int_Props01x,35
medium_update_thread.wsc,57037,56291,24,blk_trainstation_int_01x,36
medium_update_thread.wsc,57037,56321,24,blk_gunshop_int_Props01x,37
medium_update_thread.wsc,57037,56351,19,blk_gunshop_int_01x,38
medium_update_thread.wsc,57037,56376,25,blk_theatre_int_shade_01x,39
medium_update_thread.wsc,57037,56407,30,blk_generalStore_int_shade_01x,40
medium_update_thread.wsc,57037,56443,24,blk_tailor_int_shade_01x,41
medium_update_thread.wsc,57037,56473,31,blk_doctorsOffice_int_shade_01x,42
medium_update_thread.wsc,57037,56510,27,blk_forgeMill_int_shade_01x,43
medium_update_thread.wsc,57037,56543,25,blk_sawMill_int_shade_01x,44
medium_update_thread.wsc,57037,56574,32,blk_freightstation_int_shade_01x,45
medium_update_thread.wsc,57037,56612,28,blk_blacksmith_int_shade_01x,46
medium_update_thread.wsc,57037,56646,26,blk_cityHall_int_shade_01x,47
medium_update_thread.wsc,57037,56678,22,blk_bank_int_shade_01x,48
medium_update_thread.wsc,57037,56706,29,mor_morningStar_int_shade_01x,49
medium_update_thread.wsc,57037,56741,25,blk_gunshop_int_shade_01x,50
medium_update_thread.wsc,57037,56772,23,blk_saloon_int_Props01x,51
medium_update_thread.wsc,57037,56801,18,blk_saloon_int_01x,52
medium_update_thread.wsc,57037,56825,24,blk_hotel01_int_Props01x,53
medium_update_thread.wsc,57037,56855,17,blk_hotel_int_01x,54
medium_update_thread.wsc,57037,56878,23,blk_hotel_int_shade_01x,55
medium_update_thread.wsc,57037,56907,29,blk_trainstation_int_Props01x,56
medium_update_thread.wsc,57037,56942,24,blk_trainstation_int_01x,57
medium_update_thread.wsc,57037,56972,30,mor_morningStar01_int_Props01x,58
medium_update_thread.wsc,57037,57008,23,mor_morningStar_int_01x,59
medium_update_thread.wsc,57037,57037,29,mor_morningStar_int_shade_01x,60
medium_update_thread.wsc,57037,57075,19,rwf_barn01xprops01x,61
medium_update_thread.wsc,57037,57100,19,rwf_barn01xprops02x,62
medium_update_thread.wsc,57037,57125,24,rwf_livingRoom01props01x,63
medium_update_thread.wsc,57037,57155,24,rwf_livingRoom01props02x,64
medium_update_thread.wsc,57037,57188,11,beh_silo01x,65
medium_update_thread.wsc,57037,57205,11,beh_silo02x,66
medium_update_thread.wsc,57037,57231,12,beh_house02x,67
medium_update_thread.wsc,57037,57249,19,beh_house02props01x,68
medium_update_thread.wsc,57037,57274,12,beh_house01x,69
medium_update_thread.wsc,57037,57292,19,beh_house01props01x,70
medium_update_thread.wsc,57037,57320,12,beh_house02x,71
medium_update_thread.wsc,57037,57338,19,beh_house02props01x,72
medium_update_thread.wsc,57037,57363,12,beh_house01x,73
medium_update_thread.wsc,57037,57381,19,beh_house01props01x,74
medium_update_thread.wsc,57037,57409,19,tor_militaryCamp01x,75
medium_update_thread.wsc,57037,57434,19,tor_militaryCamp02x,76
medium_update_thread.wsc,57037,57459,13,sp_mexArmy03x,77
medium_update_thread.wsc,57037,57481,16,esc_villaWall05x,78
medium_update_thread.wsc,57037,57503,16,esc_villaWall04x,79
medium_update_thread.wsc,57037,57525,11,sp_rebel05x,80
medium_update_thread.wsc,57037,57545,6,icarus,81
medium_update_thread.wsc,57037,57560,24,chu_gatlingBreakables01x,82
medium_update_thread.wsc,57037,57590,24,lsh_gatlingBreakables01x,83
medium_update_thread.wsc,57037,57623,12,sp_anthro01x,84
medium_update_thread.wsc,57037,57644,12,beh_grave01x,85
medium_update_thread.wsc,57037,57662,12,beh_grave02x,86
medium_update_thread.wsc,57037,57680,12,beh_grave03x,87
medium_update_thread.wsc,57037,57701,24,rsdGPSTRAIL_elm_cas_path,88
medium_update_thread.wsc,57037,57736,20,rsdGPSTRAIL_curve495,89
medium_update_thread.wsc,57037,57767,39,rsdGPSTRAIL_elm_cas_pathdetachedCurve12,90
medium_update_thread.wsc,57037,57817,39,rsdGPSTRAIL_elm_cas_pathdetachedCurve13,91
medium_update_thread.wsc,57037,57867,25,rsdGPSTRAIL_elm_cas_loop1,92
medium_update_thread.wsc,57037,57903,36,rsdTRAIL_cas_ram_pathdetachedCurve10,93
medium_update_thread.wsc,57037,57950,35,rsdTRAIL_cas_ram_pathdetachedCurve8,94
medium_update_thread.wsc,57037,57996,35,rsdTRAIL_cas_ram_pathdetachedCurve6,95
medium_update_thread.wsc,57037,58042,35,rsdTRAIL_las_nos_pathdetachedCurve2,96
medium_update_thread.wsc,57037,58086,51,o2rsdROAD_las_esc_roaddetachedCurve10detachedCurve1,97
medium_update_thread.wsc,57037,58148,16,rsdTRAIL_curve44,98
medium_update_thread.wsc,57037,58175,35,rsdROAD_las_esc_roaddetachedCurve18,99
medium_update_thread.wsc,57037,58221,35,rsdTRAIL_cas_ram_pathdetachedCurve2,100
medium_update_thread.wsc,57037,58265,51,o2rsdTRAIL_cas_ram_pathdetachedCurve4detachedCurve2,101
medium_update_thread.wsc,57037,58327,30,rsdROAD_las_roaddetachedCurve4,102
medium_update_thread.wsc,57037,58368,30,rsdROAD_las_roaddetachedCurve2,103
medium_update_thread.wsc,57037,58409,15,rsdROAD_curve69,104
medium_update_thread.wsc,57037,58435,16,rsdROAD_las_road,105
medium_update_thread.wsc,57037,58462,16,rsdROAD_frb_road,106
medium_update_thread.wsc,57037,58489,19,rsdGPSTRAIL_curve98,107
medium_update_thread.wsc,57037,58517,53,o4rsdGPSROAD_elm_cas_roaddetachedCurve4detachedCurve2,108
medium_update_thread.wsc,57037,58581,37,rsdGPSROAD_elm_cas_roaddetachedCurve4,109
medium_update_thread.wsc,57037,58627,57,o8rsdGPSTRAIL_elm_loop01_pathdetachedCurve2detachedCurve2,110
medium_update_thread.wsc,57037,58695,20,rsdGPSTRAIL_curve634,111
medium_update_thread.wsc,57037,58726,20,rsdGPSTRAIL_curve635,112
medium_update_thread.wsc,57037,58757,20,rsdGPSTRAIL_curve636,113
medium_update_thread.wsc,57037,58788,17,rsdTRAIL_curve637,114
medium_update_thread.wsc,57037,58816,17,rsdTRAIL_curve638,115
medium_update_thread.wsc,57037,58844,38,rsdTRAIL_cas_loop04_pathdetachedCurve2,116
medium_update_thread.wsc,57037,58893,16,rsdTRAIL_curve70,117
medium_update_thread.wsc,57037,58920,24,rsdTRAIL_cas_loop04_path,118
medium_update_thread.wsc,57037,58955,38,rsdTRAIL_cas_loop05_pathdetachedCurve4,119
medium_update_thread.wsc,57037,59004,38,rsdTRAIL_cas_loop05_pathdetachedCurve2,120
medium_update_thread.wsc,57037,59051,54,o5rsdTRAIL_cas_loop01_pathdetachedCurve2detachedCurve2,121
medium_update_thread.wsc,57037,59114,82,oQrsdTRAIL_chu_loop01_pathdetachedCurve2detachedCurve2detachedCurve2detachedCurve2,122
medium_update_thread.wsc,57037,59205,68,oCrsdTRAIL_chu_loop01_pathdetachedCurve2detachedCurve2detachedCurve2,123
medium_update_thread_z.wsc,61251,59633,16,ramitaBayaBefore,0
medium_update_thread_z.wsc,61251,59655,15,ramitaBayaAfter,1
medium_update_thread_z.wsc,61251,59676,16,rsdROAD_frb_road,2
medium_update_thread_z.wsc,61251,59700,20,rsdROAD_fom_frb_road,3
medium_update_thread_z.wsc,61251,59728,20,rsdGPSTRAIL_curve221,4
medium_update_thread_z.wsc,61251,59759,15,ramitaBayaAfter,5
medium_update_thread_z.wsc,61251,59780,16,ramitaBayaBefore,6
medium_update_thread_z.wsc,61251,59802,16,rsdROAD_frb_road,7
medium_update_thread_z.wsc,61251,59826,20,rsdROAD_fom_frb_road,8
medium_update_thread_z.wsc,61251,59854,20,rsdGPSTRAIL_curve221,9
medium_update_thread_z.wsc,61251,59894,13,butterBridgeA,10
medium_update_thread_z.wsc,61251,59913,13,butterBridgeB,11
medium_update_thread_z.wsc,61251,59932,13,butterBridgeC,12
medium_update_thread_z.wsc,61251,59951,13,butterBridgeD,13
medium_update_thread_z.wsc,61251,59970,29,rsdGPSTRAIL_butterBridge_path,14
medium_update_thread_z.wsc,61251,60010,13,butterBridgeB,15
medium_update_thread_z.wsc,61251,60029,13,butterBridgeA,16
medium_update_thread_z.wsc,61251,60048,13,butterBridgeC,17
medium_update_thread_z.wsc,61251,60067,13,butterBridgeD,18
medium_update_thread_z.wsc,61251,60086,29,rsdGPSTRAIL_butterBridge_path,19
medium_update_thread_z.wsc,61251,60132,17,tannersSpanBefore,20
medium_update_thread_z.wsc,61251,60155,16,tannersSpanAfter,21
medium_update_thread_z.wsc,61251,60180,16,tannersSpanAfter,22
medium_update_thread_z.wsc,61251,60202,17,tannersSpanBefore,23
medium_update_thread_z.wsc,61251,60234,19,dixonCrossingBefore,24
medium_update_thread_z.wsc,61251,60259,18,dixonCrossingAfter,25
medium_update_thread_z.wsc,61251,60283,20,rsdROAD_thi_blk_road,26
medium_update_thread_z.wsc,61251,60311,34,rsdROAD_thi_blk_roaddetachedCurve2,27
medium_update_thread_z.wsc,61251,60353,20,rsdGPSTRAIL_curve124,28
medium_update_thread_z.wsc,61251,60381,20,rsdGPSTRAIL_curve132,29
medium_update_thread_z.wsc,61251,60412,18,dixonCrossingAfter,30
medium_update_thread_z.wsc,61251,60436,19,dixonCrossingBefore,31
medium_update_thread_z.wsc,61251,60461,20,rsdROAD_thi_blk_road,32
medium_update_thread_z.wsc,61251,60489,34,rsdROAD_thi_blk_roaddetachedCurve2,33
medium_update_thread_z.wsc,61251,60531,20,rsdGPSTRAIL_curve124,34
medium_update_thread_z.wsc,61251,60559,20,rsdGPSTRAIL_curve132,35
medium_update_thread_z.wsc,61251,60593,11,hen_barn01x,36
medium_update_thread_z.wsc,61251,60610,18,hen_barn02props01x,37
medium_update_thread_z.wsc,61251,60634,11,hen_barn02x,38
medium_update_thread_z.wsc,61251,60651,18,hen_barn01props01x,39
medium_update_thread_z.wsc,61251,60678,16,campoMiradaAfter,40
medium_update_thread_z.wsc,61251,60700,17,campoMiradaBefore,41
medium_update_thread_z.wsc,61251,60732,20,fronteraBridgeBefore,42
medium_update_thread_z.wsc,61251,60758,19,fronteraBridgeAfter,43
medium_update_thread_z.wsc,61251,60786,19,fronteraBridgeAfter,44
medium_update_thread_z.wsc,61251,60811,20,fronteraBridgeBefore,45
medium_update_thread_z.wsc,61251,60840,12,fod_gates01x,46
medium_update_thread_z.wsc,61251,60858,12,fod_gates02x,47
medium_update_thread_z.wsc,61251,60876,19,fod_gates02Doors01x,48
medium_update_thread_z.wsc,61251,60904,13,coc_fence01bx,49
medium_update_thread_z.wsc,61251,60923,13,coc_fence03bx,50
medium_update_thread_z.wsc,61251,60942,16,dlc_coc_gates02x,51
medium_update_thread_z.wsc,61251,60964,12,coc_fence01x,52
medium_update_thread_z.wsc,61251,60982,12,coc_fence03x,53
medium_update_thread_z.wsc,61251,61000,12,coc_gates01x,54
medium_update_thread_z.wsc,61251,61018,12,coc_gates02x,55
medium_update_thread_z.wsc,61251,61045,17,masonBridgeBefore,56
medium_update_thread_z.wsc,61251,61068,16,masonBridgeAfter,57
medium_update_thread_z.wsc,61251,61093,16,masonBridgeAfter,58
medium_update_thread_z.wsc,61251,61115,17,masonBridgeBefore,59
medium_update_thread_z.wsc,61251,61147,19,lmf_troughBefore01x,60
medium_update_thread_z.wsc,61251,61172,18,lmf_troughAfter01x,61
medium_update_thread_z.wsc,61251,61199,18,lmf_troughAfter01x,62
medium_update_thread_z.wsc,61251,61223,19,lmf_troughBefore01x,63
medium_update_thread_z.wsc,61251,61251,11,morningStar,64
medium_update_thread_z.wsc,61251,61268,19,blk_barge01Props01x,65
medium_update_thread_z.wsc,61251,61293,12,blk_barge01x,66
medium_update_thread_z.wsc,61251,61311,24,blk_theatre_int_Props01x,67
medium_update_thread_z.wsc,61251,61341,19,blk_theatre_int_01x,68
medium_update_thread_z.wsc,61251,61366,27,dlc_blk_bank01_int_Props02x,69
medium_update_thread_z.wsc,61251,61399,23,blk_bank01_int_Props02x,70
medium_update_thread_z.wsc,61251,61428,16,blk_bank_int_02x,71
medium_update_thread_z.wsc,61251,61450,22,blk_bank_int_shade_02x,72
medium_update_thread_z.wsc,61251,61478,27,blk_cityHall01_int_Props01x,73
medium_update_thread_z.wsc,61251,61511,20,blk_cityHall_int_01x,74
medium_update_thread_z.wsc,61251,61537,32,blk_policeStation01_int_props02x,75
medium_update_thread_z.wsc,61251,61575,25,blk_policeStation_int_02x,76
medium_update_thread_z.wsc,61251,61606,32,blk_policeStation01_int_props01x,77
medium_update_thread_z.wsc,61251,61644,25,blk_policeStation_int_01x,78
medium_update_thread_z.wsc,61251,61675,31,blk_policeStation_int_shades01x,79
medium_update_thread_z.wsc,61251,61712,27,blk_blacksmith_int_Props01x,80
medium_update_thread_z.wsc,61251,61745,22,blk_blacksmith_int_01x,81
medium_update_thread_z.wsc,61251,61773,23,blk_church_int_Props01x,82
medium_update_thread_z.wsc,61251,61802,18,blk_church_int_01x,83
medium_update_thread_z.wsc,61251,61826,30,blk_doctorsOffice_int_Props01x,84
medium_update_thread_z.wsc,61251,61862,25,blk_doctorsOffice_int_01x,85
medium_update_thread_z.wsc,61251,61893,33,blk_freightstation01_int_Props01x,86
medium_update_thread_z.wsc,61251,61932,26,blk_freightstation_int_01x,87
medium_update_thread_z.wsc,61251,61964,29,blk_generalStore_int_Props01x,88
medium_update_thread_z.wsc,61251,61999,29,blk_generalStore_int_Props02x,89
medium_update_thread_z.wsc,61251,62034,24,blk_generalStore_int_01x,90
medium_update_thread_z.wsc,61251,62064,25,blk_tailor01_int_Props01x,91
medium_update_thread_z.wsc,61251,62095,18,blk_tailor_int_01x,92
medium_update_thread_z.wsc,61251,62119,29,blk_trainstation_int_Props01x,93
medium_update_thread_z.wsc,61251,62154,24,blk_trainstation_int_01x,94
medium_update_thread_z.wsc,61251,62184,24,blk_gunshop_int_Props01x,95
medium_update_thread_z.wsc,61251,62214,19,blk_gunshop_int_01x,96
medium_update_thread_z.wsc,61251,62239,25,blk_theatre_int_shade_01x,97
medium_update_thread_z.wsc,61251,62270,30,blk_generalStore_int_shade_01x,98
medium_update_thread_z.wsc,61251,62306,24,blk_tailor_int_shade_01x,99
medium_update_thread_z.wsc,61251,62336,31,blk_doctorsOffice_int_shade_01x,100
medium_update_thread_z.wsc,61251,62373,27,blk_forgeMill_int_shade_01x,101
medium_update_thread_z.wsc,61251,62406,25,blk_sawMill_int_shade_01x,102
medium_update_thread_z.wsc,61251,62437,32,blk_freightstation_int_shade_01x,103
medium_update_thread_z.wsc,61251,62475,28,blk_blacksmith_int_shade_01x,104
medium_update_thread_z.wsc,61251,62509,26,blk_cityHall_int_shade_01x,105
medium_update_thread_z.wsc,61251,62541,22,blk_bank_int_shade_01x,106
medium_update_thread_z.wsc,61251,62569,29,mor_morningStar_int_shade_01x,107
medium_update_thread_z.wsc,61251,62604,25,blk_gunshop_int_shade_01x,108
medium_update_thread_z.wsc,61251,62635,23,blk_saloon_int_Props01x,109
medium_update_thread_z.wsc,61251,62664,18,blk_saloon_int_01x,110
medium_update_thread_z.wsc,61251,62688,23,dlc_blk_hotel01Props01x,111
medium_update_thread_z.wsc,61251,62717,19,blk_hotel01Props01x,112
medium_update_thread_z.wsc,61251,62742,29,dlc_blk_tailor01_int_Props01x,113
medium_update_thread_z.wsc,61251,62777,25,blk_tailor01_int_Props01x,114
medium_update_thread_z.wsc,61251,62808,24,blk_hotel01_int_Props01x,115
medium_update_thread_z.wsc,61251,62838,17,blk_hotel_int_01x,116
medium_update_thread_z.wsc,61251,62861,23,blk_hotel_int_shade_01x,117
medium_update_thread_z.wsc,61251,62890,29,blk_trainstation_int_Props01x,118
medium_update_thread_z.wsc,61251,62925,24,blk_trainstation_int_01x,119
medium_update_thread_z.wsc,61251,62955,30,mor_morningStar01_int_Props01x,120
medium_update_thread_z.wsc,61251,62991,23,mor_morningStar_int_01x,121
medium_update_thread_z.wsc,61251,63020,29,mor_morningStar_int_shade_01x,122
medium_update_thread_z.wsc,61251,63058,19,rwf_barn01xprops01x,123
medium_update_thread_z.wsc,61251,63083,24,rwf_livingRoom01props01x,124
medium_update_thread_z.wsc,61251,63113,19,rwf_barn01xprops02x,125
medium_update_thread_z.wsc,61251,63138,24,rwf_livingRoom01props02x,126
medium_update_thread_z.wsc,61251,63171,11,beh_silo01x,127
medium_update_thread_z.wsc,61251,63188,11,beh_silo02x,128
medium_update_thread_z.wsc,61251,63208,12,beh_house01x,129
medium_update_thread_z.wsc,61251,63226,19,beh_house01props01x,130
medium_update_thread_z.wsc,61251,63251,12,beh_house02x,131
medium_update_thread_z.wsc,61251,63269,19,beh_house02props01x,132
medium_update_thread_z.wsc,61251,63297,19,tor_militaryCamp02x,133
medium_update_thread_z.wsc,61251,63322,19,tor_militaryCamp01x,134
medium_update_thread_z.wsc,61251,63347,13,sp_mexArmy03x,135
medium_update_thread_z.wsc,61251,63369,16,esc_villaWall04x,136
medium_update_thread_z.wsc,61251,63391,16,esc_villaWall05x,137
medium_update_thread_z.wsc,61251,63413,11,sp_rebel05x,138
medium_update_thread_z.wsc,61251,63430,19,dlc_esc_bullRing02x,139
medium_update_thread_z.wsc,62569,60786,19,fronteraBridgeAfter,0
medium_update_thread_z.wsc,62569,60811,20,fronteraBridgeBefore,1
medium_update_thread_z.wsc,62569,60840,12,fod_gates01x,2
medium_update_thread_z.wsc,62569,60858,12,fod_gates02x,3
medium_update_thread_z.wsc,62569,60876,19,fod_gates02Doors01x,4
medium_update_thread_z.wsc,62569,60904,13,coc_fence01bx,5
medium_update_thread_z.wsc,62569,60923,13,coc_fence03bx,6
medium_update_thread_z.wsc,62569,60942,16,dlc_coc_gates02x,7
medium_update_thread_z.wsc,62569,60964,12,coc_fence01x,8
medium_update_thread_z.wsc,62569,60982,12,coc_fence03x,9
medium_update_thread_z.wsc,62569,61000,12,coc_gates01x,10
medium_update_thread_z.wsc,62569,61018,12,coc_gates02x,11
medium_update_thread_z.wsc,62569,61045,17,masonBridgeBefore,12
medium_update_thread_z.wsc,62569,61068,16,masonBridgeAfter,13
medium_update_thread_z.wsc,62569,61093,16,masonBridgeAfter,14
medium_update_thread_z.wsc,62569,61115,17,masonBridgeBefore,15
medium_update_thread_z.wsc,62569,61147,19,lmf_troughBefore01x,16
medium_update_thread_z.wsc,62569,61172,18,lmf_troughAfter01x,17
medium_update_thread_z.wsc,62569,61199,18,lmf_troughAfter01x,18
medium_update_thread_z.wsc,62569,61223,19,lmf_troughBefore01x,19
medium_update_thread_z.wsc,62569,61251,11,morningStar,20
medium_update_thread_z.wsc,62569,61268,19,blk_barge01Props01x,21
medium_update_thread_z.wsc,62569,61293,12,blk_barge01x,22
medium_update_thread_z.wsc,62569,61311,24,blk_theatre_int_Props01x,23
medium_update_thread_z.wsc,62569,61341,19,blk_theatre_int_01x,24
medium_update_thread_z.wsc,62569,61366,27,dlc_blk_bank01_int_Props02x,25
medium_update_thread_z.wsc,62569,61399,23,blk_bank01_int_Props02x,26
medium_update_thread_z.wsc,62569,61428,16,blk_bank_int_02x,27
medium_update_thread_z.wsc,62569,61450,22,blk_bank_int_shade_02x,28
medium_update_thread_z.wsc,62569,61478,27,blk_cityHall01_int_Props01x,29
medium_update_thread_z.wsc,62569,61511,20,blk_cityHall_int_01x,30
medium_update_thread_z.wsc,62569,61537,32,blk_policeStation01_int_props02x,31
medium_update_thread_z.wsc,62569,61575,25,blk_policeStation_int_02x,32
medium_update_thread_z.wsc,62569,61606,32,blk_policeStation01_int_props01x,33
medium_update_thread_z.wsc,62569,61644,25,blk_policeStation_int_01x,34
medium_update_thread_z.wsc,62569,61675,31,blk_policeStation_int_shades01x,35
medium_update_thread_z.wsc,62569,61712,27,blk_blacksmith_int_Props01x,36
medium_update_thread_z.wsc,62569,61745,22,blk_blacksmith_int_01x,37
medium_update_thread_z.wsc,62569,61773,23,blk_church_int_Props01x,38
medium_update_thread_z.wsc,62569,61802,18,blk_church_int_01x,39
medium_update_thread_z.wsc,62569,61826,30,blk_doctorsOffice_int_Props01x,40
medium_update_thread_z.wsc,62569,61862,25,blk_doctorsOffice_int_01x,41
medium_update_thread_z.wsc,62569,61893,33,blk_freightstation01_int_Props01x,42
medium_update_thread_z.wsc,62569,61932,26,blk_freightstation_int_01x,43
medium_update_thread_z.wsc,62569,61964,29,blk_generalStore_int_Props01x,44
medium_update_thread_z.wsc,62569,61999,29,blk_generalStore_int_Props02x,45
medium_update_thread_z.wsc,62569,62034,24,blk_generalStore_int_01x,46
medium_update_thread_z.wsc,62569,62064,25,blk_tailor01_int_Props01x,47
medium_update_thread_z.wsc,62569,62095,18,blk_tailor_int_01x,48
medium_update_thread_z.wsc,62569,62119,29,blk_trainstation_int_Props01x,49
medium_update_thread_z.wsc,62569,62154,24,blk_trainstation_int_01x,50
medium_update_thread_z.wsc,62569,62184,24,blk_gunshop_int_Props01x,51
medium_update_thread_z.wsc,62569,62214,19,blk_gunshop_int_01x,52
medium_update_thread_z.wsc,62569,62239,25,blk_theatre_int_shade_01x,53
medium_update_thread_z.wsc,62569,62270,30,blk_generalStore_int_shade_01x,54
medium_update_thread_z.wsc,62569,62306,24,blk_tailor_int_shade_01x,55
medium_update_thread_z.wsc,62569,62336,31,blk_doctorsOffice_int_shade_01x,56
medium_update_thread_z.wsc,62569,62373,27,blk_forgeMill_int_shade_01x,57
medium_update_thread_z.wsc,62569,62406,25,blk_sawMill_int_shade_01x,58
medium_update_thread_z.wsc,62569,62437,32,blk_freightstation_int_shade_01x,59
medium_update_thread_z.wsc,62569,62475,28,blk_blacksmith_int_shade_01x,60
medium_update_thread_z.wsc,62569,62509,26,blk_cityHall_int_shade_01x,61
medium_update_thread_z.wsc,62569,62541,22,blk_bank_int_shade_01x,62
medium_update_thread_z.wsc,62569,62569,29,mor_morningStar_int_shade_01x,63
medium_update_thread_z.wsc,62569,62604,25,blk_gunshop_int_shade_01x,64
medium_update_thread_z.wsc,62569,62635,23,blk_saloon_int_Props01x,65
medium_update_thread_z.wsc,62569,62664,18,blk_saloon_int_01x,66
medium_update_thread_z.wsc,62569,62688,23,dlc_blk_hotel01Props01x,67
medium_update_thread_z.wsc,62569,62717,19,blk_hotel01Props01x,68
medium_update_thread_z.wsc,62569,62742,29,dlc_blk_tailor01_int_Props01x,69
medium_update_thread_z.wsc,62569,62777,25,blk_tailor01_int_Props01x,70
medium_update_thread_z.wsc,62569,62808,24,blk_hotel01_int_Props01x,71
medium_update_thread_z.wsc,62569,62838,17,blk_hotel_int_01x,72
medium_update_thread_z.wsc,62569,62861,23,blk_hotel_int_shade_01x,73
medium_update_thread_z.wsc,62569,62890,29,blk_trainstation_int_Props01x,74
medium_update_thread_z.wsc,62569,62925,24,blk_trainstation_int_01x,75
medium_update_thread_z.wsc,62569,62955,30,mor_morningStar01_int_Props01x,76
medium_update_thread_z.wsc,62569,62991,23,mor_morningStar_int_01x,77
medium_update_thread_z.wsc,62569,63020,29,mor_morningStar_int_shade_01x,78
medium_update_thread_z.wsc,62569,63058,19,rwf_barn01xprops01x,79
medium_update_thread_z.wsc,62569,63083,24,rwf_livingRoom01props01x,80
medium_update_thread_z.wsc,62569,63113,19,rwf_barn01xprops02x,81
medium_update_thread_z.wsc,62569,63138,24,rwf_livingRoom01props02x,82
medium_update_thread_z.wsc,62569,63171,11,beh_silo01x,83
medium_update_thread_z.wsc,62569,63188,11,beh_silo02x,84
medium_update_thread_z.wsc,62569,63208,12,beh_house01x,85
medium_update_thread_z.wsc,62569,63226,19,beh_house01props01x,86
medium_update_thread_z.wsc,62569,63251,12,beh_house02x,87
medium_update_thread_z.wsc,62569,63269,19,beh_house02props01x,88
medium_update_thread_z.wsc,62569,63297,19,tor_militaryCamp02x,89
medium_update_thread_z.wsc,62569,63322,19,tor_militaryCamp01x,90
medium_update_thread_z.wsc,62569,63347,13,sp_mexArmy03x,91
medium_update_thread_z.wsc,62569,63369,16,esc_villaWall04x,92
medium_update_thread_z.wsc,62569,63391,16,esc_villaWall05x,93
medium_update_thread_z.wsc,62569,63413,11,sp_rebel05x,94
medium_update_thread_z.wsc,62569,63430,19,dlc_esc_bullRing02x,95
medium_update_thread_z.wsc,62569,63455,26,dlc_esc_bullRing02Props01x,96
medium_update_thread_z.wsc,62569,63487,21,dlc_esc_zombieCave02x,97
medium_update_thread_z.wsc,62569,63514,15,esc_bullRing01x,98
medium_update_thread_z.wsc,62569,63535,22,esc_bullRing01props01x,99
medium_update_thread_z.wsc,62569,63563,21,dlc_esc_zombieCave01x,100
medium_update_thread_z.wsc,62569,63590,28,dlc_esc_zombieCave01Props01x,101
medium_update_thread_z.wsc,62569,63624,28,dlc_esc_zombieCave01Props02x,102
medium_update_thread_z.wsc,62569,63658,28,dlc_esc_zombieCave01Props03x,103
medium_update_thread_z.wsc,62569,63695,6,icarus,104
medium_update_thread_z.wsc,62569,63710,24,chu_gatlingBreakables01x,105
medium_update_thread_z.wsc,62569,63740,24,lsh_gatlingBreakables01x,106
medium_update_thread_z.wsc,62569,63776,13,mp_lsh_ffa01x,107
medium_update_thread_z.wsc,62569,63798,13,mp_lsh_ffa01x,108
medium_update_thread_z.wsc,62569,63820,12,sp_anthro01x,109
medium_update_thread_z.wsc,62569,63847,12,beh_grave01x,110
medium_update_thread_z.wsc,62569,63865,12,beh_grave02x,111
medium_update_thread_z.wsc,62569,63883,12,beh_grave03x,112
medium_update_thread_z.wsc,62569,63904,12,beh_grave01x,113
medium_update_thread_z.wsc,62569,63922,12,beh_grave02x,114
medium_update_thread_z.wsc,62569,63940,12,beh_grave03x,115
medium_update_thread_z.wsc,62569,63961,24,rsdGPSTRAIL_elm_cas_path,116
medium_update_thread_z.wsc,62569,63996,20,rsdGPSTRAIL_curve495,117
medium_update_thread_z.wsc,62569,64027,39,rsdGPSTRAIL_elm_cas_pathdetachedCurve12,118
medium_update_thread_z.wsc,62569,64077,39,rsdGPSTRAIL_elm_cas_pathdetachedCurve13,119
medium_update_thread_z.wsc,62569,64127,25,rsdGPSTRAIL_elm_cas_loop1,120
medium_update_thread_z.wsc,62569,64163,36,rsdTRAIL_cas_ram_pathdetachedCurve10,121
medium_update_thread_z.wsc,62569,64210,35,rsdTRAIL_cas_ram_pathdetachedCurve8,122
medium_update_thread_z.wsc,62569,64256,35,rsdTRAIL_cas_ram_pathdetachedCurve6,123
medium_update_thread_z.wsc,62569,64302,35,rsdTRAIL_las_nos_pathdetachedCurve2,124
medium_update_thread_z.wsc,62569,64346,51,o2rsdROAD_las_esc_roaddetachedCurve10detachedCurve1,125
medium_update_thread_z.wsc,62569,64408,16,rsdTRAIL_curve44,126
medium_update_thread_z.wsc,62569,64435,35,rsdROAD_las_esc_roaddetachedCurve18,127
medium_update_thread_z.wsc,62569,64481,35,rsdTRAIL_cas_ram_pathdetachedCurve2,128
medium_update_thread_z.wsc,62569,64525,51,o2rsdTRAIL_cas_ram_pathdetachedCurve4detachedCurve2,129
medium_update_thread_z.wsc,62569,64587,30,rsdROAD_las_roaddetachedCurve4,130
medium_update_thread_z.wsc,62569,64628,30,rsdROAD_las_roaddetachedCurve2,131
medium_update_thread_z.wsc,62569,64669,15,rsdROAD_curve69,132
medium_update_thread_z.wsc,62569,64695,16,rsdROAD_las_road,133
medium_update_thread_z.wsc,62569,64722,16,rsdROAD_frb_road,134
medium_update_thread_z.wsc,62569,64749,19,rsdGPSTRAIL_curve98,135
medium_update_thread_z.wsc,62955,61172,18,lmf_troughAfter01x,0
medium_update_thread_z.wsc,62955,61199,18,lmf_troughAfter01x,1
medium_update_thread_z.wsc,62955,61223,19,lmf_troughBefore01x,2
medium_update_thread_z.wsc,62955,61251,11,morningStar,3
medium_update_thread_z.wsc,62955,61268,19,blk_barge01Props01x,4
medium_update_thread_z.wsc,62955,61293,12,blk_barge01x,5
medium_update_thread_z.wsc,62955,61311,24,blk_theatre_int_Props01x,6
medium_update_thread_z.wsc,62955,61341,19,blk_theatre_int_01x,7
medium_update_thread_z.wsc,62955,61366,27,dlc_blk_bank01_int_Props02x,8
medium_update_thread_z.wsc,62955,61399,23,blk_bank01_int_Props02x,9
medium_update_thread_z.wsc,62955,61428,16,blk_bank_int_02x,10
medium_update_thread_z.wsc,62955,61450,22,blk_bank_int_shade_02x,11
medium_update_thread_z.wsc,62955,61478,27,blk_cityHall01_int_Props01x,12
medium_update_thread_z.wsc,62955,61511,20,blk_cityHall_int_01x,13
medium_update_thread_z.wsc,62955,61537,32,blk_policeStation01_int_props02x,14
medium_update_thread_z.wsc,62955,61575,25,blk_policeStation_int_02x,15
medium_update_thread_z.wsc,62955,61606,32,blk_policeStation01_int_props01x,16
medium_update_thread_z.wsc,62955,61644,25,blk_policeStation_int_01x,17
medium_update_thread_z.wsc,62955,61675,31,blk_policeStation_int_shades01x,18
medium_update_thread_z.wsc,62955,61712,27,blk_blacksmith_int_Props01x,19
medium_update_thread_z.wsc,62955,61745,22,blk_blacksmith_int_01x,20
medium_update_thread_z.wsc,62955,61773,23,blk_church_int_Props01x,21
medium_update_thread_z.wsc,62955,61802,18,blk_church_int_01x,22
medium_update_thread_z.wsc,62955,61826,30,blk_doctorsOffice_int_Props01x,23
medium_update_thread_z.wsc,62955,61862,25,blk_doctorsOffice_int_01x,24
medium_update_thread_z.wsc,62955,61893,33,blk_freightstation01_int_Props01x,25
medium_update_thread_z.wsc,62955,61932,26,blk_freightstation_int_01x,26
medium_update_thread_z.wsc,62955,61964,29,blk_generalStore_int_Props01x,27
medium_update_thread_z.wsc,62955,61999,29,blk_generalStore_int_Props02x,28
medium_update_thread_z.wsc,62955,62034,24,blk_generalStore_int_01x,29
medium_update_thread_z.wsc,62955,62064,25,blk_tailor01_int_Props01x,30
medium_update_thread_z.wsc,62955,62095,18,blk_tailor_int_01x,31
medium_update_thread_z.wsc,62955,62119,29,blk_trainstation_int_Props01x,32
medium_update_thread_z.wsc,62955,62154,24,blk_trainstation_int_01x,33
medium_update_thread_z.wsc,62955,62184,24,blk_gunshop_int_Props01x,34
medium_update_thread_z.wsc,62955,62214,19,blk_gunshop_int_01x,35
medium_update_thread_z.wsc,62955,62239,25,blk_theatre_int_shade_01x,36
medium_update_thread_z.wsc,62955,62270,30,blk_generalStore_int_shade_01x,37
medium_update_thread_z.wsc,62955,62306,24,blk_tailor_int_shade_01x,38
medium_update_thread_z.wsc,62955,62336,31,blk_doctorsOffice_int_shade_01x,39
medium_update_thread_z.wsc,62955,62373,27,blk_forgeMill_int_shade_01x,40
medium_update_thread_z.wsc,62955,62406,25,blk_sawMill_int_shade_01x,41
medium_update_thread_z.wsc,62955,62437,32,blk_freightstation_int_shade_01x,42
medium_update_thread_z.wsc,62955,62475,28,blk_blacksmith_int_shade_01x,43
medium_update_thread_z.wsc,62955,62509,26,blk_cityHall_int_shade_01x,44
medium_update_thread_z.wsc,62955,62541,22,blk_bank_int_shade_01x,45
medium_update_thread_z.wsc,62955,62569,29,mor_morningStar_int_shade_01x,46
medium_update_thread_z.wsc,62955,62604,25,blk_gunshop_int_shade_01x,47
medium_update_thread_z.wsc,62955,62635,23,blk_saloon_int_Props01x,48
medium_update_thread_z.wsc,62955,62664,18,blk_saloon_int_01x,49
medium_update_thread_z.wsc,62955,62688,23,dlc_blk_hotel01Props01x,50
medium_update_thread_z.wsc,62955,62717,19,blk_hotel01Props01x,51
medium_update_thread_z.wsc,62955,62742,29,dlc_blk_tailor01_int_Props01x,52
medium_update_thread_z.wsc,62955,62777,25,blk_tailor01_int_Props01x,53
medium_update_thread_z.wsc,62955,62808,24,blk_hotel01_int_Props01x,54
medium_update_thread_z.wsc,62955,62838,17,blk_hotel_int_01x,55
medium_update_thread_z.wsc,62955,62861,23,blk_hotel_int_shade_01x,56
medium_update_thread_z.wsc,62955,62890,29,blk_trainstation_int_Props01x,57
medium_update_thread_z.wsc,62955,62925,24,blk_trainstation_int_01x,58
medium_update_thread_z.wsc,62955,62955,30,mor_morningStar01_int_Props01x,59
medium_update_thread_z.wsc,62955,62991,23,mor_morningStar_int_01x,60
medium_update_thread_z.wsc,62955,63020,29,mor_morningStar_int_shade_01x,61
medium_update_thread_z.wsc,62955,63058,19,rwf_barn01xprops01x,62
medium_update_thread_z.wsc,62955,63083,24,rwf_livingRoom01props01x,63
medium_update_thread_z.wsc,62955,63113,19,rwf_barn01xprops02x,64
medium_update_thread_z.wsc,62955,63138,24,rwf_livingRoom01props02x,65
medium_update_thread_z.wsc,62955,63171,11,beh_silo01x,66
medium_update_thread_z.wsc,62955,63188,11,beh_silo02x,67
medium_update_thread_z.wsc,62955,63208,12,beh_house01x,68
medium_update_thread_z.wsc,62955,63226,19,beh_house01props01x,69
medium_update_thread_z.wsc,62955,63251,12,beh_house02x,70
medium_update_thread_z.wsc,62955,63269,19,beh_house02props01x,71
medium_update_thread_z.wsc,62955,63297,19,tor_militaryCamp02x,72
medium_update_thread_z.wsc,62955,63322,19,tor_militaryCamp01x,73
medium_update_thread_z.wsc,62955,63347,13,sp_mexArmy03x,74
medium_update_thread_z.wsc,62955,63369,16,esc_villaWall04x,75
medium_update_thread_z.wsc,62955,63391,16,esc_villaWall05x,76
medium_update_thread_z.wsc,62955,63413,11,sp_rebel05x,77
medium_update_thread_z.wsc,62955,63430,19,dlc_esc_bullRing02x,78
medium_update_thread_z.wsc,62955,63455,26,dlc_esc_bullRing02Props01x,79
medium_update_thread_z.wsc,62955,63487,21,dlc_esc_zombieCave02x,80
medium_update_thread_z.wsc,62955,63514,15,esc_bullRing01x,81
medium_update_thread_z.wsc,62955,63535,22,esc_bullRing01props01x,82
medium_update_thread_z.wsc,62955,63563,21,dlc_esc_zombieCave01x,83
medium_update_thread_z.wsc,62955,63590,28,dlc_esc_zombieCave01Props01x,84
medium_update_thread_z.wsc,62955,63624,28,dlc_esc_zombieCave01Props02x,85
medium_update_thread_z.wsc,62955,63658,28,dlc_esc_zombieCave01Props03x,86
medium_update_thread_z.wsc,62955,63695,6,icarus,87
medium_update_thread_z.wsc,62955,63710,24,chu_gatlingBreakables01x,88
medium_update_thread_z.wsc,62955,63740,24,lsh_gatlingBreakables01x,89
medium_update_thread_z.wsc,62955,63776,13,mp_lsh_ffa01x,90
medium_update_thread_z.wsc,62955,63798,13,mp_lsh_ffa01x,91
medium_update_thread_z.wsc,62955,63820,12,sp_anthro01x,92
medium_update_thread_z.wsc,62955,63847,12,beh_grave01x,93
medium_update_thread_z.wsc,62955,63865,12,beh_grave02x,94
medium_update_thread_z.wsc,62955,63883,12,beh_grave03x,95
medium_update_thread_z.wsc,62955,63904,12,beh_grave01x,96
medium_update_thread_z.wsc,62955,63922,12,beh_grave02x,97
medium_update_thread_z.wsc,62955,63940,12,beh_grave03x,98
medium_update_thread_z.wsc,62955,63961,24,rsdGPSTRAIL_elm_cas_path,99
medium_update_thread_z.wsc,62955,63996,20,rsdGPSTRAIL_curve495,100
medium_update_thread_z.wsc,62955,64027,39,rsdGPSTRAIL_elm_cas_pathdetachedCurve12,101
medium_update_thread_z.wsc,62955,64077,39,rsdGPSTRAIL_elm_cas_pathdetachedCurve13,102
medium_update_thread_z.wsc,62955,64127,25,rsdGPSTRAIL_elm_cas_loop1,103
medium_update_thread_z.wsc,62955,64163,36,rsdTRAIL_cas_ram_pathdetachedCurve10,104
medium_update_thread_z.wsc,62955,64210,35,rsdTRAIL_cas_ram_pathdetachedCurve8,105
medium_update_thread_z.wsc,62955,64256,35,rsdTRAIL_cas_ram_pathdetachedCurve6,106
medium_update_thread_z.wsc,62955,64302,35,rsdTRAIL_las_nos_pathdetachedCurve2,107
medium_update_thread_z.wsc,62955,64346,51,o2rsdROAD_las_esc_roaddetachedCurve10detachedCurve1,108
medium_update_thread_z.wsc,62955,64408,16,rsdTRAIL_curve44,109
medium_update_thread_z.wsc,62955,64435,35,rsdROAD_las_esc_roaddetachedCurve18,110
medium_update_thread_z.wsc,62955,64481,35,rsdTRAIL_cas_ram_pathdetachedCurve2,111
medium_update_thread_z.wsc,62955,64525,51,o2rsdTRAIL_cas_ram_pathdetachedCurve4detachedCurve2,112
medium_update_thread_z.wsc,62955,64587,30,rsdROAD_las_roaddetachedCurve4,113
medium_update_thread_z.wsc,62955,64628,30,rsdROAD_las_roaddetachedCurve2,114
medium_update_thread_z.wsc,62955,64669,15,rsdROAD_curve69,115
medium_update_thread_z.wsc,62955,64695,16,rsdROAD_las_road,116
medium_update_thread_z.wsc,62955,64722,16,rsdROAD_frb_road,117
medium_update_thread_z.wsc,62955,64749,19,rsdGPSTRAIL_curve98,118
medium_update_thread_z.wsc,62955,64777,53,o4rsdGPSROAD_elm_cas_roaddetachedCurve4detachedCurve2,119
medium_update_thread_z.wsc,62955,64841,37,rsdGPSROAD_elm_cas_roaddetachedCurve4,120
medium_update_thread_z.wsc,62955,64887,57,o8rsdGPSTRAIL_elm_loop01_pathdetachedCurve2detachedCurve2,121
medium_update_thread_z.wsc,62955,64955,20,rsdGPSTRAIL_curve634,122
medium_update_thread_z.wsc,62955,64986,20,rsdGPSTRAIL_curve635,123
medium_update_thread_z.wsc,62955,65017,20,rsdGPSTRAIL_curve636,124
medium_update_thread_z.wsc,62955,65048,17,rsdTRAIL_curve637,125
medium_update_thread_z.wsc,62955,65076,17,rsdTRAIL_curve638,126
medium_update_thread_z.wsc,62955,65104,38,rsdTRAIL_cas_loop04_pathdetachedCurve2,127
medium_update_thread_z.wsc,62955,65153,16,rsdTRAIL_curve70,128
medium_update_thread_z.wsc,62991,61199,18,lmf_troughAfter01x,0
medium_update_thread_z.wsc,62991,61223,19,lmf_troughBefore01x,1
medium_update_thread_z.wsc,62991,61251,11,morningStar,2
medium_update_thread_z.wsc,62991,61268,19,blk_barge01Props01x,3
medium_update_thread_z.wsc,62991,61293,12,blk_barge01x,4
medium_update_thread_z.wsc,62991,61311,24,blk_theatre_int_Props01x,5
medium_update_thread_z.wsc,62991,61341,19,blk_theatre_int_01x,6
medium_update_thread_z.wsc,62991,61366,27,dlc_blk_bank01_int_Props02x,7
medium_update_thread_z.wsc,62991,61399,23,blk_bank01_int_Props02x,8
medium_update_thread_z.wsc,62991,61428,16,blk_bank_int_02x,9
medium_update_thread_z.wsc,62991,61450,22,blk_bank_int_shade_02x,10
medium_update_thread_z.wsc,62991,61478,27,blk_cityHall01_int_Props01x,11
medium_update_thread_z.wsc,62991,61511,20,blk_cityHall_int_01x,12
medium_update_thread_z.wsc,62991,61537,32,blk_policeStation01_int_props02x,13
medium_update_thread_z.wsc,62991,61575,25,blk_policeStation_int_02x,14
medium_update_thread_z.wsc,62991,61606,32,blk_policeStation01_int_props01x,15
medium_update_thread_z.wsc,62991,61644,25,blk_policeStation_int_01x,16
medium_update_thread_z.wsc,62991,61675,31,blk_policeStation_int_shades01x,17
medium_update_thread_z.wsc,62991,61712,27,blk_blacksmith_int_Props01x,18
medium_update_thread_z.wsc,62991,61745,22,blk_blacksmith_int_01x,19
medium_update_thread_z.wsc,62991,61773,23,blk_church_int_Props01x,20
medium_update_thread_z.wsc,62991,61802,18,blk_church_int_01x,21
medium_update_thread_z.wsc,62991,61826,30,blk_doctorsOffice_int_Props01x,22
medium_update_thread_z.wsc,62991,61862,25,blk_doctorsOffice_int_01x,23
medium_update_thread_z.wsc,62991,61893,33,blk_freightstation01_int_Props01x,24
medium_update_thread_z.wsc,62991,61932,26,blk_freightstation_int_01x,25
medium_update_thread_z.wsc,62991,61964,29,blk_generalStore_int_Props01x,26
medium_update_thread_z.wsc,62991,61999,29,blk_generalStore_int_Props02x,27
medium_update_thread_z.wsc,62991,62034,24,blk_generalStore_int_01x,28
medium_update_thread_z.wsc,62991,62064,25,blk_tailor01_int_Props01x,29
medium_update_thread_z.wsc,62991,62095,18,blk_tailor_int_01x,30
medium_update_thread_z.wsc,62991,62119,29,blk_trainstation_int_Props01x,31
medium_update_thread_z.wsc,62991,62154,24,blk_trainstation_int_01x,32
medium_update_thread_z.wsc,62991,62184,24,blk_gunshop_int_Props01x,33
medium_update_thread_z.wsc,62991,62214,19,blk_gunshop_int_01x,34
medium_update_thread_z.wsc,62991,62239,25,blk_theatre_int_shade_01x,35
medium_update_thread_z.wsc,62991,62270,30,blk_generalStore_int_shade_01x,36
medium_update_thread_z.wsc,62991,62306,24,blk_tailor_int_shade_01x,37
medium_update_thread_z.wsc,62991,62336,31,blk_doctorsOffice_int_shade_01x,38
medium_update_thread_z.wsc,62991,62373,27,blk_forgeMill_int_shade_01x,39
medium_update_thread_z.wsc,62991,62406,25,blk_sawMill_int_shade_01x,40
medium_update_thread_z.wsc,62991,62437,32,blk_freightstation_int_shade_01x,41
medium_update_thread_z.wsc,62991,62475,28,blk_blacksmith_int_shade_01x,42
medium_update_thread_z.wsc,62991,62509,26,blk_cityHall_int_shade_01x,43
medium_update_thread_z.wsc,62991,62541,22,blk_bank_int_shade_01x,44
medium_update_thread_z.wsc,62991,62569,29,mor_morningStar_int_shade_01x,45
medium_update_thread_z.wsc,62991,62604,25,blk_gunshop_int_shade_01x,46
medium_update_thread_z.wsc,62991,62635,23,blk_saloon_int_Props01x,47
medium_update_thread_z.wsc,62991,62664,18,blk_saloon_int_01x,48
medium_update_thread_z.wsc,62991,62688,23,dlc_blk_hotel01Props01x,49
medium_update_thread_z.wsc,62991,62717,19,blk_hotel01Props01x,50
medium_update_thread_z.wsc,62991,62742,29,dlc_blk_tailor01_int_Props01x,51
medium_update_thread_z.wsc,62991,62777,25,blk_tailor01_int_Props01x,52
medium_update_thread_z.wsc,62991,62808,24,blk_hotel01_int_Props01x,53
medium_update_thread_z.wsc,62991,62838,17,blk_hotel_int_01x,54
medium_update_thread_z.wsc,62991,62861,23,blk_hotel_int_shade_01x,55
medium_update_thread_z.wsc,62991,62890,29,blk_trainstation_int_Props01x,56
medium_update_thread_z.wsc,62991,62925,24,blk_trainstation_int_01x,57
medium_update_thread_z.wsc,62991,62955,30,mor_morningStar01_int_Props01x,58
medium_update_thread_z.wsc,62991,62991,23,mor_morningStar_int_01x,59
medium_update_thread_z.wsc,62991,63020,29,mor_morningStar_int_shade_01x,60
medium_update_thread_z.wsc,62991,63058,19,rwf_barn01xprops01x,61
medium_update_thread_z.wsc,62991,63083,24,rwf_livingRoom01props01x,62
medium_update_thread_z.wsc,62991,63113,19,rwf_barn01xprops02x,63
medium_update_thread_z.wsc,62991,63138,24,rwf_livingRoom01props02x,64
medium_update_thread_z.wsc,62991,63171,11,beh_silo01x,65
medium_update_thread_z.wsc,62991,63188,11,beh_silo02x,66
medium_update_thread_z.wsc,62991,63208,12,beh_house01x,67
medium_update_thread_z.wsc,62991,63226,19,beh_house01props01x,68
medium_update_thread_z.wsc,62991,63251,12,beh_house02x,69
medium_update_thread_z.wsc,62991,63269,19,beh_house02props01x,70
medium_update_thread_z.wsc,62991,63297,19,tor_militaryCamp02x,71
medium_update_thread_z.wsc,62991,63322,19,tor_militaryCamp01x,72
medium_update_thread_z.wsc,62991,63347,13,sp_mexArmy03x,73
medium_update_thread_z.wsc,62991,63369,16,esc_villaWall04x,74
medium_update_thread_z.wsc,62991,63391,16,esc_villaWall05x,75
medium_update_thread_z.wsc,62991,63413,11,sp_rebel05x,76
medium_update_thread_z.wsc,62991,63430,19,dlc_esc_bullRing02x,77
medium_update_thread_z.wsc,62991,63455,26,dlc_esc_bullRing02Props01x,78
medium_update_thread_z.wsc,62991,63487,21,dlc_esc_zombieCave02x,79
medium_update_thread_z.wsc,62991,63514,15,esc_bullRing01x,80
medium_update_thread_z.wsc,62991,63535,22,esc_bullRing01props01x,81
medium_update_thread_z.wsc,62991,63563,21,dlc_esc_zombieCave01x,82
medium_update_thread_z.wsc,62991,63590,28,dlc_esc_zombieCave01Props01x,83
medium_update_thread_z.wsc,62991,63624,28,dlc_esc_zombieCave01Props02x,84
medium_update_thread_z.wsc,62991,63658,28,dlc_esc_zombieCave01Props03x,85
medium_update_thread_z.wsc,62991,63695,6,icarus,86
medium_update_thread_z.wsc,62991,63710,24,chu_gatlingBreakables01x,87
medium_update_thread_z.wsc,62991,63740,24,lsh_gatlingBreakables01x,88
medium_update_thread_z.wsc,62991,63776,13,mp_lsh_ffa01x,89
medium_update_thread_z.wsc,62991,63798,13,mp_lsh_ffa01x,90
medium_update_thread_z.wsc,62991,63820,12,sp_anthro01x,91
medium_update_thread_z.wsc,62991,63847,12,beh_grave01x,92
medium_update_thread_z.wsc,62991,63865,12,beh_grave02x,93
medium_update_thread_z.wsc,62991,63883,12,beh_grave03x,94
medium_update_thread_z.wsc,62991,63904,12,beh_grave01x,95
medium_update_thread_z.wsc,62991,63922,12,beh_grave02x,96
medium_update_thread_z.wsc,62991,63940,12,beh_grave03x,97
medium_update_thread_z.wsc,62991,63961,24,rsdGPSTRAIL_elm_cas_path,98
medium_update_thread_z.wsc,62991,63996,20,rsdGPSTRAIL_curve495,99
medium_update_thread_z.wsc,62991,64027,39,rsdGPSTRAIL_elm_cas_pathdetachedCurve12,100
medium_update_thread_z.wsc,62991,64077,39,rsdGPSTRAIL_elm_cas_pathdetachedCurve13,101
medium_update_thread_z.wsc,62991,64127,25,rsdGPSTRAIL_elm_cas_loop1,102
medium_update_thread_z.wsc,62991,64163,36,rsdTRAIL_cas_ram_pathdetachedCurve10,103
medium_update_thread_z.wsc,62991,64210,35,rsdTRAIL_cas_ram_pathdetachedCurve8,104
medium_update_thread_z.wsc,62991,64256,35,rsdTRAIL_cas_ram_pathdetachedCurve6,105
medium_update_thread_z.wsc,62991,64302,35,rsdTRAIL_las_nos_pathdetachedCurve2,106
medium_update_thread_z.wsc,62991,64346,51,o2rsdROAD_las_esc_roaddetachedCurve10detachedCurve1,107
medium_update_thread_z.wsc,62991,64408,16,rsdTRAIL_curve44,108
medium_update_thread_z.wsc,62991,64435,35,rsdROAD_las_esc_roaddetachedCurve18,109
medium_update_thread_z.wsc,62991,64481,35,rsdTRAIL_cas_ram_pathdetachedCurve2,110
medium_update_thread_z.wsc,62991,64525,51,o2rsdTRAIL_cas_ram_pathdetachedCurve4detachedCurve2,111
medium_update_thread_z.wsc,62991,64587,30,rsdROAD_las_roaddetachedCurve4,112
medium_update_thread_z.wsc,62991,64628,30,rsdROAD_las_roaddetachedCurve2,113
medium_update_thread_z.wsc,62991,64669,15,rsdROAD_curve69,114
medium_update_thread_z.wsc,62991,64695,16,rsdROAD_las_road,115
medium_update_thread_z.wsc,62991,64722,16,rsdROAD_frb_road,116
medium_update_thread_z.wsc,62991,64749,19,rsdGPSTRAIL_curve98,117
medium_update_thread_z.wsc,62991,64777,53,o4rsdGPSROAD_elm_cas_roaddetachedCurve4detachedCurve2,118
medium_update_thread_z.wsc,62991,64841,37,rsdGPSROAD_elm_cas_roaddetachedCurve4,119
medium_update_thread_z.wsc,62991,64887,57,o8rsdGPSTRAIL_elm_loop01_pathdetachedCurve2detachedCurve2,120
medium_update_thread_z.wsc,62991,64955,20,rsdGPSTRAIL_curve634,121
medium_update_thread_z.wsc,62991,64986,20,rsdGPSTRAIL_curve635,122
medium_update_thread_z.wsc,62991,65017,20,rsdGPSTRAIL_curve636,123
medium_update_thread_z.wsc,62991,65048,17,rsdTRAIL_curve637,124
medium_update_thread_z.wsc,62991,65076,17,rsdTRAIL_curve638,125
medium_update_thread_z.wsc,62991,65104,38,rsdTRAIL_cas_loop04_pathdetachedCurve2,126
medium_update_thread_z.wsc,62991,65153,16,rsdTRAIL_curve70,127
medium_update_thread_z.wsc,62991,65180,24,rsdTRAIL_cas_loop04_path,128
medium_update_thread_z.wsc,63020,61223,19,lmf_troughBefore01x,0
medium_update_thread_z.wsc,63020,61251,11,morningStar,1
medium_update_thread_z.wsc,63020,61268,19,blk_barge01Props01x,2
medium_update_thread_z.wsc,63020,61293,12,blk_barge01x,3
medium_update_thread_z.wsc,63020,61311,24,blk_theatre_int_Props01x,4
medium_update_thread_z.wsc,63020,61341,19,blk_theatre_int_01x,5
medium_update_thread_z.wsc,63020,61366,27,dlc_blk_bank01_int_Props02x,6
medium_update_thread_z.wsc,63020,61399,23,blk_bank01_int_Props02x,7
medium_update_thread_z.wsc,63020,61428,16,blk_bank_int_02x,8
medium_update_thread_z.wsc,63020,61450,22,blk_bank_int_shade_02x,9
medium_update_thread_z.wsc,63020,61478,27,blk_cityHall01_int_Props01x,10
medium_update_thread_z.wsc,63020,61511,20,blk_cityHall_int_01x,11
medium_update_thread_z.wsc,63020,61537,32,blk_policeStation01_int_props02x,12
medium_update_thread_z.wsc,63020,61575,25,blk_policeStation_int_02x,13
medium_update_thread_z.wsc,63020,61606,32,blk_policeStation01_int_props01x,14
medium_update_thread_z.wsc,63020,61644,25,blk_policeStation_int_01x,15
medium_update_thread_z.wsc,63020,61675,31,blk_policeStation_int_shades01x,16
medium_update_thread_z.wsc,63020,61712,27,blk_blacksmith_int_Props01x,17
medium_update_thread_z.wsc,63020,61745,22,blk_blacksmith_int_01x,18
medium_update_thread_z.wsc,63020,61773,23,blk_church_int_Props01x,19
medium_update_thread_z.wsc,63020,61802,18,blk_church_int_01x,20
medium_update_thread_z.wsc,63020,61826,30,blk_doctorsOffice_int_Props01x,21
medium_update_thread_z.wsc,63020,61862,25,blk_doctorsOffice_int_01x,22
medium_update_thread_z.wsc,63020,61893,33,blk_freightstation01_int_Props01x,23
medium_update_thread_z.wsc,63020,61932,26,blk_freightstation_int_01x,24
medium_update_thread_z.wsc,63020,61964,29,blk_generalStore_int_Props01x,25
medium_update_thread_z.wsc,63020,61999,29,blk_generalStore_int_Props02x,26
medium_update_thread_z.wsc,63020,62034,24,blk_generalStore_int_01x,27
medium_update_thread_z.wsc,63020,62064,25,blk_tailor01_int_Props01x,28
medium_update_thread_z.wsc,63020,62095,18,blk_tailor_int_01x,29
medium_update_thread_z.wsc,63020,62119,29,blk_trainstation_int_Props01x,30
medium_update_thread_z.wsc,63020,62154,24,blk_trainstation_int_01x,31
medium_update_thread_z.wsc,63020,62184,24,blk_gunshop_int_Props01x,32
medium_update_thread_z.wsc,63020,62214,19,blk_gunshop_int_01x,33
medium_update_thread_z.wsc,63020,62239,25,blk_theatre_int_shade_01x,34
medium_update_thread_z.wsc,63020,62270,30,blk_generalStore_int_shade_01x,35
medium_update_thread_z.wsc,63020,62306,24,blk_tailor_int_shade_01x,36
medium_update_thread_z.wsc,63020,62336,31,blk_doctorsOffice_int_shade_01x,37
medium_update_thread_z.wsc,63020,62373,27,blk_forgeMill_int_shade_01x,38
medium_update_thread_z.wsc,63020,62406,25,blk_sawMill_int_shade_01x,39
medium_update_thread_z.wsc,63020,62437,32,blk_freightstation_int_shade_01x,40
medium_update_thread_z.wsc,63020,62475,28,blk_blacksmith_int_shade_01x,41
medium_update_thread_z.wsc,63020,62509,26,blk_cityHall_int_shade_01x,42
medium_update_thread_z.wsc,63020,62541,22,blk_bank_int_shade_01x,43
medium_update_thread_z.wsc,63020,62569,29,mor_morningStar_int_shade_01x,44
medium_update_thread_z.wsc,63020,62604,25,blk_gunshop_int_shade_01x,45
medium_update_thread_z.wsc,63020,62635,23,blk_saloon_int_Props01x,46
medium_update_thread_z.wsc,63020,62664,18,blk_saloon_int_01x,47
medium_update_thread_z.wsc,63020,62688,23,dlc_blk_hotel01Props01x,48
medium_update_thread_z.wsc,63020,62717,19,blk_hotel01Props01x,49
medium_update_thread_z.wsc,63020,62742,29,dlc_blk_tailor01_int_Props01x,50
medium_update_thread_z.wsc,63020,62777,25,blk_tailor01_int_Props01x,51
medium_update_thread_z.wsc,63020,62808,24,blk_hotel01_int_Props01x,52
medium_update_thread_z.wsc,63020,62838,17,blk_hotel_int_01x,53
medium_update_thread_z.wsc,63020,62861,23,blk_hotel_int_shade_01x,54
medium_update_thread_z.wsc,63020,62890,29,blk_trainstation_int_Props01x,55
medium_update_thread_z.wsc,63020,62925,24,blk_trainstation_int_01x,56
medium_update_thread_z.wsc,63020,62955,30,mor_morningStar01_int_Props01x,57
medium_update_thread_z.wsc,63020,62991,23,mor_morningStar_int_01x,58
medium_update_thread_z.wsc,63020,63020,29,mor_morningStar_int_shade_01x,59
medium_update_thread_z.wsc,63020,63058,19,rwf_barn01xprops01x,60
medium_update_thread_z.wsc,63020,63083,24,rwf_livingRoom01props01x,61
medium_update_thread_z.wsc,63020,63113,19,rwf_barn01xprops02x,62
medium_update_thread_z.wsc,63020,63138,24,rwf_livingRoom01props02x,63
medium_update_thread_z.wsc,63020,63171,11,beh_silo01x,64
medium_update_thread_z.wsc,63020,63188,11,beh_silo02x,65
medium_update_thread_z.wsc,63020,63208,12,beh_house01x,66
medium_update_thread_z.wsc,63020,63226,19,beh_house01props01x,67
medium_update_thread_z.wsc,63020,63251,12,beh_house02x,68
medium_update_thread_z.wsc,63020,63269,19,beh_house02props01x,69
medium_update_thread_z.wsc,63020,63297,19,tor_militaryCamp02x,70
medium_update_thread_z.wsc,63020,63322,19,tor_militaryCamp01x,71
medium_update_thread_z.wsc,63020,63347,13,sp_mexArmy03x,72
medium_update_thread_z.wsc,63020,63369,16,esc_villaWall04x,73
medium_update_thread_z.wsc,63020,63391,16,esc_villaWall05x,74
medium_update_thread_z.wsc,63020,63413,11,sp_rebel05x,75
medium_update_thread_z.wsc,63020,63430,19,dlc_esc_bullRing02x,76
medium_update_thread_z.wsc,63020,63455,26,dlc_esc_bullRing02Props01x,77
medium_update_thread_z.wsc,63020,63487,21,dlc_esc_zombieCave02x,78
medium_update_thread_z.wsc,63020,63514,15,esc_bullRing01x,79
medium_update_thread_z.wsc,63020,63535,22,esc_bullRing01props01x,80
medium_update_thread_z.wsc,63020,63563,21,dlc_esc_zombieCave01x,81
medium_update_thread_z.wsc,63020,63590,28,dlc_esc_zombieCave01Props01x,82
medium_update_thread_z.wsc,63020,63624,28,dlc_esc_zombieCave01Props02x,83
medium_update_thread_z.wsc,63020,63658,28,dlc_esc_zombieCave01Props03x,84
medium_update_thread_z.wsc,63020,63695,6,icarus,85
medium_update_thread_z.wsc,63020,63710,24,chu_gatlingBreakables01x,86
medium_update_thread_z.wsc,63020,63740,24,lsh_gatlingBreakables01x,87
medium_update_thread_z.wsc,63020,63776,13,mp_lsh_ffa01x,88
medium_update_thread_z.wsc,63020,63798,13,mp_lsh_ffa01x,89
medium_update_thread_z.wsc,63020,63820,12,sp_anthro01x,90
medium_update_thread_z.wsc,63020,63847,12,beh_grave01x,91
medium_update_thread_z.wsc,63020,63865,12,beh_grave02x,92
medium_update_thread_z.wsc,63020,63883,12,beh_grave03x,93
medium_update_thread_z.wsc,63020,63904,12,beh_grave01x,94
medium_update_thread_z.wsc,63020,63922,12,beh_grave02x,95
medium_update_thread_z.wsc,63020,63940,12,beh_grave03x,96
medium_update_thread_z.wsc,63020,63961,24,rsdGPSTRAIL_elm_cas_path,97
medium_update_thread_z.wsc,63020,63996,20,rsdGPSTRAIL_curve495,98
medium_update_thread_z.wsc,63020,64027,39,rsdGPSTRAIL_elm_cas_pathdetachedCurve12,99
medium_update_thread_z.wsc,63020,64077,39,rsdGPSTRAIL_elm_cas_pathdetachedCurve13,100
medium_update_thread_z.wsc,63020,64127,25,rsdGPSTRAIL_elm_cas_loop1,101
medium_update_thread_z.wsc,63020,64163,36,rsdTRAIL_cas_ram_pathdetachedCurve10,102
medium_update_thread_z.wsc,63020,64210,35,rsdTRAIL_cas_ram_pathdetachedCurve8,103
medium_update_thread_z.wsc,63020,64256,35,rsdTRAIL_cas_ram_pathdetachedCurve6,104
medium_update_thread_z.wsc,63020,64302,35,rsdTRAIL_las_nos_pathdetachedCurve2,105
medium_update_thread_z.wsc,63020,64346,51,o2rsdROAD_las_esc_roaddetachedCurve10detachedCurve1,106
medium_update_thread_z.wsc,63020,64408,16,rsdTRAIL_curve44,107
medium_update_thread_z.wsc,63020,64435,35,rsdROAD_las_esc_roaddetachedCurve18,108
medium_update_thread_z.wsc,63020,64481,35,rsdTRAIL_cas_ram_pathdetachedCurve2,109
medium_update_thread_z.wsc,63020,64525,51,o2rsdTRAIL_cas_ram_pathdetachedCurve4detachedCurve2,110
medium_update_thread_z.wsc,63020,64587,30,rsdROAD_las_roaddetachedCurve4,111
medium_update_thread_z.wsc,63020,64628,30,rsdROAD_las_roaddetachedCurve2,112
medium_update_thread_z.wsc,63020,64669,15,rsdROAD_curve69,113
medium_update_thread_z.wsc,63020,64695,16,rsdROAD_las_road,114
medium_update_thread_z.wsc,63020,64722,16,rsdROAD_frb_road,115
medium_update_thread_z.wsc,63020,64749,19,rsdGPSTRAIL_curve98,116
medium_update_thread_z.wsc,63020,64777,53,o4rsdGPSROAD_elm_cas_roaddetachedCurve4detachedCurve2,117
medium_update_thread_z.wsc,63020,64841,37,rsdGPSROAD_elm_cas_roaddetachedCurve4,118
medium_update_thread_z.wsc,63020,64887,57,o8rsdGPSTRAIL_elm_loop01_pathdetachedCurve2detachedCurve2,119
medium_update_thread_z.wsc,63020,64955,20,rsdGPSTRAIL_curve634,120
medium_update_thread_z.wsc,63020,64986,20,rsdGPSTRAIL_curve635,121
medium_update_thread_z.wsc,63020,65017,20,rsdGPSTRAIL_curve636,122
medium_update_thread_z.wsc,63020,65048,17,rsdTRAIL_curve637,123
medium_update_thread_z.wsc,63020,65076,17,rsdTRAIL_curve638,124
medium_update_thread_z.wsc,63020,65104,38,rsdTRAIL_cas_loop04_pathdetachedCurve2,125
medium_update_thread_z.wsc,63020,65153,16,rsdTRAIL_curve70,126
medium_update_thread_z.wsc,63020,65180,24,rsdTRAIL_cas_loop04_path,127
medium_update_thread_z.wsc,63020,65215,38,rsdTRAIL_cas_loop05_pathdetachedCurve4,128
