native,sector_or_curve,arg,function,function_pos_hex,case_hex,case_dec,nearest_if,text_offset
DISABLE_CHILD_SECTOR,beh_silo02x,,Function_296,12C5C,0x00000004,4,"if (iVar1 == 57)
            {",366811
ENABLE_CHILD_SECTOR,beh_silo01x,,Function_296,12C5C,0x00000004,4,"if (iVar1 == 57)
            {",366864
DISABLE_CHILD_SECTOR,beh_house02x,,Function_296,12C5C,0x00000004,4,"if (iVar1 == 57)
            {",366916
DISABLE_CHILD_SECTOR,beh_house02props01x,,Function_296,12C5C,0x00000004,4,"if (iVar1 == 57)
            {",366970
ENABLE_CHILD_SECTOR,beh_house01x,,Function_296,12C5C,0x00000004,4,"if (iVar1 == 57)
            {",367031
ENABLE_CHILD_SECTOR,beh_house01props01x,,Function_296,12C5C,0x00000004,4,"if (iVar1 == 57)
            {",367084
DISABLE_CHILD_SECTOR,beh_silo02x,,Function_427,1AC5C,0x00000004,4,"if (iVar1 == 57)
            {",504173
ENABLE_CHILD_SECTOR,beh_silo01x,,Function_427,1AC5C,0x00000004,4,"if (iVar1 == 57)
            {",504226
DISABLE_CHILD_SECTOR,beh_house02x,,Function_427,1AC5C,0x00000004,4,"if (iVar1 == 57)
            {",504278
DISABLE_CHILD_SECTOR,beh_house02props01x,,Function_427,1AC5C,0x00000004,4,"if (iVar1 == 57)
            {",504332
ENABLE_CHILD_SECTOR,beh_house01x,,Function_427,1AC5C,0x00000004,4,"if (iVar1 == 57)
            {",504393
ENABLE_CHILD_SECTOR,beh_house01props01x,,Function_427,1AC5C,0x00000004,4,"if (iVar1 == 57)
            {",504446
DISABLE_WORLD_SECTOR,ramitaBayaBefore,,Function_562,24375,0x00000000,0,"if (Function_108(25, 0))
                    {",624944
ENABLE_WORLD_SECTOR,ramitaBayaAfter,,Function_562,24375,0x00000000,0,"if (Function_108(25, 0))
                    {",625010
ENABLE_CURVE,rsdROAD_frb_road,1,Function_562,24375,0x00000000,0,"if (Function_108(25, 0))
                    {",625074
ENABLE_CURVE,rsdROAD_fom_frb_road,1,Function_562,24375,0x00000000,0,"if (Function_108(25, 0))
                    {",625135
ENABLE_CURVE,rsdGPSTRAIL_curve221,1,Function_562,24375,0x00000000,0,"if (Function_108(25, 0))
                    {",625200
DISABLE_WORLD_SECTOR,butterBridgeA,,Function_562,24375,0x00000001,1,"if (Function_108(25, 0) && !Function_108(26, 0))
                    {",625504
DISABLE_WORLD_SECTOR,butterBridgeC,,Function_562,24375,0x00000001,1,"if (Function_108(25, 0) && !Function_108(26, 0))
                    {",625567
DISABLE_WORLD_SECTOR,butterBridgeD,,Function_562,24375,0x00000001,1,"if (Function_108(25, 0) && !Function_108(26, 0))
                    {",625630
ENABLE_WORLD_SECTOR,butterBridgeB,,Function_562,24375,0x00000001,1,"if (Function_108(25, 0) && !Function_108(26, 0))
                    {",625693
ENABLE_CURVE,rsdGPSTRAIL_butterBridge_path,1,Function_562,24375,0x00000001,1,"if (Function_108(25, 0) && !Function_108(26, 0))
                    {",625755
DISABLE_WORLD_SECTOR,butterBridgeB,,Function_562,24375,0x00000002,2,"if ((Function_108(25, 0) && Function_108(26, 0)) && !Function_108(29, 0))
                    {",626093
DISABLE_WORLD_SECTOR,butterBridgeA,,Function_562,24375,0x00000002,2,"if ((Function_108(25, 0) && Function_108(26, 0)) && !Function_108(29, 0))
                    {",626156
DISABLE_WORLD_SECTOR,butterBridgeC,,Function_562,24375,0x00000002,2,"if ((Function_108(25, 0) && Function_108(26, 0)) && !Function_108(29, 0))
                    {",626219
ENABLE_WORLD_SECTOR,butterBridgeD,,Function_562,24375,0x00000002,2,"if ((Function_108(25, 0) && Function_108(26, 0)) && !Function_108(29, 0))
                    {",626282
ENABLE_CURVE,rsdGPSTRAIL_butterBridge_path,0,Function_562,24375,0x00000002,2,"if ((Function_108(25, 0) && Function_108(26, 0)) && !Function_108(29, 0))
                    {",626344
DISABLE_WORLD_SECTOR,butterBridgeA,,Function_562,24375,0x00000003,3,"if ((Function_108(25, 0) && Function_108(26, 0)) && Function_108(29, 0))
                    {",626681
DISABLE_WORLD_SECTOR,butterBridgeD,,Function_562,24375,0x00000003,3,"if ((Function_108(25, 0) && Function_108(26, 0)) && Function_108(29, 0))
                    {",626744
DISABLE_WORLD_SECTOR,butterBridgeC,,Function_562,24375,0x00000003,3,"if ((Function_108(25, 0) && Function_108(26, 0)) && Function_108(29, 0))
                    {",626807
ENABLE_WORLD_SECTOR,butterBridgeB,,Function_562,24375,0x00000003,3,"if ((Function_108(25, 0) && Function_108(26, 0)) && Function_108(29, 0))
                    {",626870
ENABLE_CURVE,rsdGPSTRAIL_butterBridge_path,1,Function_562,24375,0x00000003,3,"if ((Function_108(25, 0) && Function_108(26, 0)) && Function_108(29, 0))
                    {",626932
DISABLE_WORLD_SECTOR,tannersSpanBefore,,Function_562,24375,0x00000004,4,"if (Function_108(41, 0))
                    {",627221
ENABLE_WORLD_SECTOR,tannersSpanAfter,,Function_562,24375,0x00000004,4,"if (Function_108(41, 0))
                    {",627288
DISABLE_WORLD_SECTOR,dixonCrossingBefore,,Function_562,24375,0x00000005,5,"if (Function_108(41, 0))
                    {",627568
ENABLE_WORLD_SECTOR,dixonCrossingAfter,,Function_562,24375,0x00000005,5,"if (Function_108(41, 0))
                    {",627637
ENABLE_CURVE,rsdROAD_thi_blk_road,1,Function_562,24375,0x00000005,5,"if (Function_108(41, 0))
                    {",627704
ENABLE_CURVE,rsdROAD_thi_blk_roaddetachedCurve2,1,Function_562,24375,0x00000005,5,"if (Function_108(41, 0))
                    {",627769
ENABLE_CURVE,rsdGPSTRAIL_curve124,1,Function_562,24375,0x00000005,5,"if (Function_108(41, 0))
                    {",627848
ENABLE_CURVE,rsdGPSTRAIL_curve132,1,Function_562,24375,0x00000005,5,"if (Function_108(41, 0))
                    {",627913
DISABLE_CHILD_SECTOR,hen_barn01x,,Function_562,24375,0x00000006,6,"if (Function_108(22, 0) && !Function_108(41, 0))
                    {",628217
DISABLE_CHILD_SECTOR,hen_barn01props01x,,Function_562,24375,0x00000006,6,"if (Function_108(22, 0) && !Function_108(41, 0))
                    {",628278
DISABLE_CHILD_SECTOR,hen_barn01props02x,,Function_562,24375,0x00000006,6,"if (Function_108(22, 0) && !Function_108(41, 0))
                    {",628346
ENABLE_CHILD_SECTOR,hen_barn02x,,Function_562,24375,0x00000006,6,"if (Function_108(22, 0) && !Function_108(41, 0))
                    {",628414
ENABLE_CHILD_SECTOR,hen_barn02props01x,,Function_562,24375,0x00000006,6,"if (Function_108(22, 0) && !Function_108(41, 0))
                    {",628474
ENABLE_CHILD_SECTOR,hen_barn01x,,Function_562,24375,0x00000007,7,"if (Function_108(22, 0) && Function_108(41, 0))
                    {",628779
ENABLE_CHILD_SECTOR,hen_barn01props01x,,Function_562,24375,0x00000007,7,"if (Function_108(22, 0) && Function_108(41, 0))
                    {",628839
ENABLE_CHILD_SECTOR,hen_barn01props02x,,Function_562,24375,0x00000007,7,"if (Function_108(22, 0) && Function_108(41, 0))
                    {",628906
DISABLE_CHILD_SECTOR,hen_barn02x,,Function_562,24375,0x00000007,7,"if (Function_108(22, 0) && Function_108(41, 0))
                    {",628973
DISABLE_CHILD_SECTOR,hen_barn02props01x,,Function_562,24375,0x00000007,7,"if (Function_108(22, 0) && Function_108(41, 0))
                    {",629034
DISABLE_WORLD_SECTOR,campoMiradaBefore,,Function_562,24375,0x00000008,8,"if (Function_108(34, 0))
                    {",629317
ENABLE_WORLD_SECTOR,campoMiradaAfter,,Function_562,24375,0x00000008,8,"if (Function_108(34, 0))
                    {",629384
DISABLE_WORLD_SECTOR,fronteraBridgeBefore,,Function_562,24375,0x00000009,9,"if (Function_108(26, 0) || Function_108(30, 0))
                    {",629687
ENABLE_WORLD_SECTOR,fronteraBridgeAfter,,Function_562,24375,0x00000009,9,"if (Function_108(26, 0) || Function_108(30, 0))
                    {",629757
DISABLE_CHILD_SECTOR,fod_gates01x,,Function_562,24375,0x0000000A,10,"if (Function_108(40, 0))
                    {",630040
ENABLE_CHILD_SECTOR,fod_gates02x,,Function_562,24375,0x0000000A,10,"if (Function_108(40, 0))
                    {",630102
ENABLE_CHILD_SECTOR,fod_gates02Doors01x,,Function_562,24375,0x0000000A,10,"if (Function_108(40, 0))
                    {",630163
DISABLE_CHILD_SECTOR,coc_fence01x,,Function_562,24375,0x0000000B,11,"if (Function_108(48, 0))
                    {",630446
ENABLE_CHILD_SECTOR,coc_fence01bx,,Function_562,24375,0x0000000B,11,"if (Function_108(48, 0))
                    {",630508
ENABLE_CHILD_SECTOR,coc_gates02x,,Function_562,24375,0x0000000B,11,"if (Function_108(48, 0))
                    {",630570
DISABLE_CHILD_SECTOR,coc_gates01x,,Function_562,24375,0x0000000B,11,"if (Function_108(48, 0))
                    {",630631
DISABLE_WORLD_SECTOR,masonBridgeBefore,,Function_562,24375,0x0000000C,12,"if (Function_108(41, 0))
                    {",630908
ENABLE_WORLD_SECTOR,masonBridgeAfter,,Function_562,24375,0x0000000C,12,"if (Function_108(41, 0))
                    {",630975
DISABLE_CHILD_SECTOR,lmf_troughBefore01x,,Function_562,24375,0x0000000D,13,"if (Function_108(41, 0))
                    {",631255
ENABLE_CHILD_SECTOR,lmf_troughAfter01x,,Function_562,24375,0x0000000D,13,"if (Function_108(41, 0))
                    {",631324
DISABLE_CHILD_SECTOR,rwf_barn01xprops02x,,Function_562,24375,0x0000000F,15,"if (Function_108(21, 0))
                    {",631683
ENABLE_CHILD_SECTOR,rwf_barn01xprops01x,,Function_562,24375,0x0000000F,15,"if (Function_108(21, 0))
                    {",631752
DISABLE_CHILD_SECTOR,beh_silo02x,,Function_562,24375,0x00000010,16,"if (Function_108(57, 0) | 57)
                    {",632080
ENABLE_CHILD_SECTOR,beh_silo01x,,Function_562,24375,0x00000010,16,"if (Function_108(57, 0) | 57)
                    {",632141
DISABLE_CHILD_SECTOR,beh_house02x,,Function_562,24375,0x00000011,17,"if (Function_108(48, 0))
                    {",632416
DISABLE_CHILD_SECTOR,beh_house02props01x,,Function_562,24375,0x00000011,17,"if (Function_108(48, 0))
                    {",632478
ENABLE_CHILD_SECTOR,beh_house01x,,Function_562,24375,0x00000011,17,"if (Function_108(48, 0))
                    {",632547
ENABLE_CHILD_SECTOR,beh_house01props01x,,Function_562,24375,0x00000011,17,"if (Function_108(48, 0))
                    {",632608
DISABLE_CHILD_SECTOR,tor_militaryCamp01x,,Function_562,24375,0x00000012,18,"if (Function_108(28, 0))
                    {",632891
ENABLE_CHILD_SECTOR,tor_militaryCamp02x,,Function_562,24375,0x00000012,18,"if (Function_108(28, 0))
                    {",632960
DISABLE_CHILD_SECTOR,esc_villaWall04x,,Function_562,24375,0x00000013,19,"if (Function_108(41, 0))
                    {",633243
ENABLE_CHILD_SECTOR,esc_villaWall05x,,Function_562,24375,0x00000013,19,"if (Function_108(41, 0))
                    {",633309
ENABLE_CHILD_SECTOR,icarus,,Function_562,24375,0x00000014,20,"if (Function_122(37))
                    {",633586
ENABLE_CHILD_SECTOR,beh_grave02x,,Function_562,24375,0x00000017,23,"if (Function_108(57, 0))
                    {",634010
ENABLE_CHILD_SECTOR,beh_grave03x,,Function_562,24375,0x00000017,23,"if (Function_108(57, 0))
                    {",634071
DISABLE_CHILD_SECTOR,beh_grave01x,,Function_562,24375,0x00000017,23,"if (Function_108(57, 0))
                    {",634132
ENABLE_CURVE,rsdGPSTRAIL_elm_cas_path,1,Function_562,24375,0x00000018,24,"if (Function_108(25, 0))
                    {",634409
ENABLE_CURVE,rsdGPSTRAIL_curve495,1,Function_562,24375,0x00000018,24,"if (Function_108(25, 0))
                    {",634478
ENABLE_CURVE,rsdGPSTRAIL_elm_cas_pathdetachedCurve12,1,Function_562,24375,0x00000018,24,"if (Function_108(25, 0))
                    {",634543
ENABLE_CURVE,rsdGPSTRAIL_elm_cas_pathdetachedCurve13,1,Function_562,24375,0x00000018,24,"if (Function_108(25, 0))
                    {",634627
ENABLE_CURVE,rsdGPSTRAIL_elm_cas_loop1,1,Function_562,24375,0x00000018,24,"if (Function_108(25, 0))
                    {",634711
ENABLE_CURVE,rsdTRAIL_cas_ram_pathdetachedCurve10,1,Function_562,24375,0x00000018,24,"if (Function_108(25, 0))
                    {",634781
ENABLE_CURVE,rsdTRAIL_cas_ram_pathdetachedCurve8,1,Function_562,24375,0x00000018,24,"if (Function_108(25, 0))
                    {",634862
ENABLE_CURVE,rsdTRAIL_cas_ram_pathdetachedCurve6,1,Function_562,24375,0x00000018,24,"if (Function_108(25, 0))
                    {",634942
ENABLE_CURVE,rsdTRAIL_las_nos_pathdetachedCurve2,1,Function_562,24375,0x00000018,24,,635022
ENABLE_CURVE,rsdROAD_las_esc_roaddetachedCurve10detachedCurve1,1,Function_562,24375,0x00000018,24,,635102
ENABLE_CURVE,rsdTRAIL_curve44,1,Function_562,24375,0x00000018,24,,635196
ENABLE_CURVE,rsdROAD_las_esc_roaddetachedCurve18,1,Function_562,24375,0x00000018,24,,635257
ENABLE_CURVE,rsdTRAIL_cas_ram_pathdetachedCurve2,1,Function_562,24375,0x00000018,24,,635337
ENABLE_CURVE,rsdTRAIL_cas_ram_pathdetachedCurve4detachedCurve2,1,Function_562,24375,0x00000018,24,,635417
ENABLE_CURVE,rsdROAD_las_roaddetachedCurve4,1,Function_562,24375,0x00000018,24,,635511
ENABLE_CURVE,rsdROAD_las_roaddetachedCurve2,1,Function_562,24375,0x00000018,24,,635586
ENABLE_CURVE,rsdROAD_curve69,1,Function_562,24375,0x00000018,24,,635661
ENABLE_CURVE,rsdROAD_las_road,1,Function_562,24375,0x00000018,24,,635721
ENABLE_CURVE,rsdROAD_frb_road,1,Function_562,24375,0x00000018,24,,635782
ENABLE_CURVE,rsdGPSTRAIL_curve98,1,Function_562,24375,0x00000018,24,,635843
ENABLE_CURVE,rsdGPSROAD_elm_cas_roaddetachedCurve4detachedCurve2,1,Function_562,24375,0x00000018,24,,635907
ENABLE_CURVE,rsdGPSROAD_elm_cas_roaddetachedCurve4,1,Function_562,24375,0x00000018,24,,636003
ENABLE_CURVE,rsdGPSTRAIL_elm_loop01_pathdetachedCurve2detachedCurve2,1,Function_562,24375,0x00000018,24,,636085
ENABLE_CURVE,rsdGPSTRAIL_curve634,1,Function_562,24375,0x00000018,24,,636185
ENABLE_CURVE,rsdGPSTRAIL_curve635,1,Function_562,24375,0x00000018,24,,636250
ENABLE_CURVE,rsdGPSTRAIL_curve636,1,Function_562,24375,0x00000018,24,,636315
ENABLE_CURVE,rsdTRAIL_curve637,1,Function_562,24375,0x00000018,24,,636380
ENABLE_CURVE,rsdTRAIL_curve638,1,Function_562,24375,0x00000018,24,,636442
ENABLE_CURVE,rsdTRAIL_cas_loop04_pathdetachedCurve2,1,Function_562,24375,0x00000018,24,,636504
ENABLE_CURVE,rsdTRAIL_curve70,1,Function_562,24375,0x00000018,24,,636587
ENABLE_CURVE,rsdTRAIL_cas_loop04_path,1,Function_562,24375,0x00000018,24,,636648
ENABLE_CURVE,rsdTRAIL_cas_loop05_pathdetachedCurve4,1,Function_562,24375,0x00000018,24,,636717
ENABLE_CURVE,rsdTRAIL_cas_loop05_pathdetachedCurve2,1,Function_562,24375,0x00000018,24,,636800
ENABLE_CURVE,rsdTRAIL_cas_loop01_pathdetachedCurve2detachedCurve2,1,Function_562,24375,0x00000018,24,,636883
ENABLE_CURVE,rsdTRAIL_chu_loop01_pathdetachedCurve2detachedCurve2detachedCurve2detachedCurve2,1,Function_562,24375,0x00000018,24,,636980
ENABLE_CURVE,rsdTRAIL_chu_loop01_pathdetachedCurve2detachedCurve2detachedCurve2,1,Function_562,24375,0x00000018,24,,637105
ENABLE_CURVE,rsdTRAIL_chu_loop01_pathdetachedCurve2detachedCurve2,1,Function_562,24375,0x00000018,24,,637216
ENABLE_CURVE,rsdTRAIL_chu_loop01_pathdetachedCurve2,1,Function_562,24375,0x00000018,24,,637313
ENABLE_CURVE,rsdTRAIL_chu_loop01_pathdetachedCurve4,1,Function_562,24375,0x00000018,24,,637396
ENABLE_CURVE,rsdTRAIL_elm_cas_pathdetachedCurve10,1,Function_562,24375,0x00000018,24,,637479
ENABLE_CURVE,rsdTRAIL_elm_cas_pathdetachedCurve8,1,Function_562,24375,0x00000018,24,,637560
ENABLE_CURVE,rsdTRAIL_cas_loop03_path1,1,Function_562,24375,0x00000018,24,,637640
ENABLE_CURVE,rsdTRAIL_cas_loop03_path,1,Function_562,24375,0x00000018,24,,637710
ENABLE_CURVE,rsdTRAIL_elm_cas_pathdetachedCurve6,1,Function_562,24375,0x00000018,24,,637779
ENABLE_CURVE,rsdTRAIL_elm_cas_pathdetachedCurve4,1,Function_562,24375,0x00000018,24,,637859
ENABLE_CURVE,rsdTRAIL_elm_cas_pathdetachedCurve2,1,Function_562,24375,0x00000018,24,,637939
ENABLE_CURVE,rsdTRAIL_cas_loop02_path,1,Function_562,24375,0x00000018,24,,638019
ENABLE_CURVE,rsdTRAIL_cas_loop01_path1,1,Function_562,24375,0x00000018,24,,638088
ENABLE_CURVE,rsdTRAIL_cas_loop01_path,1,Function_562,24375,0x00000018,24,,638158
ENABLE_CURVE,rsdTRAIL_cas_loop03_path1detachedCurve4,1,Function_562,24375,0x00000018,24,,638227
ENABLE_CURVE,rsdTRAIL_cas_loop03_pathdetachedCurve4,1,Function_562,24375,0x00000018,24,,638311
ENABLE_CURVE,rsdTRAIL_cas_loop03_pathdetachedCurve2,1,Function_562,24375,0x00000018,24,,638394
ENABLE_CURVE,rsdTRAIL_cas_loop03_path1detachedCurve2,1,Function_562,24375,0x00000018,24,,638477
ENABLE_CURVE,rsdTRAIL_chu_loop01_path3detachedCurve2,1,Function_562,24375,0x00000018,24,,638561
ENABLE_CURVE,rsdTRAIL_chu_loop01_path3,1,Function_562,24375,0x00000018,24,,638645
ENABLE_CURVE,rsdTRAIL_cas_loop09_path,1,Function_562,24375,0x00000018,24,,638715
ENABLE_CURVE,rsdTRAIL_cas_loop06__path,1,Function_562,24375,0x00000018,24,,638784
ENABLE_CURVE,rsdTRAIL_cas_loop01_path1detachedCurve4,1,Function_562,24375,0x00000018,24,,638854
ENABLE_CURVE,rsdTRAIL_cas_loop01_pathdetachedCurve4,1,Function_562,24375,0x00000018,24,,638938
ENABLE_CURVE,rsdTRAIL_cas_loop01_path1detachedCurve2,1,Function_562,24375,0x00000018,24,,639021
ENABLE_CURVE,rsdTRAIL_cas_loop01_path1detachedCurve6,1,Function_562,24375,0x00000018,24,,639105
ENABLE_CURVE,rsdTRAIL_cas_loop07_pathdetachedCurve2detachedCurve2,1,Function_562,24375,0x00000018,24,,639189
ENABLE_CURVE,rsdTRAIL_cas_loop07_pathdetachedCurve2,1,Function_562,24375,0x00000018,24,,639286
ENABLE_CURVE,rsdTRAIL_cas_loop07_path,1,Function_562,24375,0x00000018,24,,639369
ENABLE_CURVE,rsdTRAIL_cas_loop02_path1,1,Function_562,24375,0x00000018,24,,639438
ENABLE_CURVE,rsdTRAIL_cas_ram_pathdetachedCurve4,1,Function_562,24375,0x00000018,24,,639508
ENABLE_CURVE,rsdTRAIL_cas_loop02_path1detachedCurve4,1,Function_562,24375,0x00000018,24,,639588
ENABLE_CURVE,rsdTRAIL_cas_loop02_path1detachedCurve2,1,Function_562,24375,0x00000018,24,,639672
ENABLE_CURVE,rsdROAD_las_esc_roaddetachedCurve20detachedCurve2,1,Function_562,24375,0x00000018,24,,639756
ENABLE_CURVE,rsdROAD_las_esc_roaddetachedCurve16,1,Function_562,24375,0x00000018,24,,639850
ENABLE_CURVE,rsdROAD_las_esc_roaddetachedCurve12,1,Function_562,24375,0x00000018,24,,639930
ENABLE_CURVE,rsdROAD_las_esc_roaddetachedCurve14,1,Function_562,24375,0x00000018,24,,640010
ENABLE_CURVE,rsdGPSTRAIL_curve163,1,Function_562,24375,0x00000018,24,,640090
ENABLE_CURVE,rsdTRAIL_curve297,1,Function_562,24375,0x00000018,24,,640155
ENABLE_CURVE,rsdTRAIL_curve71,1,Function_562,24375,0x00000018,24,,640217
ENABLE_CURVE,rsdTRAIL_curve72,1,Function_562,24375,0x00000018,24,,640278
ENABLE_CURVE,rsdTRAIL_cas_ram_path,1,Function_562,24375,0x00000018,24,,640339
ENABLE_CURVE,rsdTRAIL_cas_loop04_pathdetachedCurve2detachedCurve2,1,Function_562,24375,0x00000018,24,,640405
ENABLE_CURVE,rsdTRAIL_cas_loop05_path,1,Function_562,24375,0x00000018,24,,640502
ENABLE_CURVE,rsdTRAIL_cas_loop08_path,1,Function_562,24375,0x00000018,24,,640571
ENABLE_CURVE,rsdGPSTRAIL_curve77,1,Function_562,24375,0x00000018,24,,640640
ENABLE_CURVE,rsdGPSTRAIL_curve78,1,Function_562,24375,0x00000018,24,,640704
ENABLE_CURVE,rsdGPSTRAIL_curve78,1,Function_562,24375,0x00000018,24,,640768
ENABLE_CURVE,rsdGPSTRAIL_curve79,1,Function_562,24375,0x00000018,24,,640832
ENABLE_CURVE,rsdGPSTRAIL_elm_loop01_pathdetachedCurve2detachedCurve4,1,Function_562,24375,0x00000018,24,,640896
ENABLE_CURVE,rsdGPSTRAIL_elm_loop01_pathdetachedCurve2,1,Function_562,24375,0x00000018,24,,640996
ENABLE_CURVE,rsdGPSTRAIL_elm_loop01_path,1,Function_562,24375,0x00000018,24,,641082
ENABLE_CURVE,rsdGPSTRAIL_elm_loop02_path,1,Function_562,24375,0x00000018,24,,641154
ENABLE_CURVE,rsdROAD_elm_cas_roaddetachedCurve8,1,Function_562,24375,0x00000018,24,,641226
ENABLE_CURVE,rsdROAD_elm_cas_roaddetachedCurve6,1,Function_562,24375,0x00000018,24,,641305
ENABLE_CURVE,rsdROAD_las_esc_roaddetachedCurve20,1,Function_562,24375,0x00000018,24,,641384
ENABLE_CHILD_SECTOR,emt_caveDoor02x,,Function_562,24375,0x00000019,25,"if (Function_108(32, 0))
                    {",641679
DISABLE_CHILD_SECTOR,emt_caveDoor01x,,Function_562,24375,0x00000019,25,"if (Function_108(32, 0))
                    {",641743
ENABLE_CHILD_SECTOR,thi_window02x,,Function_562,24375,0x0000001A,26,"if (Function_108(20, 0))
                    {",642023
DISABLE_CHILD_SECTOR,thi_window01x,,Function_562,24375,0x0000001A,26,"if (Function_108(20, 0))
                    {",642085
DISABLE_WORLD_SECTOR,ramitaBayaBefore,,Function_714,30375,0x00000000,0,"if (Function_108(25, 0))
                    {",785448
ENABLE_WORLD_SECTOR,ramitaBayaAfter,,Function_714,30375,0x00000000,0,"if (Function_108(25, 0))
                    {",785514
ENABLE_CURVE,rsdROAD_frb_road,1,Function_714,30375,0x00000000,0,"if (Function_108(25, 0))
                    {",785578
ENABLE_CURVE,rsdROAD_fom_frb_road,1,Function_714,30375,0x00000000,0,"if (Function_108(25, 0))
                    {",785639
ENABLE_CURVE,rsdGPSTRAIL_curve221,1,Function_714,30375,0x00000000,0,"if (Function_108(25, 0))
                    {",785704
DISABLE_WORLD_SECTOR,butterBridgeA,,Function_714,30375,0x00000001,1,"if (Function_108(25, 0) && !Function_108(26, 0))
                    {",786008
DISABLE_WORLD_SECTOR,butterBridgeC,,Function_714,30375,0x00000001,1,"if (Function_108(25, 0) && !Function_108(26, 0))
                    {",786071
DISABLE_WORLD_SECTOR,butterBridgeD,,Function_714,30375,0x00000001,1,"if (Function_108(25, 0) && !Function_108(26, 0))
                    {",786134
ENABLE_WORLD_SECTOR,butterBridgeB,,Function_714,30375,0x00000001,1,"if (Function_108(25, 0) && !Function_108(26, 0))
                    {",786197
ENABLE_CURVE,rsdGPSTRAIL_butterBridge_path,1,Function_714,30375,0x00000001,1,"if (Function_108(25, 0) && !Function_108(26, 0))
                    {",786259
DISABLE_WORLD_SECTOR,butterBridgeB,,Function_714,30375,0x00000002,2,"if ((Function_108(25, 0) && Function_108(26, 0)) && !Function_108(29, 0))
                    {",786597
DISABLE_WORLD_SECTOR,butterBridgeA,,Function_714,30375,0x00000002,2,"if ((Function_108(25, 0) && Function_108(26, 0)) && !Function_108(29, 0))
                    {",786660
DISABLE_WORLD_SECTOR,butterBridgeC,,Function_714,30375,0x00000002,2,"if ((Function_108(25, 0) && Function_108(26, 0)) && !Function_108(29, 0))
                    {",786723
ENABLE_WORLD_SECTOR,butterBridgeD,,Function_714,30375,0x00000002,2,"if ((Function_108(25, 0) && Function_108(26, 0)) && !Function_108(29, 0))
                    {",786786
ENABLE_CURVE,rsdGPSTRAIL_butterBridge_path,0,Function_714,30375,0x00000002,2,"if ((Function_108(25, 0) && Function_108(26, 0)) && !Function_108(29, 0))
                    {",786848
DISABLE_WORLD_SECTOR,butterBridgeA,,Function_714,30375,0x00000003,3,"if ((Function_108(25, 0) && Function_108(26, 0)) && Function_108(29, 0))
                    {",787185
DISABLE_WORLD_SECTOR,butterBridgeD,,Function_714,30375,0x00000003,3,"if ((Function_108(25, 0) && Function_108(26, 0)) && Function_108(29, 0))
                    {",787248
DISABLE_WORLD_SECTOR,butterBridgeC,,Function_714,30375,0x00000003,3,"if ((Function_108(25, 0) && Function_108(26, 0)) && Function_108(29, 0))
                    {",787311
ENABLE_WORLD_SECTOR,butterBridgeB,,Function_714,30375,0x00000003,3,"if ((Function_108(25, 0) && Function_108(26, 0)) && Function_108(29, 0))
                    {",787374
ENABLE_CURVE,rsdGPSTRAIL_butterBridge_path,1,Function_714,30375,0x00000003,3,"if ((Function_108(25, 0) && Function_108(26, 0)) && Function_108(29, 0))
                    {",787436
DISABLE_WORLD_SECTOR,tannersSpanBefore,,Function_714,30375,0x00000004,4,"if (Function_108(41, 0))
                    {",787725
ENABLE_WORLD_SECTOR,tannersSpanAfter,,Function_714,30375,0x00000004,4,"if (Function_108(41, 0))
                    {",787792
DISABLE_WORLD_SECTOR,dixonCrossingBefore,,Function_714,30375,0x00000005,5,"if (Function_108(41, 0))
                    {",788072
ENABLE_WORLD_SECTOR,dixonCrossingAfter,,Function_714,30375,0x00000005,5,"if (Function_108(41, 0))
                    {",788141
ENABLE_CURVE,rsdROAD_thi_blk_road,1,Function_714,30375,0x00000005,5,"if (Function_108(41, 0))
                    {",788208
ENABLE_CURVE,rsdROAD_thi_blk_roaddetachedCurve2,1,Function_714,30375,0x00000005,5,"if (Function_108(41, 0))
                    {",788273
ENABLE_CURVE,rsdGPSTRAIL_curve124,1,Function_714,30375,0x00000005,5,"if (Function_108(41, 0))
                    {",788352
ENABLE_CURVE,rsdGPSTRAIL_curve132,1,Function_714,30375,0x00000005,5,"if (Function_108(41, 0))
                    {",788417
DISABLE_CHILD_SECTOR,hen_barn01x,,Function_714,30375,0x00000006,6,"if (Function_108(22, 0) && !Function_108(41, 0))
                    {",788721
DISABLE_CHILD_SECTOR,hen_barn01props01x,,Function_714,30375,0x00000006,6,"if (Function_108(22, 0) && !Function_108(41, 0))
                    {",788782
DISABLE_CHILD_SECTOR,hen_barn01props02x,,Function_714,30375,0x00000006,6,"if (Function_108(22, 0) && !Function_108(41, 0))
                    {",788850
ENABLE_CHILD_SECTOR,hen_barn02x,,Function_714,30375,0x00000006,6,"if (Function_108(22, 0) && !Function_108(41, 0))
                    {",788918
ENABLE_CHILD_SECTOR,hen_barn02props01x,,Function_714,30375,0x00000006,6,"if (Function_108(22, 0) && !Function_108(41, 0))
                    {",788978
ENABLE_CHILD_SECTOR,hen_barn01x,,Function_714,30375,0x00000007,7,"if (Function_108(22, 0) && Function_108(41, 0))
                    {",789283
ENABLE_CHILD_SECTOR,hen_barn01props01x,,Function_714,30375,0x00000007,7,"if (Function_108(22, 0) && Function_108(41, 0))
                    {",789343
ENABLE_CHILD_SECTOR,hen_barn01props02x,,Function_714,30375,0x00000007,7,"if (Function_108(22, 0) && Function_108(41, 0))
                    {",789410
DISABLE_CHILD_SECTOR,hen_barn02x,,Function_714,30375,0x00000007,7,"if (Function_108(22, 0) && Function_108(41, 0))
                    {",789477
DISABLE_CHILD_SECTOR,hen_barn02props01x,,Function_714,30375,0x00000007,7,"if (Function_108(22, 0) && Function_108(41, 0))
                    {",789538
DISABLE_WORLD_SECTOR,campoMiradaBefore,,Function_714,30375,0x00000008,8,"if (Function_108(34, 0))
                    {",789821
ENABLE_WORLD_SECTOR,campoMiradaAfter,,Function_714,30375,0x00000008,8,"if (Function_108(34, 0))
                    {",789888
DISABLE_WORLD_SECTOR,fronteraBridgeBefore,,Function_714,30375,0x00000009,9,"if (Function_108(26, 0) || Function_108(30, 0))
                    {",790191
ENABLE_WORLD_SECTOR,fronteraBridgeAfter,,Function_714,30375,0x00000009,9,"if (Function_108(26, 0) || Function_108(30, 0))
                    {",790261
DISABLE_CHILD_SECTOR,fod_gates01x,,Function_714,30375,0x0000000A,10,"if (Function_108(40, 0))
                    {",790544
ENABLE_CHILD_SECTOR,fod_gates02x,,Function_714,30375,0x0000000A,10,"if (Function_108(40, 0))
                    {",790606
ENABLE_CHILD_SECTOR,fod_gates02Doors01x,,Function_714,30375,0x0000000A,10,"if (Function_108(40, 0))
                    {",790667
DISABLE_CHILD_SECTOR,coc_fence01x,,Function_714,30375,0x0000000B,11,"if (Function_108(48, 0))
                    {",790950
ENABLE_CHILD_SECTOR,coc_fence01bx,,Function_714,30375,0x0000000B,11,"if (Function_108(48, 0))
                    {",791012
ENABLE_CHILD_SECTOR,coc_gates02x,,Function_714,30375,0x0000000B,11,"if (Function_108(48, 0))
                    {",791074
DISABLE_CHILD_SECTOR,coc_gates01x,,Function_714,30375,0x0000000B,11,"if (Function_108(48, 0))
                    {",791135
DISABLE_WORLD_SECTOR,masonBridgeBefore,,Function_714,30375,0x0000000C,12,"if (Function_108(41, 0))
                    {",791412
ENABLE_WORLD_SECTOR,masonBridgeAfter,,Function_714,30375,0x0000000C,12,"if (Function_108(41, 0))
                    {",791479
DISABLE_CHILD_SECTOR,lmf_troughBefore01x,,Function_714,30375,0x0000000D,13,"if (Function_108(41, 0))
                    {",791759
ENABLE_CHILD_SECTOR,lmf_troughAfter01x,,Function_714,30375,0x0000000D,13,"if (Function_108(41, 0))
                    {",791828
DISABLE_CHILD_SECTOR,rwf_barn01xprops02x,,Function_714,30375,0x0000000F,15,"if (Function_108(21, 0))
                    {",792187
ENABLE_CHILD_SECTOR,rwf_barn01xprops01x,,Function_714,30375,0x0000000F,15,"if (Function_108(21, 0))
                    {",792256
DISABLE_CHILD_SECTOR,beh_silo02x,,Function_714,30375,0x00000010,16,"if (Function_108(57, 0) | 57)
                    {",792584
ENABLE_CHILD_SECTOR,beh_silo01x,,Function_714,30375,0x00000010,16,"if (Function_108(57, 0) | 57)
                    {",792645
DISABLE_CHILD_SECTOR,beh_house02x,,Function_714,30375,0x00000011,17,"if (Function_108(48, 0))
                    {",792920
DISABLE_CHILD_SECTOR,beh_house02props01x,,Function_714,30375,0x00000011,17,"if (Function_108(48, 0))
                    {",792982
ENABLE_CHILD_SECTOR,beh_house01x,,Function_714,30375,0x00000011,17,"if (Function_108(48, 0))
                    {",793051
ENABLE_CHILD_SECTOR,beh_house01props01x,,Function_714,30375,0x00000011,17,"if (Function_108(48, 0))
                    {",793112
DISABLE_CHILD_SECTOR,tor_militaryCamp01x,,Function_714,30375,0x00000012,18,"if (Function_108(28, 0))
                    {",793395
ENABLE_CHILD_SECTOR,tor_militaryCamp02x,,Function_714,30375,0x00000012,18,"if (Function_108(28, 0))
                    {",793464
DISABLE_CHILD_SECTOR,esc_villaWall04x,,Function_714,30375,0x00000013,19,"if (Function_108(41, 0))
                    {",793747
ENABLE_CHILD_SECTOR,esc_villaWall05x,,Function_714,30375,0x00000013,19,"if (Function_108(41, 0))
                    {",793813
ENABLE_CHILD_SECTOR,icarus,,Function_714,30375,0x00000014,20,"if (Function_122(37))
                    {",794090
ENABLE_CHILD_SECTOR,beh_grave02x,,Function_714,30375,0x00000017,23,"if (Function_108(57, 0))
                    {",794514
ENABLE_CHILD_SECTOR,beh_grave03x,,Function_714,30375,0x00000017,23,"if (Function_108(57, 0))
                    {",794575
DISABLE_CHILD_SECTOR,beh_grave01x,,Function_714,30375,0x00000017,23,"if (Function_108(57, 0))
                    {",794636
ENABLE_CURVE,rsdGPSTRAIL_elm_cas_path,1,Function_714,30375,0x00000018,24,"if (Function_108(25, 0))
                    {",794913
ENABLE_CURVE,rsdGPSTRAIL_curve495,1,Function_714,30375,0x00000018,24,"if (Function_108(25, 0))
                    {",794982
ENABLE_CURVE,rsdGPSTRAIL_elm_cas_pathdetachedCurve12,1,Function_714,30375,0x00000018,24,"if (Function_108(25, 0))
                    {",795047
ENABLE_CURVE,rsdGPSTRAIL_elm_cas_pathdetachedCurve13,1,Function_714,30375,0x00000018,24,"if (Function_108(25, 0))
                    {",795131
ENABLE_CURVE,rsdGPSTRAIL_elm_cas_loop1,1,Function_714,30375,0x00000018,24,"if (Function_108(25, 0))
                    {",795215
ENABLE_CURVE,rsdTRAIL_cas_ram_pathdetachedCurve10,1,Function_714,30375,0x00000018,24,"if (Function_108(25, 0))
                    {",795285
ENABLE_CURVE,rsdTRAIL_cas_ram_pathdetachedCurve8,1,Function_714,30375,0x00000018,24,"if (Function_108(25, 0))
                    {",795366
ENABLE_CURVE,rsdTRAIL_cas_ram_pathdetachedCurve6,1,Function_714,30375,0x00000018,24,"if (Function_108(25, 0))
                    {",795446
ENABLE_CURVE,rsdTRAIL_las_nos_pathdetachedCurve2,1,Function_714,30375,0x00000018,24,,795526
ENABLE_CURVE,rsdROAD_las_esc_roaddetachedCurve10detachedCurve1,1,Function_714,30375,0x00000018,24,,795606
ENABLE_CURVE,rsdTRAIL_curve44,1,Function_714,30375,0x00000018,24,,795700
ENABLE_CURVE,rsdROAD_las_esc_roaddetachedCurve18,1,Function_714,30375,0x00000018,24,,795761
ENABLE_CURVE,rsdTRAIL_cas_ram_pathdetachedCurve2,1,Function_714,30375,0x00000018,24,,795841
ENABLE_CURVE,rsdTRAIL_cas_ram_pathdetachedCurve4detachedCurve2,1,Function_714,30375,0x00000018,24,,795921
ENABLE_CURVE,rsdROAD_las_roaddetachedCurve4,1,Function_714,30375,0x00000018,24,,796015
ENABLE_CURVE,rsdROAD_las_roaddetachedCurve2,1,Function_714,30375,0x00000018,24,,796090
ENABLE_CURVE,rsdROAD_curve69,1,Function_714,30375,0x00000018,24,,796165
ENABLE_CURVE,rsdROAD_las_road,1,Function_714,30375,0x00000018,24,,796225
ENABLE_CURVE,rsdROAD_frb_road,1,Function_714,30375,0x00000018,24,,796286
ENABLE_CURVE,rsdGPSTRAIL_curve98,1,Function_714,30375,0x00000018,24,,796347
ENABLE_CURVE,rsdGPSROAD_elm_cas_roaddetachedCurve4detachedCurve2,1,Function_714,30375,0x00000018,24,,796411
ENABLE_CURVE,rsdGPSROAD_elm_cas_roaddetachedCurve4,1,Function_714,30375,0x00000018,24,,796507
ENABLE_CURVE,rsdGPSTRAIL_elm_loop01_pathdetachedCurve2detachedCurve2,1,Function_714,30375,0x00000018,24,,796589
ENABLE_CURVE,rsdGPSTRAIL_curve634,1,Function_714,30375,0x00000018,24,,796689
ENABLE_CURVE,rsdGPSTRAIL_curve635,1,Function_714,30375,0x00000018,24,,796754
ENABLE_CURVE,rsdGPSTRAIL_curve636,1,Function_714,30375,0x00000018,24,,796819
ENABLE_CURVE,rsdTRAIL_curve637,1,Function_714,30375,0x00000018,24,,796884
ENABLE_CURVE,rsdTRAIL_curve638,1,Function_714,30375,0x00000018,24,,796946
ENABLE_CURVE,rsdTRAIL_cas_loop04_pathdetachedCurve2,1,Function_714,30375,0x00000018,24,,797008
ENABLE_CURVE,rsdTRAIL_curve70,1,Function_714,30375,0x00000018,24,,797091
ENABLE_CURVE,rsdTRAIL_cas_loop04_path,1,Function_714,30375,0x00000018,24,,797152
ENABLE_CURVE,rsdTRAIL_cas_loop05_pathdetachedCurve4,1,Function_714,30375,0x00000018,24,,797221
ENABLE_CURVE,rsdTRAIL_cas_loop05_pathdetachedCurve2,1,Function_714,30375,0x00000018,24,,797304
ENABLE_CURVE,rsdTRAIL_cas_loop01_pathdetachedCurve2detachedCurve2,1,Function_714,30375,0x00000018,24,,797387
ENABLE_CURVE,rsdTRAIL_chu_loop01_pathdetachedCurve2detachedCurve2detachedCurve2detachedCurve2,1,Function_714,30375,0x00000018,24,,797484
ENABLE_CURVE,rsdTRAIL_chu_loop01_pathdetachedCurve2detachedCurve2detachedCurve2,1,Function_714,30375,0x00000018,24,,797609
ENABLE_CURVE,rsdTRAIL_chu_loop01_pathdetachedCurve2detachedCurve2,1,Function_714,30375,0x00000018,24,,797720
ENABLE_CURVE,rsdTRAIL_chu_loop01_pathdetachedCurve2,1,Function_714,30375,0x00000018,24,,797817
ENABLE_CURVE,rsdTRAIL_chu_loop01_pathdetachedCurve4,1,Function_714,30375,0x00000018,24,,797900
ENABLE_CURVE,rsdTRAIL_elm_cas_pathdetachedCurve10,1,Function_714,30375,0x00000018,24,,797983
ENABLE_CURVE,rsdTRAIL_elm_cas_pathdetachedCurve8,1,Function_714,30375,0x00000018,24,,798064
ENABLE_CURVE,rsdTRAIL_cas_loop03_path1,1,Function_714,30375,0x00000018,24,,798144
ENABLE_CURVE,rsdTRAIL_cas_loop03_path,1,Function_714,30375,0x00000018,24,,798214
ENABLE_CURVE,rsdTRAIL_elm_cas_pathdetachedCurve6,1,Function_714,30375,0x00000018,24,,798283
ENABLE_CURVE,rsdTRAIL_elm_cas_pathdetachedCurve4,1,Function_714,30375,0x00000018,24,,798363
ENABLE_CURVE,rsdTRAIL_elm_cas_pathdetachedCurve2,1,Function_714,30375,0x00000018,24,,798443
ENABLE_CURVE,rsdTRAIL_cas_loop02_path,1,Function_714,30375,0x00000018,24,,798523
ENABLE_CURVE,rsdTRAIL_cas_loop01_path1,1,Function_714,30375,0x00000018,24,,798592
ENABLE_CURVE,rsdTRAIL_cas_loop01_path,1,Function_714,30375,0x00000018,24,,798662
ENABLE_CURVE,rsdTRAIL_cas_loop03_path1detachedCurve4,1,Function_714,30375,0x00000018,24,,798731
ENABLE_CURVE,rsdTRAIL_cas_loop03_pathdetachedCurve4,1,Function_714,30375,0x00000018,24,,798815
ENABLE_CURVE,rsdTRAIL_cas_loop03_pathdetachedCurve2,1,Function_714,30375,0x00000018,24,,798898
ENABLE_CURVE,rsdTRAIL_cas_loop03_path1detachedCurve2,1,Function_714,30375,0x00000018,24,,798981
ENABLE_CURVE,rsdTRAIL_chu_loop01_path3detachedCurve2,1,Function_714,30375,0x00000018,24,,799065
ENABLE_CURVE,rsdTRAIL_chu_loop01_path3,1,Function_714,30375,0x00000018,24,,799149
ENABLE_CURVE,rsdTRAIL_cas_loop09_path,1,Function_714,30375,0x00000018,24,,799219
ENABLE_CURVE,rsdTRAIL_cas_loop06__path,1,Function_714,30375,0x00000018,24,,799288
ENABLE_CURVE,rsdTRAIL_cas_loop01_path1detachedCurve4,1,Function_714,30375,0x00000018,24,,799358
ENABLE_CURVE,rsdTRAIL_cas_loop01_pathdetachedCurve4,1,Function_714,30375,0x00000018,24,,799442
ENABLE_CURVE,rsdTRAIL_cas_loop01_path1detachedCurve2,1,Function_714,30375,0x00000018,24,,799525
ENABLE_CURVE,rsdTRAIL_cas_loop01_path1detachedCurve6,1,Function_714,30375,0x00000018,24,,799609
ENABLE_CURVE,rsdTRAIL_cas_loop07_pathdetachedCurve2detachedCurve2,1,Function_714,30375,0x00000018,24,,799693
ENABLE_CURVE,rsdTRAIL_cas_loop07_pathdetachedCurve2,1,Function_714,30375,0x00000018,24,,799790
ENABLE_CURVE,rsdTRAIL_cas_loop07_path,1,Function_714,30375,0x00000018,24,,799873
ENABLE_CURVE,rsdTRAIL_cas_loop02_path1,1,Function_714,30375,0x00000018,24,,799942
ENABLE_CURVE,rsdTRAIL_cas_ram_pathdetachedCurve4,1,Function_714,30375,0x00000018,24,,800012
ENABLE_CURVE,rsdTRAIL_cas_loop02_path1detachedCurve4,1,Function_714,30375,0x00000018,24,,800092
ENABLE_CURVE,rsdTRAIL_cas_loop02_path1detachedCurve2,1,Function_714,30375,0x00000018,24,,800176
ENABLE_CURVE,rsdROAD_las_esc_roaddetachedCurve20detachedCurve2,1,Function_714,30375,0x00000018,24,,800260
ENABLE_CURVE,rsdROAD_las_esc_roaddetachedCurve16,1,Function_714,30375,0x00000018,24,,800354
ENABLE_CURVE,rsdROAD_las_esc_roaddetachedCurve12,1,Function_714,30375,0x00000018,24,,800434
ENABLE_CURVE,rsdROAD_las_esc_roaddetachedCurve14,1,Function_714,30375,0x00000018,24,,800514
ENABLE_CURVE,rsdGPSTRAIL_curve163,1,Function_714,30375,0x00000018,24,,800594
ENABLE_CURVE,rsdTRAIL_curve297,1,Function_714,30375,0x00000018,24,,800659
ENABLE_CURVE,rsdTRAIL_curve71,1,Function_714,30375,0x00000018,24,,800721
ENABLE_CURVE,rsdTRAIL_curve72,1,Function_714,30375,0x00000018,24,,800782
ENABLE_CURVE,rsdTRAIL_cas_ram_path,1,Function_714,30375,0x00000018,24,,800843
ENABLE_CURVE,rsdTRAIL_cas_loop04_pathdetachedCurve2detachedCurve2,1,Function_714,30375,0x00000018,24,,800909
ENABLE_CURVE,rsdTRAIL_cas_loop05_path,1,Function_714,30375,0x00000018,24,,801006
ENABLE_CURVE,rsdTRAIL_cas_loop08_path,1,Function_714,30375,0x00000018,24,,801075
ENABLE_CURVE,rsdGPSTRAIL_curve77,1,Function_714,30375,0x00000018,24,,801144
ENABLE_CURVE,rsdGPSTRAIL_curve78,1,Function_714,30375,0x00000018,24,,801208
ENABLE_CURVE,rsdGPSTRAIL_curve78,1,Function_714,30375,0x00000018,24,,801272
ENABLE_CURVE,rsdGPSTRAIL_curve79,1,Function_714,30375,0x00000018,24,,801336
ENABLE_CURVE,rsdGPSTRAIL_elm_loop01_pathdetachedCurve2detachedCurve4,1,Function_714,30375,0x00000018,24,,801400
ENABLE_CURVE,rsdGPSTRAIL_elm_loop01_pathdetachedCurve2,1,Function_714,30375,0x00000018,24,,801500
ENABLE_CURVE,rsdGPSTRAIL_elm_loop01_path,1,Function_714,30375,0x00000018,24,,801586
ENABLE_CURVE,rsdGPSTRAIL_elm_loop02_path,1,Function_714,30375,0x00000018,24,,801658
ENABLE_CURVE,rsdROAD_elm_cas_roaddetachedCurve8,1,Function_714,30375,0x00000018,24,,801730
ENABLE_CURVE,rsdROAD_elm_cas_roaddetachedCurve6,1,Function_714,30375,0x00000018,24,,801809
ENABLE_CURVE,rsdROAD_las_esc_roaddetachedCurve20,1,Function_714,30375,0x00000018,24,,801888
ENABLE_CHILD_SECTOR,emt_caveDoor02x,,Function_714,30375,0x00000019,25,"if (Function_108(32, 0))
                    {",802183
DISABLE_CHILD_SECTOR,emt_caveDoor01x,,Function_714,30375,0x00000019,25,"if (Function_108(32, 0))
                    {",802247
ENABLE_CHILD_SECTOR,thi_window02x,,Function_714,30375,0x0000001A,26,"if (Function_108(20, 0))
                    {",802527
DISABLE_CHILD_SECTOR,thi_window01x,,Function_714,30375,0x0000001A,26,"if (Function_108(20, 0))
                    {",802589
DISABLE_WORLD_SECTOR,ramitaBayaBefore,,Function_975,40375,0x00000000,0,"if (Function_108(25, 0))
                    {",1014217
ENABLE_WORLD_SECTOR,ramitaBayaAfter,,Function_975,40375,0x00000000,0,"if (Function_108(25, 0))
                    {",1014283
ENABLE_CURVE,rsdROAD_frb_road,1,Function_975,40375,0x00000000,0,"if (Function_108(25, 0))
                    {",1014347
ENABLE_CURVE,rsdROAD_fom_frb_road,1,Function_975,40375,0x00000000,0,"if (Function_108(25, 0))
                    {",1014408
ENABLE_CURVE,rsdGPSTRAIL_curve221,1,Function_975,40375,0x00000000,0,"if (Function_108(25, 0))
                    {",1014473
DISABLE_WORLD_SECTOR,butterBridgeA,,Function_975,40375,0x00000001,1,"if (Function_108(25, 0) && !Function_108(26, 0))
                    {",1014777
DISABLE_WORLD_SECTOR,butterBridgeC,,Function_975,40375,0x00000001,1,"if (Function_108(25, 0) && !Function_108(26, 0))
                    {",1014840
DISABLE_WORLD_SECTOR,butterBridgeD,,Function_975,40375,0x00000001,1,"if (Function_108(25, 0) && !Function_108(26, 0))
                    {",1014903
ENABLE_WORLD_SECTOR,butterBridgeB,,Function_975,40375,0x00000001,1,"if (Function_108(25, 0) && !Function_108(26, 0))
                    {",1014966
ENABLE_CURVE,rsdGPSTRAIL_butterBridge_path,1,Function_975,40375,0x00000001,1,"if (Function_108(25, 0) && !Function_108(26, 0))
                    {",1015028
DISABLE_WORLD_SECTOR,butterBridgeB,,Function_975,40375,0x00000002,2,"if ((Function_108(25, 0) && Function_108(26, 0)) && !Function_108(29, 0))
                    {",1015366
DISABLE_WORLD_SECTOR,butterBridgeA,,Function_975,40375,0x00000002,2,"if ((Function_108(25, 0) && Function_108(26, 0)) && !Function_108(29, 0))
                    {",1015429
DISABLE_WORLD_SECTOR,butterBridgeC,,Function_975,40375,0x00000002,2,"if ((Function_108(25, 0) && Function_108(26, 0)) && !Function_108(29, 0))
                    {",1015492
ENABLE_WORLD_SECTOR,butterBridgeD,,Function_975,40375,0x00000002,2,"if ((Function_108(25, 0) && Function_108(26, 0)) && !Function_108(29, 0))
                    {",1015555
ENABLE_CURVE,rsdGPSTRAIL_butterBridge_path,0,Function_975,40375,0x00000002,2,"if ((Function_108(25, 0) && Function_108(26, 0)) && !Function_108(29, 0))
                    {",1015617
DISABLE_WORLD_SECTOR,butterBridgeA,,Function_975,40375,0x00000003,3,"if ((Function_108(25, 0) && Function_108(26, 0)) && Function_108(29, 0))
                    {",1015954
DISABLE_WORLD_SECTOR,butterBridgeD,,Function_975,40375,0x00000003,3,"if ((Function_108(25, 0) && Function_108(26, 0)) && Function_108(29, 0))
                    {",1016017
DISABLE_WORLD_SECTOR,butterBridgeC,,Function_975,40375,0x00000003,3,"if ((Function_108(25, 0) && Function_108(26, 0)) && Function_108(29, 0))
                    {",1016080
ENABLE_WORLD_SECTOR,butterBridgeB,,Function_975,40375,0x00000003,3,"if ((Function_108(25, 0) && Function_108(26, 0)) && Function_108(29, 0))
                    {",1016143
ENABLE_CURVE,rsdGPSTRAIL_butterBridge_path,1,Function_975,40375,0x00000003,3,"if ((Function_108(25, 0) && Function_108(26, 0)) && Function_108(29, 0))
                    {",1016205
DISABLE_WORLD_SECTOR,tannersSpanBefore,,Function_975,40375,0x00000004,4,"if (Function_108(41, 0))
                    {",1016494
ENABLE_WORLD_SECTOR,tannersSpanAfter,,Function_975,40375,0x00000004,4,"if (Function_108(41, 0))
                    {",1016561
DISABLE_WORLD_SECTOR,dixonCrossingBefore,,Function_975,40375,0x00000005,5,"if (Function_108(41, 0))
                    {",1016841
ENABLE_WORLD_SECTOR,dixonCrossingAfter,,Function_975,40375,0x00000005,5,"if (Function_108(41, 0))
                    {",1016910
ENABLE_CURVE,rsdROAD_thi_blk_road,1,Function_975,40375,0x00000005,5,"if (Function_108(41, 0))
                    {",1016977
ENABLE_CURVE,rsdROAD_thi_blk_roaddetachedCurve2,1,Function_975,40375,0x00000005,5,"if (Function_108(41, 0))
                    {",1017042
ENABLE_CURVE,rsdGPSTRAIL_curve124,1,Function_975,40375,0x00000005,5,"if (Function_108(41, 0))
                    {",1017121
ENABLE_CURVE,rsdGPSTRAIL_curve132,1,Function_975,40375,0x00000005,5,"if (Function_108(41, 0))
                    {",1017186
DISABLE_CHILD_SECTOR,hen_barn01x,,Function_975,40375,0x00000006,6,"if (Function_108(22, 0) && !Function_108(41, 0))
                    {",1017490
DISABLE_CHILD_SECTOR,hen_barn01props01x,,Function_975,40375,0x00000006,6,"if (Function_108(22, 0) && !Function_108(41, 0))
                    {",1017551
DISABLE_CHILD_SECTOR,hen_barn01props02x,,Function_975,40375,0x00000006,6,"if (Function_108(22, 0) && !Function_108(41, 0))
                    {",1017619
ENABLE_CHILD_SECTOR,hen_barn02x,,Function_975,40375,0x00000006,6,"if (Function_108(22, 0) && !Function_108(41, 0))
                    {",1017687
ENABLE_CHILD_SECTOR,hen_barn02props01x,,Function_975,40375,0x00000006,6,"if (Function_108(22, 0) && !Function_108(41, 0))
                    {",1017747
ENABLE_CHILD_SECTOR,hen_barn01x,,Function_975,40375,0x00000007,7,"if (Function_108(22, 0) && Function_108(41, 0))
                    {",1018052
ENABLE_CHILD_SECTOR,hen_barn01props01x,,Function_975,40375,0x00000007,7,"if (Function_108(22, 0) && Function_108(41, 0))
                    {",1018112
ENABLE_CHILD_SECTOR,hen_barn01props02x,,Function_975,40375,0x00000007,7,"if (Function_108(22, 0) && Function_108(41, 0))
                    {",1018179
DISABLE_CHILD_SECTOR,hen_barn02x,,Function_975,40375,0x00000007,7,"if (Function_108(22, 0) && Function_108(41, 0))
                    {",1018246
DISABLE_CHILD_SECTOR,hen_barn02props01x,,Function_975,40375,0x00000007,7,"if (Function_108(22, 0) && Function_108(41, 0))
                    {",1018307
DISABLE_WORLD_SECTOR,campoMiradaBefore,,Function_975,40375,0x00000008,8,"if (Function_108(34, 0))
                    {",1018590
ENABLE_WORLD_SECTOR,campoMiradaAfter,,Function_975,40375,0x00000008,8,"if (Function_108(34, 0))
                    {",1018657
DISABLE_WORLD_SECTOR,fronteraBridgeBefore,,Function_975,40375,0x00000009,9,"if (Function_108(26, 0) || Function_108(30, 0))
                    {",1018960
ENABLE_WORLD_SECTOR,fronteraBridgeAfter,,Function_975,40375,0x00000009,9,"if (Function_108(26, 0) || Function_108(30, 0))
                    {",1019030
DISABLE_CHILD_SECTOR,fod_gates01x,,Function_975,40375,0x0000000A,10,"if (Function_108(40, 0))
                    {",1019313
ENABLE_CHILD_SECTOR,fod_gates02x,,Function_975,40375,0x0000000A,10,"if (Function_108(40, 0))
                    {",1019375
ENABLE_CHILD_SECTOR,fod_gates02Doors01x,,Function_975,40375,0x0000000A,10,"if (Function_108(40, 0))
                    {",1019436
DISABLE_CHILD_SECTOR,coc_fence01x,,Function_975,40375,0x0000000B,11,"if (Function_108(48, 0))
                    {",1019719
ENABLE_CHILD_SECTOR,coc_fence01bx,,Function_975,40375,0x0000000B,11,"if (Function_108(48, 0))
                    {",1019781
ENABLE_CHILD_SECTOR,coc_gates02x,,Function_975,40375,0x0000000B,11,"if (Function_108(48, 0))
                    {",1019843
DISABLE_CHILD_SECTOR,coc_gates01x,,Function_975,40375,0x0000000B,11,"if (Function_108(48, 0))
                    {",1019904
DISABLE_WORLD_SECTOR,masonBridgeBefore,,Function_975,40375,0x0000000C,12,"if (Function_108(41, 0))
                    {",1020181
ENABLE_WORLD_SECTOR,masonBridgeAfter,,Function_975,40375,0x0000000C,12,"if (Function_108(41, 0))
                    {",1020248
DISABLE_CHILD_SECTOR,lmf_troughBefore01x,,Function_975,40375,0x0000000D,13,"if (Function_108(41, 0))
                    {",1020528
ENABLE_CHILD_SECTOR,lmf_troughAfter01x,,Function_975,40375,0x0000000D,13,"if (Function_108(41, 0))
                    {",1020597
DISABLE_CHILD_SECTOR,rwf_barn01xprops02x,,Function_975,40375,0x0000000F,15,"if (Function_108(21, 0))
                    {",1020956
ENABLE_CHILD_SECTOR,rwf_barn01xprops01x,,Function_975,40375,0x0000000F,15,"if (Function_108(21, 0))
                    {",1021025
DISABLE_CHILD_SECTOR,beh_silo02x,,Function_975,40375,0x00000010,16,"if (Function_108(57, 0) | 57)
                    {",1021353
ENABLE_CHILD_SECTOR,beh_silo01x,,Function_975,40375,0x00000010,16,"if (Function_108(57, 0) | 57)
                    {",1021414
DISABLE_CHILD_SECTOR,beh_house02x,,Function_975,40375,0x00000011,17,"if (Function_108(48, 0))
                    {",1021689
DISABLE_CHILD_SECTOR,beh_house02props01x,,Function_975,40375,0x00000011,17,"if (Function_108(48, 0))
                    {",1021751
ENABLE_CHILD_SECTOR,beh_house01x,,Function_975,40375,0x00000011,17,"if (Function_108(48, 0))
                    {",1021820
ENABLE_CHILD_SECTOR,beh_house01props01x,,Function_975,40375,0x00000011,17,"if (Function_108(48, 0))
                    {",1021881
DISABLE_CHILD_SECTOR,tor_militaryCamp01x,,Function_975,40375,0x00000012,18,"if (Function_108(28, 0))
                    {",1022164
ENABLE_CHILD_SECTOR,tor_militaryCamp02x,,Function_975,40375,0x00000012,18,"if (Function_108(28, 0))
                    {",1022233
DISABLE_CHILD_SECTOR,esc_villaWall04x,,Function_975,40375,0x00000013,19,"if (Function_108(41, 0))
                    {",1022516
ENABLE_CHILD_SECTOR,esc_villaWall05x,,Function_975,40375,0x00000013,19,"if (Function_108(41, 0))
                    {",1022582
ENABLE_CHILD_SECTOR,icarus,,Function_975,40375,0x00000014,20,"if (Function_122(37))
                    {",1022859
ENABLE_CHILD_SECTOR,beh_grave02x,,Function_975,40375,0x00000017,23,"if (Function_108(57, 0))
                    {",1023283
ENABLE_CHILD_SECTOR,beh_grave03x,,Function_975,40375,0x00000017,23,"if (Function_108(57, 0))
                    {",1023344
DISABLE_CHILD_SECTOR,beh_grave01x,,Function_975,40375,0x00000017,23,"if (Function_108(57, 0))
                    {",1023405
ENABLE_CURVE,rsdGPSTRAIL_elm_cas_path,1,Function_975,40375,0x00000018,24,"if (Function_108(25, 0))
                    {",1023682
ENABLE_CURVE,rsdGPSTRAIL_curve495,1,Function_975,40375,0x00000018,24,"if (Function_108(25, 0))
                    {",1023751
ENABLE_CURVE,rsdGPSTRAIL_elm_cas_pathdetachedCurve12,1,Function_975,40375,0x00000018,24,"if (Function_108(25, 0))
                    {",1023816
ENABLE_CURVE,rsdGPSTRAIL_elm_cas_pathdetachedCurve13,1,Function_975,40375,0x00000018,24,"if (Function_108(25, 0))
                    {",1023900
ENABLE_CURVE,rsdGPSTRAIL_elm_cas_loop1,1,Function_975,40375,0x00000018,24,"if (Function_108(25, 0))
                    {",1023984
ENABLE_CURVE,rsdTRAIL_cas_ram_pathdetachedCurve10,1,Function_975,40375,0x00000018,24,"if (Function_108(25, 0))
                    {",1024054
ENABLE_CURVE,rsdTRAIL_cas_ram_pathdetachedCurve8,1,Function_975,40375,0x00000018,24,"if (Function_108(25, 0))
                    {",1024135
ENABLE_CURVE,rsdTRAIL_cas_ram_pathdetachedCurve6,1,Function_975,40375,0x00000018,24,"if (Function_108(25, 0))
                    {",1024215
ENABLE_CURVE,rsdTRAIL_las_nos_pathdetachedCurve2,1,Function_975,40375,0x00000018,24,,1024295
ENABLE_CURVE,rsdROAD_las_esc_roaddetachedCurve10detachedCurve1,1,Function_975,40375,0x00000018,24,,1024375
ENABLE_CURVE,rsdTRAIL_curve44,1,Function_975,40375,0x00000018,24,,1024469
ENABLE_CURVE,rsdROAD_las_esc_roaddetachedCurve18,1,Function_975,40375,0x00000018,24,,1024530
ENABLE_CURVE,rsdTRAIL_cas_ram_pathdetachedCurve2,1,Function_975,40375,0x00000018,24,,1024610
ENABLE_CURVE,rsdTRAIL_cas_ram_pathdetachedCurve4detachedCurve2,1,Function_975,40375,0x00000018,24,,1024690
ENABLE_CURVE,rsdROAD_las_roaddetachedCurve4,1,Function_975,40375,0x00000018,24,,1024784
ENABLE_CURVE,rsdROAD_las_roaddetachedCurve2,1,Function_975,40375,0x00000018,24,,1024859
ENABLE_CURVE,rsdROAD_curve69,1,Function_975,40375,0x00000018,24,,1024934
ENABLE_CURVE,rsdROAD_las_road,1,Function_975,40375,0x00000018,24,,1024994
ENABLE_CURVE,rsdROAD_frb_road,1,Function_975,40375,0x00000018,24,,1025055
ENABLE_CURVE,rsdGPSTRAIL_curve98,1,Function_975,40375,0x00000018,24,,1025116
ENABLE_CURVE,rsdGPSROAD_elm_cas_roaddetachedCurve4detachedCurve2,1,Function_975,40375,0x00000018,24,,1025180
ENABLE_CURVE,rsdGPSROAD_elm_cas_roaddetachedCurve4,1,Function_975,40375,0x00000018,24,,1025276
ENABLE_CURVE,rsdGPSTRAIL_elm_loop01_pathdetachedCurve2detachedCurve2,1,Function_975,40375,0x00000018,24,,1025358
ENABLE_CURVE,rsdGPSTRAIL_curve634,1,Function_975,40375,0x00000018,24,,1025458
ENABLE_CURVE,rsdGPSTRAIL_curve635,1,Function_975,40375,0x00000018,24,,1025523
ENABLE_CURVE,rsdGPSTRAIL_curve636,1,Function_975,40375,0x00000018,24,,1025588
ENABLE_CURVE,rsdTRAIL_curve637,1,Function_975,40375,0x00000018,24,,1025653
ENABLE_CURVE,rsdTRAIL_curve638,1,Function_975,40375,0x00000018,24,,1025715
ENABLE_CURVE,rsdTRAIL_cas_loop04_pathdetachedCurve2,1,Function_975,40375,0x00000018,24,,1025777
ENABLE_CURVE,rsdTRAIL_curve70,1,Function_975,40375,0x00000018,24,,1025860
ENABLE_CURVE,rsdTRAIL_cas_loop04_path,1,Function_975,40375,0x00000018,24,,1025921
ENABLE_CURVE,rsdTRAIL_cas_loop05_pathdetachedCurve4,1,Function_975,40375,0x00000018,24,,1025990
ENABLE_CURVE,rsdTRAIL_cas_loop05_pathdetachedCurve2,1,Function_975,40375,0x00000018,24,,1026073
ENABLE_CURVE,rsdTRAIL_cas_loop01_pathdetachedCurve2detachedCurve2,1,Function_975,40375,0x00000018,24,,1026156
ENABLE_CURVE,rsdTRAIL_chu_loop01_pathdetachedCurve2detachedCurve2detachedCurve2detachedCurve2,1,Function_975,40375,0x00000018,24,,1026253
ENABLE_CURVE,rsdTRAIL_chu_loop01_pathdetachedCurve2detachedCurve2detachedCurve2,1,Function_975,40375,0x00000018,24,,1026378
ENABLE_CURVE,rsdTRAIL_chu_loop01_pathdetachedCurve2detachedCurve2,1,Function_975,40375,0x00000018,24,,1026489
ENABLE_CURVE,rsdTRAIL_chu_loop01_pathdetachedCurve2,1,Function_975,40375,0x00000018,24,,1026586
ENABLE_CURVE,rsdTRAIL_chu_loop01_pathdetachedCurve4,1,Function_975,40375,0x00000018,24,,1026669
ENABLE_CURVE,rsdTRAIL_elm_cas_pathdetachedCurve10,1,Function_975,40375,0x00000018,24,,1026752
ENABLE_CURVE,rsdTRAIL_elm_cas_pathdetachedCurve8,1,Function_975,40375,0x00000018,24,,1026833
ENABLE_CURVE,rsdTRAIL_cas_loop03_path1,1,Function_975,40375,0x00000018,24,,1026913
ENABLE_CURVE,rsdTRAIL_cas_loop03_path,1,Function_975,40375,0x00000018,24,,1026983
ENABLE_CURVE,rsdTRAIL_elm_cas_pathdetachedCurve6,1,Function_975,40375,0x00000018,24,,1027052
ENABLE_CURVE,rsdTRAIL_elm_cas_pathdetachedCurve4,1,Function_975,40375,0x00000018,24,,1027132
ENABLE_CURVE,rsdTRAIL_elm_cas_pathdetachedCurve2,1,Function_975,40375,0x00000018,24,,1027212
ENABLE_CURVE,rsdTRAIL_cas_loop02_path,1,Function_975,40375,0x00000018,24,,1027292
ENABLE_CURVE,rsdTRAIL_cas_loop01_path1,1,Function_975,40375,0x00000018,24,,1027361
ENABLE_CURVE,rsdTRAIL_cas_loop01_path,1,Function_975,40375,0x00000018,24,,1027431
ENABLE_CURVE,rsdTRAIL_cas_loop03_path1detachedCurve4,1,Function_975,40375,0x00000018,24,,1027500
ENABLE_CURVE,rsdTRAIL_cas_loop03_pathdetachedCurve4,1,Function_975,40375,0x00000018,24,,1027584
ENABLE_CURVE,rsdTRAIL_cas_loop03_pathdetachedCurve2,1,Function_975,40375,0x00000018,24,,1027667
ENABLE_CURVE,rsdTRAIL_cas_loop03_path1detachedCurve2,1,Function_975,40375,0x00000018,24,,1027750
ENABLE_CURVE,rsdTRAIL_chu_loop01_path3detachedCurve2,1,Function_975,40375,0x00000018,24,,1027834
ENABLE_CURVE,rsdTRAIL_chu_loop01_path3,1,Function_975,40375,0x00000018,24,,1027918
ENABLE_CURVE,rsdTRAIL_cas_loop09_path,1,Function_975,40375,0x00000018,24,,1027988
ENABLE_CURVE,rsdTRAIL_cas_loop06__path,1,Function_975,40375,0x00000018,24,,1028057
ENABLE_CURVE,rsdTRAIL_cas_loop01_path1detachedCurve4,1,Function_975,40375,0x00000018,24,,1028127
ENABLE_CURVE,rsdTRAIL_cas_loop01_pathdetachedCurve4,1,Function_975,40375,0x00000018,24,,1028211
ENABLE_CURVE,rsdTRAIL_cas_loop01_path1detachedCurve2,1,Function_975,40375,0x00000018,24,,1028294
ENABLE_CURVE,rsdTRAIL_cas_loop01_path1detachedCurve6,1,Function_975,40375,0x00000018,24,,1028378
ENABLE_CURVE,rsdTRAIL_cas_loop07_pathdetachedCurve2detachedCurve2,1,Function_975,40375,0x00000018,24,,1028462
ENABLE_CURVE,rsdTRAIL_cas_loop07_pathdetachedCurve2,1,Function_975,40375,0x00000018,24,,1028559
ENABLE_CURVE,rsdTRAIL_cas_loop07_path,1,Function_975,40375,0x00000018,24,,1028642
ENABLE_CURVE,rsdTRAIL_cas_loop02_path1,1,Function_975,40375,0x00000018,24,,1028711
ENABLE_CURVE,rsdTRAIL_cas_ram_pathdetachedCurve4,1,Function_975,40375,0x00000018,24,,1028781
ENABLE_CURVE,rsdTRAIL_cas_loop02_path1detachedCurve4,1,Function_975,40375,0x00000018,24,,1028861
ENABLE_CURVE,rsdTRAIL_cas_loop02_path1detachedCurve2,1,Function_975,40375,0x00000018,24,,1028945
ENABLE_CURVE,rsdROAD_las_esc_roaddetachedCurve20detachedCurve2,1,Function_975,40375,0x00000018,24,,1029029
ENABLE_CURVE,rsdROAD_las_esc_roaddetachedCurve16,1,Function_975,40375,0x00000018,24,,1029123
ENABLE_CURVE,rsdROAD_las_esc_roaddetachedCurve12,1,Function_975,40375,0x00000018,24,,1029203
ENABLE_CURVE,rsdROAD_las_esc_roaddetachedCurve14,1,Function_975,40375,0x00000018,24,,1029283
ENABLE_CURVE,rsdGPSTRAIL_curve163,1,Function_975,40375,0x00000018,24,,1029363
ENABLE_CURVE,rsdTRAIL_curve297,1,Function_975,40375,0x00000018,24,,1029428
ENABLE_CURVE,rsdTRAIL_curve71,1,Function_975,40375,0x00000018,24,,1029490
ENABLE_CURVE,rsdTRAIL_curve72,1,Function_975,40375,0x00000018,24,,1029551
ENABLE_CURVE,rsdTRAIL_cas_ram_path,1,Function_975,40375,0x00000018,24,,1029612
ENABLE_CURVE,rsdTRAIL_cas_loop04_pathdetachedCurve2detachedCurve2,1,Function_975,40375,0x00000018,24,,1029678
ENABLE_CURVE,rsdTRAIL_cas_loop05_path,1,Function_975,40375,0x00000018,24,,1029775
ENABLE_CURVE,rsdTRAIL_cas_loop08_path,1,Function_975,40375,0x00000018,24,,1029844
ENABLE_CURVE,rsdGPSTRAIL_curve77,1,Function_975,40375,0x00000018,24,,1029913
ENABLE_CURVE,rsdGPSTRAIL_curve78,1,Function_975,40375,0x00000018,24,,1029977
ENABLE_CURVE,rsdGPSTRAIL_curve78,1,Function_975,40375,0x00000018,24,,1030041
ENABLE_CURVE,rsdGPSTRAIL_curve79,1,Function_975,40375,0x00000018,24,,1030105
ENABLE_CURVE,rsdGPSTRAIL_elm_loop01_pathdetachedCurve2detachedCurve4,1,Function_975,40375,0x00000018,24,,1030169
ENABLE_CURVE,rsdGPSTRAIL_elm_loop01_pathdetachedCurve2,1,Function_975,40375,0x00000018,24,,1030269
ENABLE_CURVE,rsdGPSTRAIL_elm_loop01_path,1,Function_975,40375,0x00000018,24,,1030355
ENABLE_CURVE,rsdGPSTRAIL_elm_loop02_path,1,Function_975,40375,0x00000018,24,,1030427
ENABLE_CURVE,rsdROAD_elm_cas_roaddetachedCurve8,1,Function_975,40375,0x00000018,24,,1030499
ENABLE_CURVE,rsdROAD_elm_cas_roaddetachedCurve6,1,Function_975,40375,0x00000018,24,,1030578
ENABLE_CURVE,rsdROAD_las_esc_roaddetachedCurve20,1,Function_975,40375,0x00000018,24,,1030657
ENABLE_CHILD_SECTOR,emt_caveDoor02x,,Function_975,40375,0x00000019,25,"if (Function_108(32, 0))
                    {",1030952
DISABLE_CHILD_SECTOR,emt_caveDoor01x,,Function_975,40375,0x00000019,25,"if (Function_108(32, 0))
                    {",1031016
ENABLE_CHILD_SECTOR,thi_window02x,,Function_975,40375,0x0000001A,26,"if (Function_108(20, 0))
                    {",1031296
DISABLE_CHILD_SECTOR,thi_window01x,,Function_975,40375,0x0000001A,26,"if (Function_108(20, 0))
                    {",1031358
DISABLE_WORLD_SECTOR,ramitaBayaBefore,,Function_1347,54375,0x00000000,0,"if (Function_108(25, 0))
                    {",1372195
ENABLE_WORLD_SECTOR,ramitaBayaAfter,,Function_1347,54375,0x00000000,0,"if (Function_108(25, 0))
                    {",1372261
ENABLE_CURVE,rsdROAD_frb_road,1,Function_1347,54375,0x00000000,0,"if (Function_108(25, 0))
                    {",1372325
ENABLE_CURVE,rsdROAD_fom_frb_road,1,Function_1347,54375,0x00000000,0,"if (Function_108(25, 0))
                    {",1372386
ENABLE_CURVE,rsdGPSTRAIL_curve221,1,Function_1347,54375,0x00000000,0,"if (Function_108(25, 0))
                    {",1372451
DISABLE_WORLD_SECTOR,butterBridgeA,,Function_1347,54375,0x00000001,1,"if (Function_108(25, 0) && !Function_108(26, 0))
                    {",1372755
DISABLE_WORLD_SECTOR,butterBridgeC,,Function_1347,54375,0x00000001,1,"if (Function_108(25, 0) && !Function_108(26, 0))
                    {",1372818
DISABLE_WORLD_SECTOR,butterBridgeD,,Function_1347,54375,0x00000001,1,"if (Function_108(25, 0) && !Function_108(26, 0))
                    {",1372881
ENABLE_WORLD_SECTOR,butterBridgeB,,Function_1347,54375,0x00000001,1,"if (Function_108(25, 0) && !Function_108(26, 0))
                    {",1372944
ENABLE_CURVE,rsdGPSTRAIL_butterBridge_path,1,Function_1347,54375,0x00000001,1,"if (Function_108(25, 0) && !Function_108(26, 0))
                    {",1373006
DISABLE_WORLD_SECTOR,butterBridgeB,,Function_1347,54375,0x00000002,2,"if ((Function_108(25, 0) && Function_108(26, 0)) && !Function_108(29, 0))
                    {",1373344
DISABLE_WORLD_SECTOR,butterBridgeA,,Function_1347,54375,0x00000002,2,"if ((Function_108(25, 0) && Function_108(26, 0)) && !Function_108(29, 0))
                    {",1373407
DISABLE_WORLD_SECTOR,butterBridgeC,,Function_1347,54375,0x00000002,2,"if ((Function_108(25, 0) && Function_108(26, 0)) && !Function_108(29, 0))
                    {",1373470
ENABLE_WORLD_SECTOR,butterBridgeD,,Function_1347,54375,0x00000002,2,"if ((Function_108(25, 0) && Function_108(26, 0)) && !Function_108(29, 0))
                    {",1373533
ENABLE_CURVE,rsdGPSTRAIL_butterBridge_path,0,Function_1347,54375,0x00000002,2,"if ((Function_108(25, 0) && Function_108(26, 0)) && !Function_108(29, 0))
                    {",1373595
DISABLE_WORLD_SECTOR,butterBridgeA,,Function_1347,54375,0x00000003,3,"if ((Function_108(25, 0) && Function_108(26, 0)) && Function_108(29, 0))
                    {",1373932
DISABLE_WORLD_SECTOR,butterBridgeD,,Function_1347,54375,0x00000003,3,"if ((Function_108(25, 0) && Function_108(26, 0)) && Function_108(29, 0))
                    {",1373995
DISABLE_WORLD_SECTOR,butterBridgeC,,Function_1347,54375,0x00000003,3,"if ((Function_108(25, 0) && Function_108(26, 0)) && Function_108(29, 0))
                    {",1374058
ENABLE_WORLD_SECTOR,butterBridgeB,,Function_1347,54375,0x00000003,3,"if ((Function_108(25, 0) && Function_108(26, 0)) && Function_108(29, 0))
                    {",1374121
ENABLE_CURVE,rsdGPSTRAIL_butterBridge_path,1,Function_1347,54375,0x00000003,3,"if ((Function_108(25, 0) && Function_108(26, 0)) && Function_108(29, 0))
                    {",1374183
DISABLE_WORLD_SECTOR,tannersSpanBefore,,Function_1347,54375,0x00000004,4,"if (Function_108(41, 0))
                    {",1374472
ENABLE_WORLD_SECTOR,tannersSpanAfter,,Function_1347,54375,0x00000004,4,"if (Function_108(41, 0))
                    {",1374539
DISABLE_WORLD_SECTOR,dixonCrossingBefore,,Function_1347,54375,0x00000005,5,"if (Function_108(41, 0))
                    {",1374819
ENABLE_WORLD_SECTOR,dixonCrossingAfter,,Function_1347,54375,0x00000005,5,"if (Function_108(41, 0))
                    {",1374888
ENABLE_CURVE,rsdROAD_thi_blk_road,1,Function_1347,54375,0x00000005,5,"if (Function_108(41, 0))
                    {",1374955
ENABLE_CURVE,rsdROAD_thi_blk_roaddetachedCurve2,1,Function_1347,54375,0x00000005,5,"if (Function_108(41, 0))
                    {",1375020
ENABLE_CURVE,rsdGPSTRAIL_curve124,1,Function_1347,54375,0x00000005,5,"if (Function_108(41, 0))
                    {",1375099
ENABLE_CURVE,rsdGPSTRAIL_curve132,1,Function_1347,54375,0x00000005,5,"if (Function_108(41, 0))
                    {",1375164
DISABLE_CHILD_SECTOR,hen_barn01x,,Function_1347,54375,0x00000006,6,"if (Function_108(22, 0) && !Function_108(41, 0))
                    {",1375468
DISABLE_CHILD_SECTOR,hen_barn01props01x,,Function_1347,54375,0x00000006,6,"if (Function_108(22, 0) && !Function_108(41, 0))
                    {",1375529
DISABLE_CHILD_SECTOR,hen_barn01props02x,,Function_1347,54375,0x00000006,6,"if (Function_108(22, 0) && !Function_108(41, 0))
                    {",1375597
ENABLE_CHILD_SECTOR,hen_barn02x,,Function_1347,54375,0x00000006,6,"if (Function_108(22, 0) && !Function_108(41, 0))
                    {",1375665
ENABLE_CHILD_SECTOR,hen_barn02props01x,,Function_1347,54375,0x00000006,6,"if (Function_108(22, 0) && !Function_108(41, 0))
                    {",1375725
ENABLE_CHILD_SECTOR,hen_barn01x,,Function_1347,54375,0x00000007,7,"if (Function_108(22, 0) && Function_108(41, 0))
                    {",1376030
ENABLE_CHILD_SECTOR,hen_barn01props01x,,Function_1347,54375,0x00000007,7,"if (Function_108(22, 0) && Function_108(41, 0))
                    {",1376090
ENABLE_CHILD_SECTOR,hen_barn01props02x,,Function_1347,54375,0x00000007,7,"if (Function_108(22, 0) && Function_108(41, 0))
                    {",1376157
DISABLE_CHILD_SECTOR,hen_barn02x,,Function_1347,54375,0x00000007,7,"if (Function_108(22, 0) && Function_108(41, 0))
                    {",1376224
DISABLE_CHILD_SECTOR,hen_barn02props01x,,Function_1347,54375,0x00000007,7,"if (Function_108(22, 0) && Function_108(41, 0))
                    {",1376285
DISABLE_WORLD_SECTOR,campoMiradaBefore,,Function_1347,54375,0x00000008,8,"if (Function_108(34, 0))
                    {",1376568
ENABLE_WORLD_SECTOR,campoMiradaAfter,,Function_1347,54375,0x00000008,8,"if (Function_108(34, 0))
                    {",1376635
DISABLE_WORLD_SECTOR,fronteraBridgeBefore,,Function_1347,54375,0x00000009,9,"if (Function_108(26, 0) || Function_108(30, 0))
                    {",1376938
ENABLE_WORLD_SECTOR,fronteraBridgeAfter,,Function_1347,54375,0x00000009,9,"if (Function_108(26, 0) || Function_108(30, 0))
                    {",1377008
DISABLE_CHILD_SECTOR,fod_gates01x,,Function_1347,54375,0x0000000A,10,"if (Function_108(40, 0))
                    {",1377291
ENABLE_CHILD_SECTOR,fod_gates02x,,Function_1347,54375,0x0000000A,10,"if (Function_108(40, 0))
                    {",1377353
ENABLE_CHILD_SECTOR,fod_gates02Doors01x,,Function_1347,54375,0x0000000A,10,"if (Function_108(40, 0))
                    {",1377414
DISABLE_CHILD_SECTOR,coc_fence01x,,Function_1347,54375,0x0000000B,11,"if (Function_108(48, 0))
                    {",1377697
ENABLE_CHILD_SECTOR,coc_fence01bx,,Function_1347,54375,0x0000000B,11,"if (Function_108(48, 0))
                    {",1377759
ENABLE_CHILD_SECTOR,coc_gates02x,,Function_1347,54375,0x0000000B,11,"if (Function_108(48, 0))
                    {",1377821
DISABLE_CHILD_SECTOR,coc_gates01x,,Function_1347,54375,0x0000000B,11,"if (Function_108(48, 0))
                    {",1377882
DISABLE_WORLD_SECTOR,masonBridgeBefore,,Function_1347,54375,0x0000000C,12,"if (Function_108(41, 0))
                    {",1378159
ENABLE_WORLD_SECTOR,masonBridgeAfter,,Function_1347,54375,0x0000000C,12,"if (Function_108(41, 0))
                    {",1378226
DISABLE_CHILD_SECTOR,lmf_troughBefore01x,,Function_1347,54375,0x0000000D,13,"if (Function_108(41, 0))
                    {",1378506
ENABLE_CHILD_SECTOR,lmf_troughAfter01x,,Function_1347,54375,0x0000000D,13,"if (Function_108(41, 0))
                    {",1378575
DISABLE_CHILD_SECTOR,rwf_barn01xprops02x,,Function_1347,54375,0x0000000F,15,"if (Function_108(21, 0))
                    {",1378934
ENABLE_CHILD_SECTOR,rwf_barn01xprops01x,,Function_1347,54375,0x0000000F,15,"if (Function_108(21, 0))
                    {",1379003
DISABLE_CHILD_SECTOR,beh_silo02x,,Function_1347,54375,0x00000010,16,"if (Function_108(57, 0) | 57)
                    {",1379331
ENABLE_CHILD_SECTOR,beh_silo01x,,Function_1347,54375,0x00000010,16,"if (Function_108(57, 0) | 57)
                    {",1379392
DISABLE_CHILD_SECTOR,beh_house02x,,Function_1347,54375,0x00000011,17,"if (Function_108(48, 0))
                    {",1379667
DISABLE_CHILD_SECTOR,beh_house02props01x,,Function_1347,54375,0x00000011,17,"if (Function_108(48, 0))
                    {",1379729
ENABLE_CHILD_SECTOR,beh_house01x,,Function_1347,54375,0x00000011,17,"if (Function_108(48, 0))
                    {",1379798
ENABLE_CHILD_SECTOR,beh_house01props01x,,Function_1347,54375,0x00000011,17,"if (Function_108(48, 0))
                    {",1379859
DISABLE_CHILD_SECTOR,tor_militaryCamp01x,,Function_1347,54375,0x00000012,18,"if (Function_108(28, 0))
                    {",1380142
ENABLE_CHILD_SECTOR,tor_militaryCamp02x,,Function_1347,54375,0x00000012,18,"if (Function_108(28, 0))
                    {",1380211
DISABLE_CHILD_SECTOR,esc_villaWall04x,,Function_1347,54375,0x00000013,19,"if (Function_108(41, 0))
                    {",1380494
ENABLE_CHILD_SECTOR,esc_villaWall05x,,Function_1347,54375,0x00000013,19,"if (Function_108(41, 0))
                    {",1380560
ENABLE_CHILD_SECTOR,icarus,,Function_1347,54375,0x00000014,20,"if (Function_122(37))
                    {",1380837
ENABLE_CHILD_SECTOR,beh_grave02x,,Function_1347,54375,0x00000017,23,"if (Function_108(57, 0))
                    {",1381261
ENABLE_CHILD_SECTOR,beh_grave03x,,Function_1347,54375,0x00000017,23,"if (Function_108(57, 0))
                    {",1381322
DISABLE_CHILD_SECTOR,beh_grave01x,,Function_1347,54375,0x00000017,23,"if (Function_108(57, 0))
                    {",1381383
ENABLE_CURVE,rsdGPSTRAIL_elm_cas_path,1,Function_1347,54375,0x00000018,24,"if (Function_108(25, 0))
                    {",1381660
ENABLE_CURVE,rsdGPSTRAIL_curve495,1,Function_1347,54375,0x00000018,24,"if (Function_108(25, 0))
                    {",1381729
ENABLE_CURVE,rsdGPSTRAIL_elm_cas_pathdetachedCurve12,1,Function_1347,54375,0x00000018,24,"if (Function_108(25, 0))
                    {",1381794
ENABLE_CURVE,rsdGPSTRAIL_elm_cas_pathdetachedCurve13,1,Function_1347,54375,0x00000018,24,"if (Function_108(25, 0))
                    {",1381878
ENABLE_CURVE,rsdGPSTRAIL_elm_cas_loop1,1,Function_1347,54375,0x00000018,24,"if (Function_108(25, 0))
                    {",1381962
ENABLE_CURVE,rsdTRAIL_cas_ram_pathdetachedCurve10,1,Function_1347,54375,0x00000018,24,"if (Function_108(25, 0))
                    {",1382032
ENABLE_CURVE,rsdTRAIL_cas_ram_pathdetachedCurve8,1,Function_1347,54375,0x00000018,24,"if (Function_108(25, 0))
                    {",1382113
ENABLE_CURVE,rsdTRAIL_cas_ram_pathdetachedCurve6,1,Function_1347,54375,0x00000018,24,"if (Function_108(25, 0))
                    {",1382193
ENABLE_CURVE,rsdTRAIL_las_nos_pathdetachedCurve2,1,Function_1347,54375,0x00000018,24,,1382273
ENABLE_CURVE,rsdROAD_las_esc_roaddetachedCurve10detachedCurve1,1,Function_1347,54375,0x00000018,24,,1382353
ENABLE_CURVE,rsdTRAIL_curve44,1,Function_1347,54375,0x00000018,24,,1382447
ENABLE_CURVE,rsdROAD_las_esc_roaddetachedCurve18,1,Function_1347,54375,0x00000018,24,,1382508
ENABLE_CURVE,rsdTRAIL_cas_ram_pathdetachedCurve2,1,Function_1347,54375,0x00000018,24,,1382588
ENABLE_CURVE,rsdTRAIL_cas_ram_pathdetachedCurve4detachedCurve2,1,Function_1347,54375,0x00000018,24,,1382668
ENABLE_CURVE,rsdROAD_las_roaddetachedCurve4,1,Function_1347,54375,0x00000018,24,,1382762
ENABLE_CURVE,rsdROAD_las_roaddetachedCurve2,1,Function_1347,54375,0x00000018,24,,1382837
ENABLE_CURVE,rsdROAD_curve69,1,Function_1347,54375,0x00000018,24,,1382912
ENABLE_CURVE,rsdROAD_las_road,1,Function_1347,54375,0x00000018,24,,1382972
ENABLE_CURVE,rsdROAD_frb_road,1,Function_1347,54375,0x00000018,24,,1383033
ENABLE_CURVE,rsdGPSTRAIL_curve98,1,Function_1347,54375,0x00000018,24,,1383094
ENABLE_CURVE,rsdGPSROAD_elm_cas_roaddetachedCurve4detachedCurve2,1,Function_1347,54375,0x00000018,24,,1383158
ENABLE_CURVE,rsdGPSROAD_elm_cas_roaddetachedCurve4,1,Function_1347,54375,0x00000018,24,,1383254
ENABLE_CURVE,rsdGPSTRAIL_elm_loop01_pathdetachedCurve2detachedCurve2,1,Function_1347,54375,0x00000018,24,,1383336
ENABLE_CURVE,rsdGPSTRAIL_curve634,1,Function_1347,54375,0x00000018,24,,1383436
ENABLE_CURVE,rsdGPSTRAIL_curve635,1,Function_1347,54375,0x00000018,24,,1383501
ENABLE_CURVE,rsdGPSTRAIL_curve636,1,Function_1347,54375,0x00000018,24,,1383566
ENABLE_CURVE,rsdTRAIL_curve637,1,Function_1347,54375,0x00000018,24,,1383631
ENABLE_CURVE,rsdTRAIL_curve638,1,Function_1347,54375,0x00000018,24,,1383693
ENABLE_CURVE,rsdTRAIL_cas_loop04_pathdetachedCurve2,1,Function_1347,54375,0x00000018,24,,1383755
ENABLE_CURVE,rsdTRAIL_curve70,1,Function_1347,54375,0x00000018,24,,1383838
ENABLE_CURVE,rsdTRAIL_cas_loop04_path,1,Function_1347,54375,0x00000018,24,,1383899
ENABLE_CURVE,rsdTRAIL_cas_loop05_pathdetachedCurve4,1,Function_1347,54375,0x00000018,24,,1383968
ENABLE_CURVE,rsdTRAIL_cas_loop05_pathdetachedCurve2,1,Function_1347,54375,0x00000018,24,,1384051
ENABLE_CURVE,rsdTRAIL_cas_loop01_pathdetachedCurve2detachedCurve2,1,Function_1347,54375,0x00000018,24,,1384134
ENABLE_CURVE,rsdTRAIL_chu_loop01_pathdetachedCurve2detachedCurve2detachedCurve2detachedCurve2,1,Function_1347,54375,0x00000018,24,,1384231
ENABLE_CURVE,rsdTRAIL_chu_loop01_pathdetachedCurve2detachedCurve2detachedCurve2,1,Function_1347,54375,0x00000018,24,,1384356
ENABLE_CURVE,rsdTRAIL_chu_loop01_pathdetachedCurve2detachedCurve2,1,Function_1347,54375,0x00000018,24,,1384467
ENABLE_CURVE,rsdTRAIL_chu_loop01_pathdetachedCurve2,1,Function_1347,54375,0x00000018,24,,1384564
ENABLE_CURVE,rsdTRAIL_chu_loop01_pathdetachedCurve4,1,Function_1347,54375,0x00000018,24,,1384647
ENABLE_CURVE,rsdTRAIL_elm_cas_pathdetachedCurve10,1,Function_1347,54375,0x00000018,24,,1384730
ENABLE_CURVE,rsdTRAIL_elm_cas_pathdetachedCurve8,1,Function_1347,54375,0x00000018,24,,1384811
ENABLE_CURVE,rsdTRAIL_cas_loop03_path1,1,Function_1347,54375,0x00000018,24,,1384891
ENABLE_CURVE,rsdTRAIL_cas_loop03_path,1,Function_1347,54375,0x00000018,24,,1384961
ENABLE_CURVE,rsdTRAIL_elm_cas_pathdetachedCurve6,1,Function_1347,54375,0x00000018,24,,1385030
ENABLE_CURVE,rsdTRAIL_elm_cas_pathdetachedCurve4,1,Function_1347,54375,0x00000018,24,,1385110
ENABLE_CURVE,rsdTRAIL_elm_cas_pathdetachedCurve2,1,Function_1347,54375,0x00000018,24,,1385190
ENABLE_CURVE,rsdTRAIL_cas_loop02_path,1,Function_1347,54375,0x00000018,24,,1385270
ENABLE_CURVE,rsdTRAIL_cas_loop01_path1,1,Function_1347,54375,0x00000018,24,,1385339
ENABLE_CURVE,rsdTRAIL_cas_loop01_path,1,Function_1347,54375,0x00000018,24,,1385409
ENABLE_CURVE,rsdTRAIL_cas_loop03_path1detachedCurve4,1,Function_1347,54375,0x00000018,24,,1385478
ENABLE_CURVE,rsdTRAIL_cas_loop03_pathdetachedCurve4,1,Function_1347,54375,0x00000018,24,,1385562
ENABLE_CURVE,rsdTRAIL_cas_loop03_pathdetachedCurve2,1,Function_1347,54375,0x00000018,24,,1385645
ENABLE_CURVE,rsdTRAIL_cas_loop03_path1detachedCurve2,1,Function_1347,54375,0x00000018,24,,1385728
ENABLE_CURVE,rsdTRAIL_chu_loop01_path3detachedCurve2,1,Function_1347,54375,0x00000018,24,,1385812
ENABLE_CURVE,rsdTRAIL_chu_loop01_path3,1,Function_1347,54375,0x00000018,24,,1385896
ENABLE_CURVE,rsdTRAIL_cas_loop09_path,1,Function_1347,54375,0x00000018,24,,1385966
ENABLE_CURVE,rsdTRAIL_cas_loop06__path,1,Function_1347,54375,0x00000018,24,,1386035
ENABLE_CURVE,rsdTRAIL_cas_loop01_path1detachedCurve4,1,Function_1347,54375,0x00000018,24,,1386105
ENABLE_CURVE,rsdTRAIL_cas_loop01_pathdetachedCurve4,1,Function_1347,54375,0x00000018,24,,1386189
ENABLE_CURVE,rsdTRAIL_cas_loop01_path1detachedCurve2,1,Function_1347,54375,0x00000018,24,,1386272
ENABLE_CURVE,rsdTRAIL_cas_loop01_path1detachedCurve6,1,Function_1347,54375,0x00000018,24,,1386356
ENABLE_CURVE,rsdTRAIL_cas_loop07_pathdetachedCurve2detachedCurve2,1,Function_1347,54375,0x00000018,24,,1386440
ENABLE_CURVE,rsdTRAIL_cas_loop07_pathdetachedCurve2,1,Function_1347,54375,0x00000018,24,,1386537
ENABLE_CURVE,rsdTRAIL_cas_loop07_path,1,Function_1347,54375,0x00000018,24,,1386620
ENABLE_CURVE,rsdTRAIL_cas_loop02_path1,1,Function_1347,54375,0x00000018,24,,1386689
ENABLE_CURVE,rsdTRAIL_cas_ram_pathdetachedCurve4,1,Function_1347,54375,0x00000018,24,,1386759
ENABLE_CURVE,rsdTRAIL_cas_loop02_path1detachedCurve4,1,Function_1347,54375,0x00000018,24,,1386839
ENABLE_CURVE,rsdTRAIL_cas_loop02_path1detachedCurve2,1,Function_1347,54375,0x00000018,24,,1386923
ENABLE_CURVE,rsdROAD_las_esc_roaddetachedCurve20detachedCurve2,1,Function_1347,54375,0x00000018,24,,1387007
ENABLE_CURVE,rsdROAD_las_esc_roaddetachedCurve16,1,Function_1347,54375,0x00000018,24,,1387101
ENABLE_CURVE,rsdROAD_las_esc_roaddetachedCurve12,1,Function_1347,54375,0x00000018,24,,1387181
ENABLE_CURVE,rsdROAD_las_esc_roaddetachedCurve14,1,Function_1347,54375,0x00000018,24,,1387261
ENABLE_CURVE,rsdGPSTRAIL_curve163,1,Function_1347,54375,0x00000018,24,,1387341
ENABLE_CURVE,rsdTRAIL_curve297,1,Function_1347,54375,0x00000018,24,,1387406
ENABLE_CURVE,rsdTRAIL_curve71,1,Function_1347,54375,0x00000018,24,,1387468
ENABLE_CURVE,rsdTRAIL_curve72,1,Function_1347,54375,0x00000018,24,,1387529
ENABLE_CURVE,rsdTRAIL_cas_ram_path,1,Function_1347,54375,0x00000018,24,,1387590
ENABLE_CURVE,rsdTRAIL_cas_loop04_pathdetachedCurve2detachedCurve2,1,Function_1347,54375,0x00000018,24,,1387656
ENABLE_CURVE,rsdTRAIL_cas_loop05_path,1,Function_1347,54375,0x00000018,24,,1387753
ENABLE_CURVE,rsdTRAIL_cas_loop08_path,1,Function_1347,54375,0x00000018,24,,1387822
ENABLE_CURVE,rsdGPSTRAIL_curve77,1,Function_1347,54375,0x00000018,24,,1387891
ENABLE_CURVE,rsdGPSTRAIL_curve78,1,Function_1347,54375,0x00000018,24,,1387955
ENABLE_CURVE,rsdGPSTRAIL_curve78,1,Function_1347,54375,0x00000018,24,,1388019
ENABLE_CURVE,rsdGPSTRAIL_curve79,1,Function_1347,54375,0x00000018,24,,1388083
ENABLE_CURVE,rsdGPSTRAIL_elm_loop01_pathdetachedCurve2detachedCurve4,1,Function_1347,54375,0x00000018,24,,1388147
ENABLE_CURVE,rsdGPSTRAIL_elm_loop01_pathdetachedCurve2,1,Function_1347,54375,0x00000018,24,,1388247
ENABLE_CURVE,rsdGPSTRAIL_elm_loop01_path,1,Function_1347,54375,0x00000018,24,,1388333
ENABLE_CURVE,rsdGPSTRAIL_elm_loop02_path,1,Function_1347,54375,0x00000018,24,,1388405
ENABLE_CURVE,rsdROAD_elm_cas_roaddetachedCurve8,1,Function_1347,54375,0x00000018,24,,1388477
ENABLE_CURVE,rsdROAD_elm_cas_roaddetachedCurve6,1,Function_1347,54375,0x00000018,24,,1388556
ENABLE_CURVE,rsdROAD_las_esc_roaddetachedCurve20,1,Function_1347,54375,0x00000018,24,,1388635
ENABLE_CHILD_SECTOR,emt_caveDoor02x,,Function_1347,54375,0x00000019,25,"if (Function_108(32, 0))
                    {",1388930
DISABLE_CHILD_SECTOR,emt_caveDoor01x,,Function_1347,54375,0x00000019,25,"if (Function_108(32, 0))
                    {",1388994
ENABLE_CHILD_SECTOR,thi_window02x,,Function_1347,54375,0x0000001A,26,"if (Function_108(20, 0))
                    {",1389274
DISABLE_CHILD_SECTOR,thi_window01x,,Function_1347,54375,0x0000001A,26,"if (Function_108(20, 0))
                    {",1389336
ENABLE_CURVE,rsdGPSTRAIL_home01_,0,Function_1765,6A83B,0x00000011,17,"if (IS_OBJECTSET_VALID(&Param0[iVar231] + 232))
            {",1777641
ENABLE_CURVE,rsdGPSTRAIL_home01_1,0,Function_1765,6A83B,0x00000011,17,,1777685
ENABLE_CURVE,rsdGPSTRAIL_home01_2,0,Function_1765,6A83B,0x00000011,17,,1777730
ENABLE_CURVE,rsdGPSTRAIL_home02_ranch01_,0,Function_1765,6A83B,0x00000011,17,,1777775
ENABLE_CURVE,rsdGPSTRAIL_home02_ranch01_1,0,Function_1765,6A83B,0x00000011,17,,1777827
ENABLE_CURVE,rsdGPSTRAIL_home02_ranch01_2,0,Function_1765,6A83B,0x00000011,17,,1777880
ENABLE_CURVE,rsdGPSTRAIL_ranch07_,0,Function_1765,6A83B,0x00000011,17,,1777933
ENABLE_CURVE,rsdGPSTRAIL_ranch08_,0,Function_1765,6A83B,0x00000011,17,,1777978
ENABLE_CURVE,rsdGPSTRAIL_ranch08_1,0,Function_1765,6A83B,0x00000011,17,,1778023
ENABLE_CURVE,rsdGPSTRAIL_home01_,0,Function_2237,8283B,0x00000011,17,"if (IS_OBJECTSET_VALID(&Param0[iVar231] + 232))
            {",2227061
ENABLE_CURVE,rsdGPSTRAIL_home01_1,0,Function_2237,8283B,0x00000011,17,,2227105
ENABLE_CURVE,rsdGPSTRAIL_home01_2,0,Function_2237,8283B,0x00000011,17,,2227150
ENABLE_CURVE,rsdGPSTRAIL_home02_ranch01_,0,Function_2237,8283B,0x00000011,17,,2227195
ENABLE_CURVE,rsdGPSTRAIL_home02_ranch01_1,0,Function_2237,8283B,0x00000011,17,,2227247
ENABLE_CURVE,rsdGPSTRAIL_home02_ranch01_2,0,Function_2237,8283B,0x00000011,17,,2227300
ENABLE_CURVE,rsdGPSTRAIL_ranch07_,0,Function_2237,8283B,0x00000011,17,,2227353
ENABLE_CURVE,rsdGPSTRAIL_ranch08_,0,Function_2237,8283B,0x00000011,17,,2227398
ENABLE_CURVE,rsdGPSTRAIL_ranch08_1,0,Function_2237,8283B,0x00000011,17,,2227443
ENABLE_CURVE,rsdGPSTRAIL_home01_,0,Function_2638,9E83B,0x00000011,17,"if (IS_OBJECTSET_VALID(&Param0[iVar231] + 232))
            {",2632749
ENABLE_CURVE,rsdGPSTRAIL_home01_1,0,Function_2638,9E83B,0x00000011,17,,2632793
ENABLE_CURVE,rsdGPSTRAIL_home01_2,0,Function_2638,9E83B,0x00000011,17,,2632838
ENABLE_CURVE,rsdGPSTRAIL_home02_ranch01_,0,Function_2638,9E83B,0x00000011,17,,2632883
ENABLE_CURVE,rsdGPSTRAIL_home02_ranch01_1,0,Function_2638,9E83B,0x00000011,17,,2632935
ENABLE_CURVE,rsdGPSTRAIL_home02_ranch01_2,0,Function_2638,9E83B,0x00000011,17,,2632988
ENABLE_CURVE,rsdGPSTRAIL_ranch07_,0,Function_2638,9E83B,0x00000011,17,,2633041
ENABLE_CURVE,rsdGPSTRAIL_ranch08_,0,Function_2638,9E83B,0x00000011,17,,2633086
ENABLE_CURVE,rsdGPSTRAIL_ranch08_1,0,Function_2638,9E83B,0x00000011,17,,2633131
ENABLE_CURVE,rsdGPSTRAIL_home01_,0,Function_2956,BE83B,0x00000011,17,"if (IS_OBJECTSET_VALID(&Param0[iVar231] + 232))
            {",2978208
ENABLE_CURVE,rsdGPSTRAIL_home01_1,0,Function_2956,BE83B,0x00000011,17,,2978252
ENABLE_CURVE,rsdGPSTRAIL_home01_2,0,Function_2956,BE83B,0x00000011,17,,2978297
ENABLE_CURVE,rsdGPSTRAIL_home02_ranch01_,0,Function_2956,BE83B,0x00000011,17,,2978342
ENABLE_CURVE,rsdGPSTRAIL_home02_ranch01_1,0,Function_2956,BE83B,0x00000011,17,,2978394
ENABLE_CURVE,rsdGPSTRAIL_home02_ranch01_2,0,Function_2956,BE83B,0x00000011,17,,2978447
ENABLE_CURVE,rsdGPSTRAIL_ranch07_,0,Function_2956,BE83B,0x00000011,17,,2978500
ENABLE_CURVE,rsdGPSTRAIL_ranch08_,0,Function_2956,BE83B,0x00000011,17,,2978545
ENABLE_CURVE,rsdGPSTRAIL_ranch08_1,0,Function_2956,BE83B,0x00000011,17,,2978590
ENABLE_CURVE,rsdGPSTRAIL_home01_,0,Function_3190,E283B,0x00000011,17,"if (IS_OBJECTSET_VALID(&Param0[iVar231] + 232))
            {",3237963
ENABLE_CURVE,rsdGPSTRAIL_home01_1,0,Function_3190,E283B,0x00000011,17,,3238007
ENABLE_CURVE,rsdGPSTRAIL_home01_2,0,Function_3190,E283B,0x00000011,17,,3238052
ENABLE_CURVE,rsdGPSTRAIL_home02_ranch01_,0,Function_3190,E283B,0x00000011,17,,3238097
ENABLE_CURVE,rsdGPSTRAIL_home02_ranch01_1,0,Function_3190,E283B,0x00000011,17,,3238149
ENABLE_CURVE,rsdGPSTRAIL_home02_ranch01_2,0,Function_3190,E283B,0x00000011,17,,3238202
ENABLE_CURVE,rsdGPSTRAIL_ranch07_,0,Function_3190,E283B,0x00000011,17,,3238255
ENABLE_CURVE,rsdGPSTRAIL_ranch08_,0,Function_3190,E283B,0x00000011,17,,3238300
ENABLE_CURVE,rsdGPSTRAIL_ranch08_1,0,Function_3190,E283B,0x00000011,17,,3238345
ENABLE_CURVE,rsdGPSTRAIL_home01_,0,Function_3349,10A83B,0x00000011,17,"if (IS_OBJECTSET_VALID(&Param0[iVar231] + 232))
            {",3421281
ENABLE_CURVE,rsdGPSTRAIL_home01_1,0,Function_3349,10A83B,0x00000011,17,,3421325
ENABLE_CURVE,rsdGPSTRAIL_home01_2,0,Function_3349,10A83B,0x00000011,17,,3421370
ENABLE_CURVE,rsdGPSTRAIL_home02_ranch01_,0,Function_3349,10A83B,0x00000011,17,,3421415
ENABLE_CURVE,rsdGPSTRAIL_home02_ranch01_1,0,Function_3349,10A83B,0x00000011,17,,3421467
ENABLE_CURVE,rsdGPSTRAIL_home02_ranch01_2,0,Function_3349,10A83B,0x00000011,17,,3421520
ENABLE_CURVE,rsdGPSTRAIL_ranch07_,0,Function_3349,10A83B,0x00000011,17,,3421573
ENABLE_CURVE,rsdGPSTRAIL_ranch08_,0,Function_3349,10A83B,0x00000011,17,,3421618
ENABLE_CURVE,rsdGPSTRAIL_ranch08_1,0,Function_3349,10A83B,0x00000011,17,,3421663
