source,relative_path,source_size,source_sha1,output,output_relative_path,status,error,decoded_size,decoded_sha256,output_size,output_sha1,bridge_stdout,bridge_stderr,runtime_compatibility,lzx_magic,lzx_compressed_size,expected_unpacked_size,codec,compressed_size,output_sha256,validate_ok,runtime_note,pc_table_normalization,object_start,converted_header_words,converted_page_pointer_words,converted_native_hash_words,converted_static_words,warning,script_header_words_be,code_size,parameter_count,static_count,static_pointer,native_count,native_pointer,page_pointer_table,page_count
D:\Games\Red Dead Redemption\game\XENON MULTIPLAYER\content\release64\multiplayer\action_areas\fort_mercer\fortmercermp.xsc,action_areas/fort_mercer/fortmercermp.xsc,28748,297F62C610C1D1835FFA8EF1992E17145506BDF5,D:\Games\Red Dead Redemption\Code_RED\build\mp_xenon_full_conversion_pass2\import_ready_wsc_from_xsc_named\action_areas\fort_mercer\fortmercermp.wsc,action_areas/fort_mercer/fortmercermp.wsc,pc_wsc_magicrdr_table_candidate_runtime_unproven,,69632,EF7A10310C9811F134F194C1925917067698B2314FD49D76E7FC3F08F5615B84,28993,D909B5B3C5591C03D15CCC9B9EDFDD4A19EB2F8A,"{""status"":""ok"",""hr"":0,""input_size"":28724,""output_size"":69632,""message"":""""}",,unproven,0x0FF512F1,28724,69632,zstd-level-22-no-content-size,28977,8C60B7FDE64255B41510D4C54295A9D1A0F70B9E82AC40E93B4803A9798153CA,True,PC wrapper validates and script tables are PC/Switch-endian. Runtime compatibility is still game-unproven.,xenon-big-tables-to-pc-little,65536,10,4,425,630,,"['0xA8D74300', '0x500106E0', '0x50010700', '0x0000F612', '0x00000000', '0x00000276', '0x5000F620', '0x349D018A', '0x000001A9', '0x50010030']",62994,0,630,63008,425,65584,67328,4
D:\Games\Red Dead Redemption\game\XENON MULTIPLAYER\content\release64\multiplayer\action_areas\gaptooth_breach\gaptoothbreachmp.xsc,action_areas/gaptooth_breach/gaptoothbreachmp.xsc,30760,822DEE0898DE1AF36627E31528C602C2DD7D62B6,D:\Games\Red Dead Redemption\Code_RED\build\mp_xenon_full_conversion_pass2\import_ready_wsc_from_xsc_named\action_areas\gaptooth_breach\gaptoothbreachmp.wsc,action_areas/gaptooth_breach/gaptoothbreachmp.wsc,pc_wsc_magicrdr_table_candidate_runtime_unproven,,73728,793A9C5146FE1634F897B7A167362D66DA805BF34F89A81C94FCDC888D700FB1,31032,140DF77AB692A600E70B66FABB174C80A7561935,"{""status"":""ok"",""hr"":0,""input_size"":30736,""output_size"":73728,""message"":""""}",,unproven,0x0FF512F1,30736,73728,zstd-level-21-no-content-size,31016,8CB90D7F638DC969CA8B8861A573A894D0BDF0F2C7CC5C4A37D7B421B4AEE6FD,True,PC wrapper validates and script tables are PC/Switch-endian. Runtime compatibility is still game-unproven.,xenon-big-tables-to-pc-little,65536,10,5,483,568,,"['0xA8D74300', '0x50011650', '0x50011680', '0x000105A3', '0x00000000', '0x00000238', '0x50010030', '0x349D018A', '0x000001E3', '0x50010910']",66979,0,568,65584,483,67856,71296,5
D:\Games\Red Dead Redemption\game\XENON MULTIPLAYER\content\release64\multiplayer\action_areas\genericmp_aa.xsc,action_areas/genericmp_aa.xsc,2868,8F86E8D066095D54C07BDC1E14C9D48E971EDF1D,D:\Games\Red Dead Redemption\Code_RED\build\mp_xenon_full_conversion_pass2\import_ready_wsc_from_xsc_named\action_areas\genericmp_aa.wsc,action_areas/genericmp_aa.wsc,pc_wsc_magicrdr_table_candidate_runtime_unproven,,8192,98B4A8736794A6D0C625D3152F93DA0EAE2D09771D577887E55D4BE821BB3AF6,2810,F929B4968ECEAA7A6C75A1A9E0CFF8CD8AAA4067,"{""status"":""ok"",""hr"":0,""input_size"":2844,""output_size"":8192,""message"":""""}",,unproven,0x0FF512F1,2844,8192,zstd-level-22-no-content-size,2794,7936F1AAAABFA2CCBE3721B80B21A725B6ACA76EDA86B7C6BCE6CFF5D1894407,True,PC wrapper validates and script tables are PC/Switch-endian. Runtime compatibility is still game-unproven.,xenon-big-tables-to-pc-little,0,10,1,95,112,,"['0xA8D74300', '0x50001200', '0x50001220', '0x00000E87', '0x00000002', '0x00000070', '0x50000EC0', '0x349D018A', '0x0000005F', '0x50001080']",3719,2,112,3776,95,4224,4640,1
D:\Games\Red Dead Redemption\game\XENON MULTIPLAYER\content\release64\multiplayer\action_areas\nosalida\nosalidamp.xsc,action_areas/nosalida/nosalidamp.xsc,27692,12097D2F596D9DAE8CF19F3C7AC66894F7459556,D:\Games\Red Dead Redemption\Code_RED\build\mp_xenon_full_conversion_pass2\import_ready_wsc_from_xsc_named\action_areas\nosalida\nosalidamp.wsc,action_areas/nosalida/nosalidamp.wsc,pc_wsc_magicrdr_table_candidate_runtime_unproven,,69632,23149AC9A6E30B323E75EA13879B445FAA10EA4952552FDE9184D6A6C985FE3B,27917,23A6A9F54815FA412460A85C4F459AECB331DA2A,"{""status"":""ok"",""hr"":0,""input_size"":27668,""output_size"":69632,""message"":""""}",,unproven,0x0FF512F1,27668,69632,zstd-level-22-no-content-size,27901,9750AC159FC9032699A3BF01A55EA6C62D073C5347AD32B6CB9F0618FDF5DA42,True,PC wrapper validates and script tables are PC/Switch-endian. Runtime compatibility is still game-unproven.,xenon-big-tables-to-pc-little,65536,10,4,454,471,,"['0xA8D74300', '0x50010EB0', '0x50010ED0', '0x0000E5F3', '0x00000000', '0x000001D7', '0x50010030', '0x349D018A', '0x000001C6', '0x50010790']",58867,0,471,65584,454,67472,69328,4
D:\Games\Red Dead Redemption\game\XENON MULTIPLAYER\content\release64\multiplayer\action_areas\pikes_basin\pikesbasinmp.xsc,action_areas/pikes_basin/pikesbasinmp.xsc,28506,795D7170D7A0219BE8BDF72298B28F0CD88660C0,D:\Games\Red Dead Redemption\Code_RED\build\mp_xenon_full_conversion_pass2\import_ready_wsc_from_xsc_named\action_areas\pikes_basin\pikesbasinmp.wsc,action_areas/pikes_basin/pikesbasinmp.wsc,pc_wsc_magicrdr_table_candidate_runtime_unproven,,69632,9CA1ACDE10EB1B64CAE54496DB16620572BC425866121A3AB610D69C1C70B4F0,28771,DE70E893D06B72D0441C2E32B9A3C8B3AA5A9FF2,"{""status"":""ok"",""hr"":0,""input_size"":28482,""output_size"":69632,""message"":""""}",,unproven,0x0FF512F1,28482,69632,zstd-level-22-no-content-size,28755,19960026602FF676C08D60D2BB6004E86A47ED47DCB8C5DDB51C726ED20DA441,True,PC wrapper validates and script tables are PC/Switch-endian. Runtime compatibility is still game-unproven.,xenon-big-tables-to-pc-little,65536,10,4,423,625,,"['0xA8D74300', '0x5000FD00', '0x5000FD20', '0x0000F32B', '0x00000000', '0x00000271', '0x5000F330', '0x349D018A', '0x000001A7', '0x50010030']",62251,0,625,62256,423,65584,64800,4
D:\Games\Red Dead Redemption\game\XENON MULTIPLAYER\content\release64\multiplayer\action_areas\solomons_folly\solomonsfollymp.xsc,action_areas/solomons_folly/solomonsfollymp.xsc,26414,1BDCED02D7FBDF024C0F2D42793156525EDBAD4A,D:\Games\Red Dead Redemption\Code_RED\build\mp_xenon_full_conversion_pass2\import_ready_wsc_from_xsc_named\action_areas\solomons_folly\solomonsfollymp.wsc,action_areas/solomons_folly/solomonsfollymp.wsc,pc_wsc_magicrdr_table_candidate_runtime_unproven,,61440,4201DC36D2B2B7EFEF759472F04DC98DC8DC1B10B661A6E39258BBB1A517F8D4,26640,AC212C9737D08E03617AD393BB3A99B755B78989,"{""status"":""ok"",""hr"":0,""input_size"":26390,""output_size"":61440,""message"":""""}",,unproven,0x0FF512F1,26390,61440,zstd-level-22-no-content-size,26624,B9B20A82BA46E786CAB25A58C0BCE2DFB44CF9533453E50D014FD60DB5353F1E,True,PC wrapper validates and script tables are PC/Switch-endian. Runtime compatibility is still game-unproven.,xenon-big-tables-to-pc-little,57344,10,4,425,474,,"['0xA8D74300', '0x5000EE50', '0x5000EE70', '0x0000DAF3', '0x00000000', '0x000001DA', '0x5000E030', '0x349D018A', '0x000001A9', '0x5000E7A0']",56051,0,474,57392,425,59296,61040,4
D:\Games\Red Dead Redemption\game\XENON MULTIPLAYER\content\release64\multiplayer\action_areas\tesoro_azul\tesoroazulmp.xsc,action_areas/tesoro_azul/tesoroazulmp.xsc,28240,596C2741826A8E797859A78FA507EE62F9670E89,D:\Games\Red Dead Redemption\Code_RED\build\mp_xenon_full_conversion_pass2\import_ready_wsc_from_xsc_named\action_areas\tesoro_azul\tesoroazulmp.wsc,action_areas/tesoro_azul/tesoroazulmp.wsc,pc_wsc_magicrdr_table_candidate_runtime_unproven,,69632,D93CA71830AE11889FE3E645EE442EA82901D8A71D956DEF997E146F847474F7,28522,09C6BEE29B91AE2D5B5DF15B7154ABCD5AC12801,"{""status"":""ok"",""hr"":0,""input_size"":28216,""output_size"":69632,""message"":""""}",,unproven,0x0FF512F1,28216,69632,zstd-level-22-no-content-size,28506,E7E6337D2A20680453C4FC88B18479C8010BDD9A839F5EA132136E430724768D,True,PC wrapper validates and script tables are PC/Switch-endian. Runtime compatibility is still game-unproven.,xenon-big-tables-to-pc-little,65536,10,4,453,471,,"['0xA8D74300', '0x50010EB0', '0x50010ED0', '0x0000E76B', '0x00000000', '0x000001D7', '0x50010030', '0x349D018A', '0x000001C5', '0x50010790']",59243,0,471,65584,453,67472,69328,4
D:\Games\Red Dead Redemption\game\XENON MULTIPLAYER\content\release64\multiplayer\action_areas\tumbleweed\tumbleweedmp.xsc,action_areas/tumbleweed/tumbleweedmp.xsc,28524,6F6157EB27B306B935640D79168A78A5A1B5EF68,D:\Games\Red Dead Redemption\Code_RED\build\mp_xenon_full_conversion_pass2\import_ready_wsc_from_xsc_named\action_areas\tumbleweed\tumbleweedmp.wsc,action_areas/tumbleweed/tumbleweedmp.wsc,pc_wsc_magicrdr_table_candidate_runtime_unproven,,69632,D2BF79B98E3AC8C864F22F3311A947E13C624C0BB6FD8B6E4FD1B8CE434414B1,28766,683354A489D659151777BF6A80C06D055B098C33,"{""status"":""ok"",""hr"":0,""input_size"":28500,""output_size"":69632,""message"":""""}",,unproven,0x0FF512F1,28500,69632,zstd-level-22-no-content-size,28750,ADA7CF3595953C0947C04866D99F8086967B37E3608F5E40EAE4220655BC9C04,True,PC wrapper validates and script tables are PC/Switch-endian. Runtime compatibility is still game-unproven.,xenon-big-tables-to-pc-little,65536,10,4,424,504,,"['0xA8D74300', '0x5000FF10', '0x5000FF30', '0x0000F085', '0x00000000', '0x000001F8', '0x5000F090', '0x349D018A', '0x000001A8', '0x5000F870']",61573,0,504,61584,424,63600,65328,4
D:\Games\Red Dead Redemption\game\XENON MULTIPLAYER\content\release64\multiplayer\action_areas\twin_rocks\twinrocksmp.xsc,action_areas/twin_rocks/twinrocksmp.xsc,27412,D56C8AAC6A1A17386D2800715BDE716B99BB572B,D:\Games\Red Dead Redemption\Code_RED\build\mp_xenon_full_conversion_pass2\import_ready_wsc_from_xsc_named\action_areas\twin_rocks\twinrocksmp.wsc,action_areas/twin_rocks/twinrocksmp.wsc,pc_wsc_magicrdr_table_candidate_runtime_unproven,,69632,41DB0A64CDE0F20C71C36F2A35D55C5A82EBE963791A9AE436DCE0F21747C848,27632,2192E1909B7007EF2D6F87DA9CE2100AE63C6C3F,"{""status"":""ok"",""hr"":0,""input_size"":27388,""output_size"":69632,""message"":""""}",,unproven,0x0FF512F1,27388,69632,zstd-level-22-no-content-size,27616,EFE409E575690880F645CD389CD3379572ACBEA9619C103D934BB15630949179,True,PC wrapper validates and script tables are PC/Switch-endian. Runtime compatibility is still game-unproven.,xenon-big-tables-to-pc-little,65536,10,4,445,489,,"['0xA8D74300', '0x50010EE0', '0x50010F00', '0x0000E040', '0x00000000', '0x000001E9', '0x50010030', '0x349D018A', '0x000001BD', '0x500107E0']",57408,0,489,65584,445,67552,69376,4
D:\Games\Red Dead Redemption\game\XENON MULTIPLAYER\content\release64\multiplayer\action_areas\wilderness\bearwildernessaa.xsc,action_areas/wilderness/bearwildernessaa.xsc,12632,CC4257F30EFB489D48EC93781F40B33446839690,D:\Games\Red Dead Redemption\Code_RED\build\mp_xenon_full_conversion_pass2\import_ready_wsc_from_xsc_named\action_areas\wilderness\bearwildernessaa.wsc,action_areas/wilderness/bearwildernessaa.wsc,pc_wsc_magicrdr_table_candidate_runtime_unproven,,28672,260AF8B0767D2A98C49A8BFF8CF399C73574C7B1D210C4D8FB76B9A78F1D401E,12670,E29DE0F6038049E93D330F1762289E69A28CD0FA,"{""status"":""ok"",""hr"":0,""input_size"":12608,""output_size"":28672,""message"":""""}",,unproven,0x0FF512F1,12608,28672,zstd-level-22-no-content-size,12654,01C02DA18EE77C81C5A3F6D4A1BB5FA69798C1B5E46416256A4B7F6F1470F949,True,PC wrapper validates and script tables are PC/Switch-endian. Runtime compatibility is still game-unproven.,xenon-big-tables-to-pc-little,24576,10,2,259,137,,"['0xA8D74300', '0x50005DA0', '0x50005DC0', '0x00005759', '0x00000000', '0x00000089', '0x50005B70', '0x349D018A', '0x00000103', '0x50005760']",22361,0,137,23408,259,22368,24000,2
D:\Games\Red Dead Redemption\game\XENON MULTIPLAYER\content\release64\multiplayer\action_areas\wilderness\boarwildernessaa.xsc,action_areas/wilderness/boarwildernessaa.xsc,12566,AFDF515A459E51540226B6A39597C3CE66D5A2BA,D:\Games\Red Dead Redemption\Code_RED\build\mp_xenon_full_conversion_pass2\import_ready_wsc_from_xsc_named\action_areas\wilderness\boarwildernessaa.wsc,action_areas/wilderness/boarwildernessaa.wsc,pc_wsc_magicrdr_table_candidate_runtime_unproven,,28672,3E075403227029B32FCE8A59078A77E3F16E141AAEC7CE37354431A46F205CA8,12598,0C8107845B6BA1DEFE102BBF63AB786D718DD4E5,"{""status"":""ok"",""hr"":0,""input_size"":12542,""output_size"":28672,""message"":""""}",,unproven,0x0FF512F1,12542,28672,zstd-level-22-no-content-size,12582,6D732CF8A970B1B9D1AA4E1A54252120AB8018166C176C09EEDDF1F3BA86A094,True,PC wrapper validates and script tables are PC/Switch-endian. Runtime compatibility is still game-unproven.,xenon-big-tables-to-pc-little,24576,10,2,255,137,,"['0xA8D74300', '0x50005D60', '0x50005D80', '0x00005729', '0x00000000', '0x00000089', '0x50005B30', '0x349D018A', '0x000000FF', '0x50005730']",22313,0,137,23344,255,22320,23936,2
D:\Games\Red Dead Redemption\game\XENON MULTIPLAYER\content\release64\multiplayer\action_areas\wilderness\cougarwildernessaa.xsc,action_areas/wilderness/cougarwildernessaa.xsc,12564,08736297354EC8100C97B4D154957DD6569F82FE,D:\Games\Red Dead Redemption\Code_RED\build\mp_xenon_full_conversion_pass2\import_ready_wsc_from_xsc_named\action_areas\wilderness\cougarwildernessaa.wsc,action_areas/wilderness/cougarwildernessaa.wsc,pc_wsc_magicrdr_table_candidate_runtime_unproven,,28672,517F69CB2ABB13850B20E1653AF7470366FCEE9BF318AD1D9F869494FD54757A,12609,75326123AFB9874F39571F8F45A5192182CE98C5,"{""status"":""ok"",""hr"":0,""input_size"":12540,""output_size"":28672,""message"":""""}",,unproven,0x0FF512F1,12540,28672,zstd-level-22-no-content-size,12593,EFB5EE4A183FD94D0E0E37B6951FF257B6AB1EDE8836641C72A33ABA296A76AE,True,PC wrapper validates and script tables are PC/Switch-endian. Runtime compatibility is still game-unproven.,xenon-big-tables-to-pc-little,24576,10,2,255,137,,"['0xA8D74300', '0x50005E00', '0x50005E20', '0x000057CD', '0x00000000', '0x00000089', '0x50005BD0', '0x349D018A', '0x000000FF', '0x500057D0']",22477,0,137,23504,255,22480,24096,2
D:\Games\Red Dead Redemption\game\XENON MULTIPLAYER\content\release64\multiplayer\action_areas\wilderness\wolfwildernessaa.xsc,action_areas/wilderness/wolfwildernessaa.xsc,12556,68DAEF23AF2A634472BF48D1F553A1769ECF5913,D:\Games\Red Dead Redemption\Code_RED\build\mp_xenon_full_conversion_pass2\import_ready_wsc_from_xsc_named\action_areas\wilderness\wolfwildernessaa.wsc,action_areas/wilderness/wolfwildernessaa.wsc,pc_wsc_magicrdr_table_candidate_runtime_unproven,,28672,43E9C5B8EC34F8424086985F7D06A0E3603933297A03BCABC0F8913CA93E9760,12596,08A4AED06E31C51C59BCFEF8A6D189438292AE61,"{""status"":""ok"",""hr"":0,""input_size"":12532,""output_size"":28672,""message"":""""}",,unproven,0x0FF512F1,12532,28672,zstd-level-22-no-content-size,12580,CD80B35604917B722E3D05A938475AD835E940CDCBA3B951B5EDC572D01C9400,True,PC wrapper validates and script tables are PC/Switch-endian. Runtime compatibility is still game-unproven.,xenon-big-tables-to-pc-little,24576,10,2,255,137,,"['0xA8D74300', '0x50005D90', '0x50005DB0', '0x0000575D', '0x00000000', '0x00000089', '0x50005B60', '0x349D018A', '0x000000FF', '0x50005760']",22365,0,137,23392,255,22368,23984,2
D:\Games\Red Dead Redemption\game\XENON MULTIPLAYER\content\release64\multiplayer\ctf\ctf_base_game.xsc,ctf/ctf_base_game.xsc,45446,301C5AA2919AF5BFA3C347F17A9BA78209CF6850,D:\Games\Red Dead Redemption\Code_RED\build\mp_xenon_full_conversion_pass2\import_ready_wsc_from_xsc_named\ctf\ctf_base_game.wsc,ctf/ctf_base_game.wsc,pc_wsc_magicrdr_table_candidate_runtime_unproven,,110592,B05D2D9811735A03AAD84F3AAA58521AB2B413FE4935F78836766E6707709783,45643,ECFAEC2531CB933BDE286C2CF2DD41DCBBDBE1D9,"{""status"":""ok"",""hr"":0,""input_size"":45422,""output_size"":110592,""message"":""""}",,unproven,0x0FF512F1,45422,110592,zstd-level-22-no-content-size,45627,76C2EB0C012053F58FF0810EF1C3BD678710D868198DE8B2334381607A60D52E,True,PC wrapper validates and script tables are PC/Switch-endian. Runtime compatibility is still game-unproven.,xenon-big-tables-to-pc-little,106496,10,7,592,1319,,"['0xA8D74300', '0x5001AF10', '0x5001AF40', '0x00018EDB', '0x00000000', '0x00000527', '0x50018000', '0x349D018A', '0x00000250', '0x500194A0']",102107,0,1319,98304,592,103584,110400,7
D:\Games\Red Dead Redemption\game\XENON MULTIPLAYER\content\release64\multiplayer\deathmatch\deathmatch.xsc,deathmatch/deathmatch.xsc,34574,7A5909CF0F14B595C71A46971E013178418CA37F,D:\Games\Red Dead Redemption\Code_RED\build\mp_xenon_full_conversion_pass2\import_ready_wsc_from_xsc_named\deathmatch\deathmatch.wsc,deathmatch/deathmatch.wsc,pc_wsc_magicrdr_table_candidate_runtime_unproven,,86016,22DEEF6255AF76172DE8BE594627C99CC16D9EEDC4B64620BB74C36F305D0E0A,34739,318403EA67DECC4E87376D47161B3AB3B693129F,"{""status"":""ok"",""hr"":0,""input_size"":34550,""output_size"":86016,""message"":""""}",,unproven,0x0FF512F1,34550,86016,zstd-level-22-no-content-size,34723,5613835D51E55FC91F9E4E8929318DBCE485642EC7BDD3B98885E202602A8C9E,True,PC wrapper validates and script tables are PC/Switch-endian. Runtime compatibility is still game-unproven.,xenon-big-tables-to-pc-little,81920,10,5,495,1054,,"['0xA8D74300', '0x50013E30', '0x50013E60', '0x000125E5', '0x00000000', '0x0000041E', '0x500125F0', '0x349D018A', '0x000001EF', '0x50013670']",75237,0,1054,75248,495,79472,81504,5
D:\Games\Red Dead Redemption\game\XENON MULTIPLAYER\content\release64\multiplayer\deathmatch\testmatch.xsc,deathmatch/testmatch.xsc,7596,87BAAF6ADC052DC1768707017FE343BC3AD69930,D:\Games\Red Dead Redemption\Code_RED\build\mp_xenon_full_conversion_pass2\import_ready_wsc_from_xsc_named\deathmatch\testmatch.wsc,deathmatch/testmatch.wsc,pc_wsc_magicrdr_table_candidate_runtime_unproven,,20480,D0BF106EE3B6E4F48F0E99D4DF83471668E71C31AF122A177E6ED6E11C856B30,7613,E6535555BABD80346669F5DC5060197D79F7EF04,"{""status"":""ok"",""hr"":0,""input_size"":7572,""output_size"":20480,""message"":""""}",,unproven,0x0FF512F1,7572,20480,zstd-level-22-no-content-size,7597,790A07D0771EC1F8D1508842DA5A01498AD7BEC3C813C96C2A1BE8562A632336,True,PC wrapper validates and script tables are PC/Switch-endian. Runtime compatibility is still game-unproven.,xenon-big-tables-to-pc-little,16384,10,1,111,107,,"['0xA8D74300', '0x50003E60', '0x50003E80', '0x00003AE3', '0x00000000', '0x0000006B', '0x50003CB0', '0x349D018A', '0x0000006F', '0x50003AF0']",15075,0,107,15536,111,15088,16000,1
D:\Games\Red Dead Redemption\game\XENON MULTIPLAYER\content\release64\multiplayer\freemode\freemode.xsc,freemode/freemode.xsc,47730,E8273C4D88372400873F17FC44FB1B4BEE8473FE,D:\Games\Red Dead Redemption\Code_RED\build\mp_xenon_full_conversion_pass2\import_ready_wsc_from_xsc_named\freemode\freemode.wsc,freemode/freemode.wsc,pc_wsc_magicrdr_table_candidate_runtime_unproven,,114688,B95809D018FA03C0BCBF8868EE9D0118766C364D70349B1FD95BF75EA2769963,47932,F2A648E9CD922825E404B58574DF3215CCB69BB6,"{""status"":""ok"",""hr"":0,""input_size"":47706,""output_size"":114688,""message"":""""}",,unproven,0x0FF512F1,47706,114688,zstd-level-22-no-content-size,47916,15C5E5BAF59DCBE466885B6F062B259CF6B159D1D8A215C7FC73D8FB40625C8A,True,PC wrapper validates and script tables are PC/Switch-endian. Runtime compatibility is still game-unproven.,xenon-big-tables-to-pc-little,98304,10,7,556,530,,"['0xA8D74300', '0x5001B0C0', '0x5001B0F0', '0x00019F82', '0x00000000', '0x00000212', '0x5001A870', '0x349D018A', '0x0000022C', '0x50018030']",106370,0,530,108656,556,98352,110832,7
D:\Games\Red Dead Redemption\game\XENON MULTIPLAYER\content\release64\multiplayer\mp_help_barker.xsc,mp_help_barker.xsc,556,26F353E2ED6A25421612EFD6A986D7899CA4027B,D:\Games\Red Dead Redemption\Code_RED\build\mp_xenon_full_conversion_pass2\import_ready_wsc_from_xsc_named\mp_help_barker.wsc,mp_help_barker.wsc,pc_wsc_magicrdr_table_candidate_runtime_unproven,,4096,22C6D763499F2FC83320BD279F7B8BE3A347C9981D435ED37AE557ED9CBA715C,482,8D28716BEA4EEAB3DEDF5FBB0D5447099C3AC4C2,"{""status"":""ok"",""hr"":0,""input_size"":532,""output_size"":4096,""message"":""""}",,unproven,0x0FF512F1,532,4096,zstd-level-15-no-content-size,466,263D6A7EEE45D656170C392D184C18C17561D367582C087AF57C16B149E5AA50,True,PC wrapper validates and script tables are PC/Switch-endian. Runtime compatibility is still game-unproven.,xenon-big-tables-to-pc-little,0,10,1,9,99,,"['0xA8D74300', '0x500003A0', '0x500003C0', '0x000001A2', '0x00000000', '0x00000063', '0x500001E0', '0x349D018A', '0x00000009', '0x50000370']",418,0,99,480,9,880,960,1
D:\Games\Red Dead Redemption\game\XENON MULTIPLAYER\content\release64\multiplayer\mp_idle.xsc,mp_idle.xsc,41412,5F91B6BEBB0BE1F29C13C8720405BFBD02B9289A,D:\Games\Red Dead Redemption\Code_RED\build\mp_xenon_full_conversion_pass2\import_ready_wsc_from_xsc_named\mp_idle.wsc,mp_idle.wsc,pc_wsc_magicrdr_table_candidate_runtime_unproven,,110592,A36C9475662CA7E72983914B8AD33D06B289B89BA779269B8ED18A6DE4B68A00,41670,93957F823CCB92B254A72AD43F09C5289A9257DB,"{""status"":""ok"",""hr"":0,""input_size"":41388,""output_size"":110592,""message"":""""}",,unproven,0x0FF512F1,41388,110592,zstd-level-19-no-content-size,41654,025C1B7E1E09025281446A20B259DB604818439AD1347A3BE082F5D26B35BDCC,True,PC wrapper validates and script tables are PC/Switch-endian. Runtime compatibility is still game-unproven.,xenon-big-tables-to-pc-little,106496,10,7,567,25,,"['0xA8D74300', '0x5001A980', '0x5001A9B0', '0x000198F8', '0x00000000', '0x00000019', '0x5001A910', '0x349D018A', '0x00000237', '0x5001A030']",104696,0,25,108816,567,106544,108976,7
D:\Games\Red Dead Redemption\game\XENON MULTIPLAYER\content\release64\multiplayer\mp_teleport.xsc,mp_teleport.xsc,4924,D231DC2CAA4BEAA2F1FFEC36287977A4580390C0,D:\Games\Red Dead Redemption\Code_RED\build\mp_xenon_full_conversion_pass2\import_ready_wsc_from_xsc_named\mp_teleport.wsc,mp_teleport.wsc,pc_wsc_magicrdr_table_candidate_runtime_unproven,,20480,2233CB8A8A9B51B4A7FDE98F416933EE982F6B94610B4EB5A17E138A6DABEF4A,4857,0812A6B68A4F75674FA37F520DAEAC0550EC666F,"{""status"":""ok"",""hr"":0,""input_size"":4900,""output_size"":20480,""message"":""""}",,unproven,0x0FF512F1,4900,20480,zstd-level-22-no-content-size,4841,00DFE1AC324F421BE9732DD39A9524491B43031A073592D97054CF8814F3A9B5,True,PC wrapper validates and script tables are PC/Switch-endian. Runtime compatibility is still game-unproven.,xenon-big-tables-to-pc-little,16384,10,1,114,341,,"['0xA8D74300', '0x50004760', '0x50004780', '0x00002201', '0x00000033', '0x00000155', '0x50004030', '0x349D018A', '0x00000072', '0x50004590']",8705,51,341,16432,114,17808,18304,1
D:\Games\Red Dead Redemption\game\XENON MULTIPLAYER\content\release64\multiplayer\multiplayer_system_thread.xsc,multiplayer_system_thread.xsc,29428,6DD6456F9F6DE374B52F1A7CEF48471805ECB62D,D:\Games\Red Dead Redemption\Code_RED\build\mp_xenon_full_conversion_pass2\import_ready_wsc_from_xsc_named\multiplayer_system_thread.wsc,multiplayer_system_thread.wsc,pc_wsc_magicrdr_table_candidate_runtime_unproven,,73728,55BE5D4078EE4C6AFCB67CC14253F6F5639CA9EF3E0B0731AC69699948EFD30A,29529,7749E850C76987746BB70EC818BB039B2C6D0143,"{""status"":""ok"",""hr"":0,""input_size"":29404,""output_size"":73728,""message"":""""}",,unproven,0x0FF512F1,29404,73728,zstd-level-22-no-content-size,29513,9BA3A9F7EDA6C00EE34832920452BCD7C4D4EE7E6FEFF638A57860C5BE00BCD9,True,PC wrapper validates and script tables are PC/Switch-endian. Runtime compatibility is still game-unproven.,xenon-big-tables-to-pc-little,65536,10,5,331,522,,"['0xA8D74300', '0x50011080', '0x500110B0', '0x000102EA', '0x00000000', '0x0000020A', '0x50010030', '0x349D018A', '0x0000014B', '0x50010860']",66282,0,522,65584,331,67680,69808,5
D:\Games\Red Dead Redemption\game\XENON MULTIPLAYER\content\release64\multiplayer\multiplayer_update_thread.xsc,multiplayer_update_thread.xsc,22824,AF254ECF5FB559A5C5A1BE063DF454ED5DDB231E,D:\Games\Red Dead Redemption\Code_RED\build\mp_xenon_full_conversion_pass2\import_ready_wsc_from_xsc_named\multiplayer_update_thread.wsc,multiplayer_update_thread.wsc,pc_wsc_magicrdr_table_candidate_runtime_unproven,,57344,2B8D82A41B574D6B9D73669BD158C413FC2F5BC1FE9FABD3F9D8319AD9A9D4BC,22948,C28C0A26880A6F4B5C8002C75A565685CD15B793,"{""status"":""ok"",""hr"":0,""input_size"":22800,""output_size"":57344,""message"":""""}",,unproven,0x0FF512F1,22800,57344,zstd-level-22-no-content-size,22932,1257D57159657A8FE8A976DAE431DA8E0820C758F51609EC25B4E0D904319E4A,True,PC wrapper validates and script tables are PC/Switch-endian. Runtime compatibility is still game-unproven.,xenon-big-tables-to-pc-little,49152,10,4,262,138,,"['0xA8D74300', '0x5000D2E0', '0x5000D300', '0x0000CC59', '0x00000000', '0x0000008A', '0x5000D0B0', '0x349D018A', '0x00000106', '0x5000CC90']",52313,0,138,53424,262,52368,54016,4
D:\Games\Red Dead Redemption\game\XENON MULTIPLAYER\content\release64\multiplayer\playground\jt_mpplayground.xsc,playground/jt_mpplayground.xsc,43664,8DA39BF6AFE07AD5A418FDDD15534AA8ACBBBCDB,D:\Games\Red Dead Redemption\Code_RED\build\mp_xenon_full_conversion_pass2\import_ready_wsc_from_xsc_named\playground\jt_mpplayground.wsc,playground/jt_mpplayground.wsc,pc_wsc_magicrdr_table_candidate_runtime_unproven,,102400,2B96C7B2ACFDB96D8928EFEAA421257A841ADBACFD714C32C934DAA72618AB5C,44243,55B0B46F7A9500C85BDBE957827CB936000DEBBF,"{""status"":""ok"",""hr"":0,""input_size"":43640,""output_size"":102400,""message"":""""}",,unproven,0x0FF512F1,43640,102400,zstd-level-22-no-content-size,44227,DE22290FA90344E97FD1D5BD3E84BED3F939FB58AF4C2441D0439DA623274A0E,True,PC wrapper validates and script tables are PC/Switch-endian. Runtime compatibility is still game-unproven.,xenon-big-tables-to-pc-little,98304,10,6,659,86,,"['0xA8D74300', '0x50017D40', '0x50017D70', '0x00017BDA', '0x00000000', '0x00000056', '0x50017BE0', '0x349D018A', '0x00000293', '0x50018030']",97242,0,86,97248,659,98352,97648,6
D:\Games\Red Dead Redemption\game\XENON MULTIPLAYER\content\release64\multiplayer\playground\mpplayground.xsc,playground/mpplayground.xsc,30432,7B66214EE11EC9A73E11BA78AEA7942BAAEBCA0F,D:\Games\Red Dead Redemption\Code_RED\build\mp_xenon_full_conversion_pass2\import_ready_wsc_from_xsc_named\playground\mpplayground.wsc,playground/mpplayground.wsc,pc_wsc_magicrdr_table_candidate_runtime_unproven,,77824,5A0ACB9E51E5709C76572359A43214A91151D97EC71937A24BD486A139C3CBB7,30584,E926AFB4017DF5C5951DB5E48258F6BB6459531F,"{""status"":""ok"",""hr"":0,""input_size"":30408,""output_size"":77824,""message"":""""}",,unproven,0x0FF512F1,30408,77824,zstd-level-22-no-content-size,30568,06C266FACD5B1FB214157185B0DF9F45A73C6EEB9098E018B3A47BC88BF18BDF,True,PC wrapper validates and script tables are PC/Switch-endian. Runtime compatibility is still game-unproven.,xenon-big-tables-to-pc-little,73728,10,5,404,5,,"['0xA8D74300', '0x50011AD0', '0x50011B00', '0x00011479', '0x00000000', '0x00000005', '0x50011B20', '0x349D018A', '0x00000194', '0x50011480']",70777,0,5,72480,404,70784,72448,5
D:\Games\Red Dead Redemption\game\XENON MULTIPLAYER\content\release64\multiplayer\playground\simple_mpplayground.xsc,playground/simple_mpplayground.xsc,41326,611C2DE86E3255E5B933CED05B1CFE3E220F801C,D:\Games\Red Dead Redemption\Code_RED\build\mp_xenon_full_conversion_pass2\import_ready_wsc_from_xsc_named\playground\simple_mpplayground.wsc,playground/simple_mpplayground.wsc,pc_wsc_magicrdr_table_candidate_runtime_unproven,,102400,9F35470131345AFE895F687A4040A17ACA6CEF1E3EC86674C627E2F44445CF42,41594,CBEA473F8667EF8BB4080D50B0EF7D9D1D3518CC,"{""status"":""ok"",""hr"":0,""input_size"":41302,""output_size"":102400,""message"":""""}",,unproven,0x0FF512F1,41302,102400,zstd-level-22-no-content-size,41578,D22DD35281C5DCC33F744D7F5355930F656FD73E89AF1AD4AB2CF07006C94F54,True,PC wrapper validates and script tables are PC/Switch-endian. Runtime compatibility is still game-unproven.,xenon-big-tables-to-pc-little,98304,10,6,609,92,,"['0xA8D74300', '0x50018B30', '0x50018B60', '0x0001666E', '0x00000000', '0x0000005C', '0x500189C0', '0x349D018A', '0x00000261', '0x50018030']",91758,0,92,100800,609,98352,101216,6
D:\Games\Red Dead Redemption\game\XENON MULTIPLAYER\content\release64\multiplayer\playground\test001.xsc,playground/test001.xsc,268,170E214980ED5B8B15AA8938468A160EF7997815,D:\Games\Red Dead Redemption\Code_RED\build\mp_xenon_full_conversion_pass2\import_ready_wsc_from_xsc_named\playground\test001.wsc,playground/test001.wsc,pc_wsc_magicrdr_table_candidate_runtime_unproven,,4096,3785CBA5D2B970287D927D4847667AA7EC765DF3A5082FDEF2C11E2028998954,196,34F665005D1C514ABE665CD5161A0D5F2EBF1FF2,"{""status"":""ok"",""hr"":0,""input_size"":244,""output_size"":4096,""message"":""""}",,unproven,0x0FF512F1,244,4096,zstd-level-10-no-content-size,180,A89D66A0A9CE621D24766D9088D1B0B3D7A21958D33A9680686519C2086DC735,True,PC wrapper validates and script tables are PC/Switch-endian. Runtime compatibility is still game-unproven.,xenon-big-tables-to-pc-little,0,10,1,5,0,,"['0xA8D74300', '0x500000B0', '0x500000F0', '0x0000007D', '0x00000000', '0x00000000', '0x50000100', '0x349D018A', '0x00000005', '0x500000D0']",125,0,0,256,5,208,240,1
D:\Games\Red Dead Redemption\game\XENON MULTIPLAYER\content\release64\multiplayer\pr_multiplayer.xsc,pr_multiplayer.xsc,14510,1C47BE25F28029C96D4E0384CBDE3C3C11C82FC7,D:\Games\Red Dead Redemption\Code_RED\build\mp_xenon_full_conversion_pass2\import_ready_wsc_from_xsc_named\pr_multiplayer.wsc,pr_multiplayer.wsc,pc_wsc_magicrdr_table_candidate_runtime_unproven,,36864,A4B9F0C39878E880FDC568BF902D6DA98F7976161BB1DC3481BD5F421CDC9600,14522,E92C01B3463C12455DD18018EF565D4E0B643122,"{""status"":""ok"",""hr"":0,""input_size"":14486,""output_size"":36864,""message"":""""}",,unproven,0x0FF512F1,14486,36864,zstd-level-22-no-content-size,14506,52881C38412D38AD41E83F0184C84B7910478171F890EB1131BF6CA4B5A8970E,True,PC wrapper validates and script tables are PC/Switch-endian. Runtime compatibility is still game-unproven.,xenon-big-tables-to-pc-little,32768,10,2,214,492,,"['0xA8D74300', '0x50008B40', '0x50008B60', '0x00006AEF', '0x00000000', '0x000001EC', '0x50008030', '0x349D018A', '0x000000D6', '0x500087E0']",27375,0,492,32816,214,34784,35680,2
D:\Games\Red Dead Redemption\game\XENON MULTIPLAYER\content\release64\multiplayer\regions\coop\coopbasic.xsc,regions/coop/coopbasic.xsc,9324,DD91A3FCDCF1708EA8D945162EF4ADD2FD8264AF,D:\Games\Red Dead Redemption\Code_RED\build\mp_xenon_full_conversion_pass2\import_ready_wsc_from_xsc_named\regions\coop\coopbasic.wsc,regions/coop/coopbasic.wsc,pc_wsc_magicrdr_table_candidate_runtime_unproven,,20480,869D9265B26057755B193B7AAB7189DF0C8958CB04CB77636F977F5D35862EB1,9340,FEACCD1D977513EA40315468110DA9CEB3F4D897,"{""status"":""ok"",""hr"":0,""input_size"":9300,""output_size"":20480,""message"":""""}",,unproven,0x0FF512F1,9300,20480,zstd-level-22-no-content-size,9324,5288F8DF941220211F9F61A79D69DD9C0A3CDD7D3FB74C3C1E32E63AB6FF31D5,True,PC wrapper validates and script tables are PC/Switch-endian. Runtime compatibility is still game-unproven.,xenon-big-tables-to-pc-little,16384,10,1,172,519,,"['0xA8D74300', '0x50003FC0', '0x50003FE0', '0x00003FBA', '0x00000000', '0x00000207', '0x50004030', '0x349D018A', '0x000000AC', '0x50004850']",16314,0,519,16432,172,18512,16352,1
D:\Games\Red Dead Redemption\game\XENON MULTIPLAYER\content\release64\multiplayer\regions\ctf_arm\ctf_arm.xsc,regions/ctf_arm/ctf_arm.xsc,12574,FAEFFE82714FF7F5BAEB3CCE94F564E9C5D6835B,D:\Games\Red Dead Redemption\Code_RED\build\mp_xenon_full_conversion_pass2\import_ready_wsc_from_xsc_named\regions\ctf_arm\ctf_arm.wsc,regions/ctf_arm/ctf_arm.wsc,pc_wsc_magicrdr_table_candidate_runtime_unproven,,36864,4101561043A58FAB6BDD5CE3BA7A4D4BD6D8FE11DFB2D0F4E111AEA543B4FD60,12684,3A6F6FFE8828F13E14F719C2E8D25C28B40A82FD,"{""status"":""ok"",""hr"":0,""input_size"":12550,""output_size"":36864,""message"":""""}",,unproven,0x0FF512F1,12550,36864,zstd-level-22-no-content-size,12668,AB977C3D14E0C89F82FF668B7E242811091B8E17FAB797422D26541D7A386985,True,PC wrapper validates and script tables are PC/Switch-endian. Runtime compatibility is still game-unproven.,xenon-big-tables-to-pc-little,32768,10,2,183,650,,"['0xA8D74300', '0x50008D40', '0x50008D60', '0x000060C4', '0x00000000', '0x0000028A', '0x50008030', '0x349D018A', '0x000000B7', '0x50008A60']",24772,0,650,32816,183,35424,36192,2
D:\Games\Red Dead Redemption\game\XENON MULTIPLAYER\content\release64\multiplayer\regions\ctf_arm\ctf_arm_single.xsc,regions/ctf_arm/ctf_arm_single.xsc,12312,275426CA9C6FDDB60B086953B3EB10C3933CCC5A,D:\Games\Red Dead Redemption\Code_RED\build\mp_xenon_full_conversion_pass2\import_ready_wsc_from_xsc_named\regions\ctf_arm\ctf_arm_single.wsc,regions/ctf_arm/ctf_arm_single.wsc,pc_wsc_magicrdr_table_candidate_runtime_unproven,,28672,B83EFBFECD9C9B74167E2A7A0E484D4A44D03D111E01474B7D66A58A67AECF10,12438,23E9204BBF993E196927279BE8045931089740B4,"{""status"":""ok"",""hr"":0,""input_size"":12288,""output_size"":28672,""message"":""""}",,unproven,0x0FF512F1,12288,28672,zstd-level-22-no-content-size,12422,CE2054477E56CFDA9486B7C13BDB593B6E1194AEA09D4B96403F938D09920ACC,True,PC wrapper validates and script tables are PC/Switch-endian. Runtime compatibility is still game-unproven.,xenon-big-tables-to-pc-little,24576,10,2,192,612,,"['0xA8D74300', '0x50005DF0', '0x50005E10', '0x00005DE4', '0x00000000', '0x00000264', '0x50006030', '0x349D018A', '0x000000C0', '0x500069C0']",24036,0,612,24624,192,27072,24080,2
D:\Games\Red Dead Redemption\game\XENON MULTIPLAYER\content\release64\multiplayer\regions\ctf_arm\ctf_arm_sym.xsc,regions/ctf_arm/ctf_arm_sym.xsc,12246,EEDB3A84BF1FECD8399CA576E33DB09C295CEC24,D:\Games\Red Dead Redemption\Code_RED\build\mp_xenon_full_conversion_pass2\import_ready_wsc_from_xsc_named\regions\ctf_arm\ctf_arm_sym.wsc,regions/ctf_arm/ctf_arm_sym.wsc,pc_wsc_magicrdr_table_candidate_runtime_unproven,,28672,32CD56464C1A16C3844C967ED69A2402CD13C76945BABFBC32EC2A680D0A95A4,12367,F09E8992E0B39676283208746BA5BA260E8C1EDA,"{""status"":""ok"",""hr"":0,""input_size"":12222,""output_size"":28672,""message"":""""}",,unproven,0x0FF512F1,12222,28672,zstd-level-22-no-content-size,12351,6303A4372EA86E48BB40BD679883F3751EA09B65641C7C7B39BF2E0B69EA002A,True,PC wrapper validates and script tables are PC/Switch-endian. Runtime compatibility is still game-unproven.,xenon-big-tables-to-pc-little,24576,10,2,192,612,,"['0xA8D74300', '0x50005FD0', '0x50005FF0', '0x00005CCA', '0x00000000', '0x00000264', '0x50006030', '0x349D018A', '0x000000C0', '0x50005CD0']",23754,0,612,24624,192,23760,24560,2
D:\Games\Red Dead Redemption\game\XENON MULTIPLAYER\content\release64\multiplayer\regions\ctf_chu\ctf_chu.xsc,regions/ctf_chu/ctf_chu.xsc,11364,36727DCDB3C22F91DAFB126151D057B0CA2606FB,D:\Games\Red Dead Redemption\Code_RED\build\mp_xenon_full_conversion_pass2\import_ready_wsc_from_xsc_named\regions\ctf_chu\ctf_chu.wsc,regions/ctf_chu/ctf_chu.wsc,pc_wsc_magicrdr_table_candidate_runtime_unproven,,28672,EC875B3FF7B5B30D6025B313A83DD24D84E825BCC79EA7559B8E34F3C6288B3D,11424,0E1C43000D703D85B7220CE916ABF1847B741253,"{""status"":""ok"",""hr"":0,""input_size"":11340,""output_size"":28672,""message"":""""}",,unproven,0x0FF512F1,11340,28672,zstd-level-22-no-content-size,11408,FCB8A4A7221F71624D75EEB5A8D1911063B2897775EE4CDBE23C35CDE2775908,True,PC wrapper validates and script tables are PC/Switch-endian. Runtime compatibility is still game-unproven.,xenon-big-tables-to-pc-little,24576,10,2,183,433,,"['0xA8D74300', '0x50005E50', '0x50005E70', '0x0000549E', '0x00000000', '0x000001B1', '0x500054A0', '0x349D018A', '0x000000B7', '0x50005B70']",21662,0,433,21664,183,23408,24176,2
D:\Games\Red Dead Redemption\game\XENON MULTIPLAYER\content\release64\multiplayer\regions\ctf_chu\ctf_chu_single.xsc,regions/ctf_chu/ctf_chu_single.xsc,11380,0A76CF9D328BA2A0E36F0FC09BA2770C3349FDA5,D:\Games\Red Dead Redemption\Code_RED\build\mp_xenon_full_conversion_pass2\import_ready_wsc_from_xsc_named\regions\ctf_chu\ctf_chu_single.wsc,regions/ctf_chu/ctf_chu_single.wsc,pc_wsc_magicrdr_table_candidate_runtime_unproven,,28672,CBFB6BF6EF78252972F1993BC5061B6B6BFC8F1746AA2DB1171974CAF800CEFD,11447,AA3B011D8156D403CB3252B44567C00A3C7E7528,"{""status"":""ok"",""hr"":0,""input_size"":11356,""output_size"":28672,""message"":""""}",,unproven,0x0FF512F1,11356,28672,zstd-level-22-no-content-size,11431,6B3FDD737EA4F9B55C76086E054739498A136C7F381C66C96B393506EC06E916,True,PC wrapper validates and script tables are PC/Switch-endian. Runtime compatibility is still game-unproven.,xenon-big-tables-to-pc-little,24576,10,2,185,456,,"['0xA8D74300', '0x50005E40', '0x50005E60', '0x0000542F', '0x00000000', '0x000001C8', '0x50005430', '0x349D018A', '0x000000B9', '0x50005B50']",21551,0,456,21552,185,23376,24160,2
D:\Games\Red Dead Redemption\game\XENON MULTIPLAYER\content\release64\multiplayer\regions\ctf_chu\ctf_chu_sym.xsc,regions/ctf_chu/ctf_chu_sym.xsc,11328,236FC9BCD7E7DA643A8BF9E13083551D8D1FD459,D:\Games\Red Dead Redemption\Code_RED\build\mp_xenon_full_conversion_pass2\import_ready_wsc_from_xsc_named\regions\ctf_chu\ctf_chu_sym.wsc,regions/ctf_chu/ctf_chu_sym.wsc,pc_wsc_magicrdr_table_candidate_runtime_unproven,,28672,48253363E47C60B660A26F1A7A7B5CDF0755D0B314D3AC40729DDC4C495C94C5,11399,DF404D502A0CADADFCA2FDD4C636FA6B59D73049,"{""status"":""ok"",""hr"":0,""input_size"":11304,""output_size"":28672,""message"":""""}",,unproven,0x0FF512F1,11304,28672,zstd-level-22-no-content-size,11383,F0336F9D080B3AF5B4546FF06DE20D20A18B6050CA5DA2630050E4232AFD4DB1,True,PC wrapper validates and script tables are PC/Switch-endian. Runtime compatibility is still game-unproven.,xenon-big-tables-to-pc-little,24576,10,2,185,456,,"['0xA8D74300', '0x50005D40', '0x50005D60', '0x0000532B', '0x00000000', '0x000001C8', '0x50005330', '0x349D018A', '0x000000B9', '0x50005A50']",21291,0,456,21296,185,23120,23904,2
D:\Games\Red Dead Redemption\game\XENON MULTIPLAYER\content\release64\multiplayer\regions\ctf_dzc\ctf_dzc_sym.xsc,regions/ctf_dzc/ctf_dzc_sym.xsc,11638,8BA12DA3B5FFD317BCD13E8A31D4DB0422CAEBE5,D:\Games\Red Dead Redemption\Code_RED\build\mp_xenon_full_conversion_pass2\import_ready_wsc_from_xsc_named\regions\ctf_dzc\ctf_dzc_sym.wsc,regions/ctf_dzc/ctf_dzc_sym.wsc,pc_wsc_magicrdr_table_candidate_runtime_unproven,,28672,322CE4D9D4C5904752B786F8EADF1DE9D18C459FD409CFBA50B1C90140BC4025,11737,48AB2B0ACAE44CDB9FFA069CCC9B534EB38E239A,"{""status"":""ok"",""hr"":0,""input_size"":11614,""output_size"":28672,""message"":""""}",,unproven,0x0FF512F1,11614,28672,zstd-level-22-no-content-size,11721,9F66FB3DB9B7AE42BF9D6ADBC2BA3DC430BAF2623BCEDF73BB6AB62921A8D676,True,PC wrapper validates and script tables are PC/Switch-endian. Runtime compatibility is still game-unproven.,xenon-big-tables-to-pc-little,24576,10,2,195,391,,"['0xA8D74300', '0x50005F60', '0x50005F80', '0x00005625', '0x00000000', '0x00000187', '0x50005630', '0x349D018A', '0x000000C3', '0x50005C50']",22053,0,391,22064,195,23632,24448,2
D:\Games\Red Dead Redemption\game\XENON MULTIPLAYER\content\release64\multiplayer\regions\ctf_hen\ctf_hen.xsc,regions/ctf_hen/ctf_hen.xsc,12280,41AF485242108E179179939142D43A74BA587627,D:\Games\Red Dead Redemption\Code_RED\build\mp_xenon_full_conversion_pass2\import_ready_wsc_from_xsc_named\regions\ctf_hen\ctf_hen.wsc,regions/ctf_hen/ctf_hen.wsc,pc_wsc_magicrdr_table_candidate_runtime_unproven,,36864,CC99EB50753490FD8C900EF37F4AE4A2B5C062322631354668F64F48A0029161,12297,615CD138A894BB621FBD8D63C1DE0E280A8026EE,"{""status"":""ok"",""hr"":0,""input_size"":12256,""output_size"":36864,""message"":""""}",,unproven,0x0FF512F1,12256,36864,zstd-level-22-no-content-size,12281,F68585C7C86F57D4E04A441D3ABC0F2B444C4C3D26B141BD226597EBAFD74276,True,PC wrapper validates and script tables are PC/Switch-endian. Runtime compatibility is still game-unproven.,xenon-big-tables-to-pc-little,32768,10,2,183,675,,"['0xA8D74300', '0x50008DA0', '0x50008DC0', '0x000063D9', '0x00000000', '0x000002A3', '0x50008030', '0x349D018A', '0x000000B7', '0x50008AC0']",25561,0,675,32816,183,35520,36288,2
D:\Games\Red Dead Redemption\game\XENON MULTIPLAYER\content\release64\multiplayer\regions\ctf_lsh\ctf_lsh.xsc,regions/ctf_lsh/ctf_lsh.xsc,13236,4CF69A6A122E94069F0CF3F84EC6EC455650ACF4,D:\Games\Red Dead Redemption\Code_RED\build\mp_xenon_full_conversion_pass2\import_ready_wsc_from_xsc_named\regions\ctf_lsh\ctf_lsh.wsc,regions/ctf_lsh/ctf_lsh.wsc,pc_wsc_magicrdr_table_candidate_runtime_unproven,,36864,86882A87CFAA930C71DC7377CB80223466D48DDF06EA95708ADB2F0EEA1D43B3,13278,817F106D394F010B120C8DC5526C05C67A8935EB,"{""status"":""ok"",""hr"":0,""input_size"":13212,""output_size"":36864,""message"":""""}",,unproven,0x0FF512F1,13212,36864,zstd-level-22-no-content-size,13262,3D5CCFD1364A8C37739876008B69E5E43DBA305EE3AC1BE8BD7490F627982C0C,True,PC wrapper validates and script tables are PC/Switch-endian. Runtime compatibility is still game-unproven.,xenon-big-tables-to-pc-little,32768,10,2,180,629,,"['0xA8D74300', '0x50008CE0', '0x50008D00', '0x00006613', '0x00000000', '0x00000275', '0x50008030', '0x349D018A', '0x000000B4', '0x50008A10']",26131,0,629,32816,180,35344,36096,2
D:\Games\Red Dead Redemption\game\XENON MULTIPLAYER\content\release64\multiplayer\regions\ctf_lsh\ctf_lsh_sym.xsc,regions/ctf_lsh/ctf_lsh_sym.xsc,11318,BC5E94D03F83E627BDFA266F0E76407F6A4B6EE4,D:\Games\Red Dead Redemption\Code_RED\build\mp_xenon_full_conversion_pass2\import_ready_wsc_from_xsc_named\regions\ctf_lsh\ctf_lsh_sym.wsc,regions/ctf_lsh/ctf_lsh_sym.wsc,pc_wsc_magicrdr_table_candidate_runtime_unproven,,28672,23E635F6F7E62CBEAFCB5F352D359A2F9161C525C9F91A57D54E5906119B318B,11387,27F7EE0B3B61780F3D295FCCC6968630952CACA6,"{""status"":""ok"",""hr"":0,""input_size"":11294,""output_size"":28672,""message"":""""}",,unproven,0x0FF512F1,11294,28672,zstd-level-21-no-content-size,11371,B6E84577193D0AA20BB6B6299A842B1BB1B39753CB404B7A5EA81145E466EDBF,True,PC wrapper validates and script tables are PC/Switch-endian. Runtime compatibility is still game-unproven.,xenon-big-tables-to-pc-little,24576,10,2,182,490,,"['0xA8D74300', '0x50005F80', '0x50005FA0', '0x000054F0', '0x00000000', '0x000001EA', '0x500054F0', '0x349D018A', '0x000000B6', '0x50005CA0']",21744,0,490,21744,182,23712,24480,2
D:\Games\Red Dead Redemption\game\XENON MULTIPLAYER\content\release64\multiplayer\regions\ctf_tes\ctf_tes_single.xsc,regions/ctf_tes/ctf_tes_single.xsc,10708,F3325B9F7A9F191439B076C3F6C4C922A3CC5BA9,D:\Games\Red Dead Redemption\Code_RED\build\mp_xenon_full_conversion_pass2\import_ready_wsc_from_xsc_named\regions\ctf_tes\ctf_tes_single.wsc,regions/ctf_tes/ctf_tes_single.wsc,pc_wsc_magicrdr_table_candidate_runtime_unproven,,24576,A57BA8C40AB02EC8C9701B7ACDBCB3F612C87D1838CAE0EDF8E1796DD3DA6687,10769,1810B155C9C03C91F6B90CD7A39962E602270F53,"{""status"":""ok"",""hr"":0,""input_size"":10684,""output_size"":24576,""message"":""""}",,unproven,0x0FF512F1,10684,24576,zstd-level-22-no-content-size,10753,BB7DD42355B28B8C937C9AFEAA0B571C5367277A7B828745203CFC13142BCF29,True,PC wrapper validates and script tables are PC/Switch-endian. Runtime compatibility is still game-unproven.,xenon-big-tables-to-pc-little,16384,10,2,178,306,,"['0xA8D74300', '0x500056F0', '0x50005710', '0x00004F15', '0x00000000', '0x00000132', '0x50004F50', '0x349D018A', '0x000000B2', '0x50005420']",20245,0,306,20304,178,21536,22288,2
D:\Games\Red Dead Redemption\game\XENON MULTIPLAYER\content\release64\multiplayer\regions\ctf_tes\ctf_tes_sym.xsc,regions/ctf_tes/ctf_tes_sym.xsc,10650,D2446B7424193219B7489037286816970715AE26,D:\Games\Red Dead Redemption\Code_RED\build\mp_xenon_full_conversion_pass2\import_ready_wsc_from_xsc_named\regions\ctf_tes\ctf_tes_sym.wsc,regions/ctf_tes/ctf_tes_sym.wsc,pc_wsc_magicrdr_table_candidate_runtime_unproven,,24576,55EB3FAD1A90A141AF692AF6DEF74F3ED4638A1B844787B7B669C6DF29A7014C,10717,B719C5EC2A91EE264D3F760F083DCFBFD3F4F25F,"{""status"":""ok"",""hr"":0,""input_size"":10626,""output_size"":24576,""message"":""""}",,unproven,0x0FF512F1,10626,24576,zstd-level-22-no-content-size,10701,48DB1F0C3667F19B743EFA92E35626B6368931029D4139D6904FC4ED23F3EA46,True,PC wrapper validates and script tables are PC/Switch-endian. Runtime compatibility is still game-unproven.,xenon-big-tables-to-pc-little,16384,10,2,178,306,,"['0xA8D74300', '0x500055F0', '0x50005610', '0x00004E12', '0x00000000', '0x00000132', '0x50004E50', '0x349D018A', '0x000000B2', '0x50005320']",19986,0,306,20048,178,21280,22032,2
D:\Games\Red Dead Redemption\game\XENON MULTIPLAYER\content\release64\multiplayer\regions\ctf_tum\ctf_tum_single.xsc,regions/ctf_tum/ctf_tum_single.xsc,12094,196BB257C93ECFC87B6BA38A85AC5A3E630E61F7,D:\Games\Red Dead Redemption\Code_RED\build\mp_xenon_full_conversion_pass2\import_ready_wsc_from_xsc_named\regions\ctf_tum\ctf_tum_single.wsc,regions/ctf_tum/ctf_tum_single.wsc,pc_wsc_magicrdr_table_candidate_runtime_unproven,,28672,F3D7878B905A14528B8188988D6ECB9665383F8A2DE9589284AA1128546B1D7D,12209,B2DD72B7216DA7537F8B6B3C7E94ABA2D6182209,"{""status"":""ok"",""hr"":0,""input_size"":12070,""output_size"":28672,""message"":""""}",,unproven,0x0FF512F1,12070,28672,zstd-level-22-no-content-size,12193,5AFC97A7674069C29EAB77E6AFDC69CD3866C5D1F2E4F3862AC77D4A312E650B,True,PC wrapper validates and script tables are PC/Switch-endian. Runtime compatibility is still game-unproven.,xenon-big-tables-to-pc-little,24576,10,2,193,503,,"['0xA8D74300', '0x50005D60', '0x50005D80', '0x00005A46', '0x00000000', '0x000001F7', '0x50006030', '0x349D018A', '0x000000C1', '0x50005A50']",23110,0,503,24624,193,23120,23936,2
D:\Games\Red Dead Redemption\game\XENON MULTIPLAYER\content\release64\multiplayer\regions\ctf_upr\ctf_upr.xsc,regions/ctf_upr/ctf_upr.xsc,11536,8CEF0509EDC82C3E70D4DD3E34CE6537CFA6D4B8,D:\Games\Red Dead Redemption\Code_RED\build\mp_xenon_full_conversion_pass2\import_ready_wsc_from_xsc_named\regions\ctf_upr\ctf_upr.wsc,regions/ctf_upr/ctf_upr.wsc,pc_wsc_magicrdr_table_candidate_runtime_unproven,,28672,889C435DD5235F09FD96E066F31152202146E681DB07934A16595A9EB67B9112,11583,77CFB255349239164BCE14ADBE2449EB6D6DD8B3,"{""status"":""ok"",""hr"":0,""input_size"":11512,""output_size"":28672,""message"":""""}",,unproven,0x0FF512F1,11512,28672,zstd-level-22-no-content-size,11567,4DFE520B4C8B59DBF2880D2BC363AED5E9BC8903D5D3AE90CC7775E6000531FE,True,PC wrapper validates and script tables are PC/Switch-endian. Runtime compatibility is still game-unproven.,xenon-big-tables-to-pc-little,24576,10,2,192,466,,"['0xA8D74300', '0x50005FB0', '0x50005FD0', '0x0000555B', '0x00000000', '0x000001D2', '0x50005560', '0x349D018A', '0x000000C0', '0x50005CB0']",21851,0,466,21856,192,23728,24528,2
D:\Games\Red Dead Redemption\game\XENON MULTIPLAYER\content\release64\multiplayer\regions\ctf_w2\ctf_w2_single.xsc,regions/ctf_w2/ctf_w2_single.xsc,9144,966B5EAE70BCCEA5BCAD8E420D0876D984DF211D,D:\Games\Red Dead Redemption\Code_RED\build\mp_xenon_full_conversion_pass2\import_ready_wsc_from_xsc_named\regions\ctf_w2\ctf_w2_single.wsc,regions/ctf_w2/ctf_w2_single.wsc,pc_wsc_magicrdr_table_candidate_runtime_unproven,,20480,28FA9DB0100ADF464BB06FE9910B6C5BEF624630F3B8502422176C403E0910E3,9211,96A08DF393B81FABDC2F50CBF72C238A4B14D5C1,"{""status"":""ok"",""hr"":0,""input_size"":9120,""output_size"":20480,""message"":""""}",,unproven,0x0FF512F1,9120,20480,zstd-level-22-no-content-size,9195,F0E22E79B4EF7243455CF6B41A7E12439DCD2928CA5E732540A7BA95F6AFCF90,True,PC wrapper validates and script tables are PC/Switch-endian. Runtime compatibility is still game-unproven.,xenon-big-tables-to-pc-little,16384,10,1,157,160,,"['0xA8D74300', '0x50003F40', '0x50003F60', '0x00003F33', '0x00000000', '0x000000A0', '0x50004030', '0x349D018A', '0x0000009D', '0x500042B0']",16179,0,160,16432,157,17072,16224,1
D:\Games\Red Dead Redemption\game\XENON MULTIPLAYER\content\release64\multiplayer\regions\dm_arm\deathmatch_arm.xsc,regions/dm_arm/deathmatch_arm.xsc,12592,83C23C9A531845C578969E8CAF03DF2303363A19,D:\Games\Red Dead Redemption\Code_RED\build\mp_xenon_full_conversion_pass2\import_ready_wsc_from_xsc_named\regions\dm_arm\deathmatch_arm.wsc,regions/dm_arm/deathmatch_arm.wsc,pc_wsc_magicrdr_table_candidate_runtime_unproven,,36864,DA8F27E5B84E98DA17DB567B114AEFD7077D7B5DB15660D7704440001950C461,12681,1407E51BBB959B1E72A8F4DB4D2C91B281071DBD,"{""status"":""ok"",""hr"":0,""input_size"":12568,""output_size"":36864,""message"":""""}",,unproven,0x0FF512F1,12568,36864,zstd-level-22-no-content-size,12665,4849699E478CCC164ABC1983603B80E9FBF68D0380C469E4A78AD890D1A2A368,True,PC wrapper validates and script tables are PC/Switch-endian. Runtime compatibility is still game-unproven.,xenon-big-tables-to-pc-little,32768,10,2,186,640,,"['0xA8D74300', '0x50008D20', '0x50008D40', '0x00006351', '0x00000000', '0x00000280', '0x50008030', '0x349D018A', '0x000000BA', '0x50008A30']",25425,0,640,32816,186,35376,36160,2
D:\Games\Red Dead Redemption\game\XENON MULTIPLAYER\content\release64\multiplayer\regions\dm_chu\deathmatch_chu.xsc,regions/dm_chu/deathmatch_chu.xsc,11718,C6C913E4F15F3A2411E842E7E4110D7F9242C306,D:\Games\Red Dead Redemption\Code_RED\build\mp_xenon_full_conversion_pass2\import_ready_wsc_from_xsc_named\regions\dm_chu\deathmatch_chu.wsc,regions/dm_chu/deathmatch_chu.wsc,pc_wsc_magicrdr_table_candidate_runtime_unproven,,28672,EDD347437401FEFA2B7ABFC1AF41AC8CBCF253055EEE7FCC946D7D911EDD74D5,11810,52EC459D8C1AEFB45D51D512E44ECF61926A1F18,"{""status"":""ok"",""hr"":0,""input_size"":11694,""output_size"":28672,""message"":""""}",,unproven,0x0FF512F1,11694,28672,zstd-level-22-no-content-size,11794,02D743ABD9A4A780AEE2E8D91397BC11F74DEB2B8EAFD1AEBA44270A367D41CB,True,PC wrapper validates and script tables are PC/Switch-endian. Runtime compatibility is still game-unproven.,xenon-big-tables-to-pc-little,24576,10,2,188,434,,"['0xA8D74300', '0x50005CA0', '0x50005CC0', '0x000059B0', '0x00000000', '0x000001B2', '0x50006030', '0x349D018A', '0x000000BC', '0x500059B0']",22960,0,434,24624,188,22960,23744,2
D:\Games\Red Dead Redemption\game\XENON MULTIPLAYER\content\release64\multiplayer\regions\dm_hen\deathmatch_hen.xsc,regions/dm_hen/deathmatch_hen.xsc,12868,1B4EB57AB28CD9B32A053A3E96A1F2ED51071E52,D:\Games\Red Dead Redemption\Code_RED\build\mp_xenon_full_conversion_pass2\import_ready_wsc_from_xsc_named\regions\dm_hen\deathmatch_hen.wsc,regions/dm_hen/deathmatch_hen.wsc,pc_wsc_magicrdr_table_candidate_runtime_unproven,,36864,489584CA3B53BE399FD4C5A449807E55C55882E141505BC65989D7F3925424E7,12900,170A040436B54DC38C8AFCB1BFCD285FAF297F82,"{""status"":""ok"",""hr"":0,""input_size"":12844,""output_size"":36864,""message"":""""}",,unproven,0x0FF512F1,12844,36864,zstd-level-22-no-content-size,12884,013EF7289E79F866637D0A33B255BDA64B71CBAEA451630A717055E01DB406A6,True,PC wrapper validates and script tables are PC/Switch-endian. Runtime compatibility is still game-unproven.,xenon-big-tables-to-pc-little,32768,10,2,190,672,,"['0xA8D74300', '0x50008DB0', '0x50008DD0', '0x00006A80', '0x00000000', '0x000002A0', '0x50008030', '0x349D018A', '0x000000BE', '0x50008AB0']",27264,0,672,32816,190,35504,36304,2
D:\Games\Red Dead Redemption\game\XENON MULTIPLAYER\content\release64\multiplayer\regions\dm_lsh\deathmatch_lsh.xsc,regions/dm_lsh/deathmatch_lsh.xsc,12918,55AF2F4DFB70935422157BCF252CE0E0ABB1987F,D:\Games\Red Dead Redemption\Code_RED\build\mp_xenon_full_conversion_pass2\import_ready_wsc_from_xsc_named\regions\dm_lsh\deathmatch_lsh.wsc,regions/dm_lsh/deathmatch_lsh.wsc,pc_wsc_magicrdr_table_candidate_runtime_unproven,,36864,41F646B5B8169B177842F738E5EEFD9FC2DE38C551ED45259DCD6A11630FE4D4,13002,F1B5A78F6F666A321D3CBCF162E3139593B94A9E,"{""status"":""ok"",""hr"":0,""input_size"":12894,""output_size"":36864,""message"":""""}",,unproven,0x0FF512F1,12894,36864,zstd-level-22-no-content-size,12986,B3A06261397929205200E0A806574D3709C99CD37E7B587F6CF4638BE7922588,True,PC wrapper validates and script tables are PC/Switch-endian. Runtime compatibility is still game-unproven.,xenon-big-tables-to-pc-little,32768,10,2,185,535,,"['0xA8D74300', '0x50008B80', '0x50008BA0', '0x00006373', '0x00000000', '0x00000217', '0x50008030', '0x349D018A', '0x000000B9', '0x50008890']",25459,0,535,32816,185,34960,35744,2
D:\Games\Red Dead Redemption\game\XENON MULTIPLAYER\content\release64\multiplayer\regions\dm_tum\deathmatch_tum.xsc,regions/dm_tum/deathmatch_tum.xsc,12548,0E9AB0D30BC3CE3FE5A10FC95624FAF1FE2CA9A1,D:\Games\Red Dead Redemption\Code_RED\build\mp_xenon_full_conversion_pass2\import_ready_wsc_from_xsc_named\regions\dm_tum\deathmatch_tum.wsc,regions/dm_tum/deathmatch_tum.wsc,pc_wsc_magicrdr_table_candidate_runtime_unproven,,28672,5B98EA56807BE6BD75A8ED29A1999AC73387F15C765B9340217979243457C7DA,12617,9A8AB6C6E7B930F736B8AA529340709A1D4AA0D6,"{""status"":""ok"",""hr"":0,""input_size"":12524,""output_size"":28672,""message"":""""}",,unproven,0x0FF512F1,12524,28672,zstd-level-22-no-content-size,12601,09A4CE65B586443300D9D6D4D6EFEB174C2CF937F3CA41250E8DE3F4380017ED,True,PC wrapper validates and script tables are PC/Switch-endian. Runtime compatibility is still game-unproven.,xenon-big-tables-to-pc-little,24576,10,2,194,499,,"['0xA8D74300', '0x50005F90', '0x50005FB0', '0x00005F88', '0x00000000', '0x000001F3', '0x50006030', '0x349D018A', '0x000000C2', '0x50006800']",24456,0,499,24624,194,26624,24496,2
D:\Games\Red Dead Redemption\game\XENON MULTIPLAYER\content\release64\multiplayer\regions\minigames\liarsdice_sb.xsc,regions/minigames/liarsdice_sb.xsc,2634,FE5A7EF51CA7B98F5FEE9A26B36981D65A34E5D0,D:\Games\Red Dead Redemption\Code_RED\build\mp_xenon_full_conversion_pass2\import_ready_wsc_from_xsc_named\regions\minigames\liarsdice_sb.wsc,regions/minigames/liarsdice_sb.wsc,pc_wsc_magicrdr_table_candidate_runtime_unproven,,12288,0C9E78E30394B7449D20F2451BCA8BC71B6AFC5578283ADFC07A1C3026B5C9AD,2578,C24D4D82FA08DC6073E2651BD661BACBDBCF5984,"{""status"":""ok"",""hr"":0,""input_size"":2610,""output_size"":12288,""message"":""""}",,unproven,0x0FF512F1,2610,12288,zstd-level-19-no-content-size,2562,4DD0EEDC601FAD0FD1CB13223DF2EDD0903827666B0538F26A873BB46A3C8484,True,PC wrapper validates and script tables are PC/Switch-endian. Runtime compatibility is still game-unproven.,xenon-big-tables-to-pc-little,8192,10,1,40,11,,"['0xA8D74300', '0x500011D0', '0x500011F0', '0x000010F7', '0x00000000', '0x0000000B', '0x500011A0', '0x349D018A', '0x00000028', '0x50001100']",4343,0,11,4512,40,4352,4592,1
D:\Games\Red Dead Redemption\game\XENON MULTIPLAYER\content\release64\multiplayer\regions\minigames\poker_sb.xsc,regions/minigames/poker_sb.xsc,2650,5227AD1C3B584E2B9F55EBAD42BFE0ABAF048A92,D:\Games\Red Dead Redemption\Code_RED\build\mp_xenon_full_conversion_pass2\import_ready_wsc_from_xsc_named\regions\minigames\poker_sb.wsc,regions/minigames/poker_sb.wsc,pc_wsc_magicrdr_table_candidate_runtime_unproven,,12288,79C43859360FED03FE7F1380A7FD7630A85C4D14DABD4AF79E4FA83FCAFB614F,2594,D9D5F66B9F405E39DD7D2F3E4272488359AB50CB,"{""status"":""ok"",""hr"":0,""input_size"":2626,""output_size"":12288,""message"":""""}",,unproven,0x0FF512F1,2626,12288,zstd-level-19-no-content-size,2578,CEF9840B6ED045075488622C4361A61B5B2C7F6330C396504505FB7FF0233807,True,PC wrapper validates and script tables are PC/Switch-endian. Runtime compatibility is still game-unproven.,xenon-big-tables-to-pc-little,8192,10,1,41,11,,"['0xA8D74300', '0x500011D0', '0x500011F0', '0x000010EF', '0x00000000', '0x0000000B', '0x500011A0', '0x349D018A', '0x00000029', '0x500010F0']",4335,0,11,4512,41,4336,4592,1
D:\Games\Red Dead Redemption\game\XENON MULTIPLAYER\content\release64\multiplayer\rotations\gametype_lobby.xsc,rotations/gametype_lobby.xsc,35596,41F285185FE85E548C0531AD2FAA7A308542FED9,D:\Games\Red Dead Redemption\Code_RED\build\mp_xenon_full_conversion_pass2\import_ready_wsc_from_xsc_named\rotations\gametype_lobby.wsc,rotations/gametype_lobby.wsc,pc_wsc_magicrdr_table_candidate_runtime_unproven,,77824,78599ED411E01E0362F804C5CED00F8BA45D4D6D20F88A3667341D9B95D54C19,35716,103F978CF26569FBCE3E6098B4EA14AEFB655275,"{""status"":""ok"",""hr"":0,""input_size"":35572,""output_size"":77824,""message"":""""}",,unproven,0x0FF512F1,35572,77824,zstd-level-22-no-content-size,35700,61143084732779CFE54FAD6557ED43118107DB4FAF6E2AF4CC1AF18A88601097,True,PC wrapper validates and script tables are PC/Switch-endian. Runtime compatibility is still game-unproven.,xenon-big-tables-to-pc-little,73728,10,5,590,398,,"['0xA8D74300', '0x50011FA0', '0x50011FD0', '0x00011655', '0x00000008', '0x0000018E', '0x50012030', '0x349D018A', '0x0000024E', '0x50011660']",71253,8,398,73776,590,71264,73680,5
D:\Games\Red Dead Redemption\game\XENON MULTIPLAYER\content\release64\multiplayer\sessionmap.xsc,sessionmap.xsc,1080,70FF3CD1047E50199FD111D41A30562124FB3B48,D:\Games\Red Dead Redemption\Code_RED\build\mp_xenon_full_conversion_pass2\import_ready_wsc_from_xsc_named\sessionmap.wsc,sessionmap.wsc,pc_wsc_magicrdr_table_candidate_runtime_unproven,,4096,E7176B4AB3BBAEA43E0107AD9D41D2F58C326E889902F52F67443A97D9651049,1018,DC4353EBDBFB26B7D4A5791BFF6F58B86425264E,"{""status"":""ok"",""hr"":0,""input_size"":1056,""output_size"":4096,""message"":""""}",,unproven,0x0FF512F1,1056,4096,zstd-level-22-no-content-size,1002,3E029E351D99E86A8BCDE2FF2EE3D74EA0E5B92039348EF8FE27DA7980B9455C,True,PC wrapper validates and script tables are PC/Switch-endian. Runtime compatibility is still game-unproven.,xenon-big-tables-to-pc-little,0,10,1,40,14,,"['0xA8D74300', '0x50000590', '0x500005B0', '0x0000047D', '0x00000000', '0x0000000E', '0x50000550', '0x349D018A', '0x00000028', '0x500004B0']",1149,0,14,1360,40,1200,1456,1
D:\Games\Red Dead Redemption\game\XENON MULTIPLAYER\content\release64\multiplayer\spectator\mp_spectator.xsc,spectator/mp_spectator.xsc,2492,801BCCA3A8A1F737C277FFA891D2DB29CBD3CC43,D:\Games\Red Dead Redemption\Code_RED\build\mp_xenon_full_conversion_pass2\import_ready_wsc_from_xsc_named\spectator\mp_spectator.wsc,spectator/mp_spectator.wsc,pc_wsc_magicrdr_table_candidate_runtime_unproven,,8192,9BD8DD26CD4B8A0B763261D567E42D0F90904FD7DDEA21FFDAC9DF279FFD0958,2456,807EAF52DC1481689970F1F2B37CCF93DE64C2BC,"{""status"":""ok"",""hr"":0,""input_size"":2468,""output_size"":8192,""message"":""""}",,unproven,0x0FF512F1,2468,8192,zstd-level-22-no-content-size,2440,45385D0ED91A0A30453DC7EC7D8EE8DF47FB5AA1623B4B39EE3EDFECDEB5D998,True,PC wrapper validates and script tables are PC/Switch-endian. Runtime compatibility is still game-unproven.,xenon-big-tables-to-pc-little,0,10,1,57,27,,"['0xA8D74300', '0x50001020', '0x50001040', '0x00000E8E', '0x00000000', '0x0000001B', '0x50000FB0', '0x349D018A', '0x00000039', '0x50000EC0']",3726,0,27,4016,57,3776,4160,1
D:\Games\Red Dead Redemption\game\XENON MULTIPLAYER\content\release64\multiplayer\spectator\mp_spectatormk2.xsc,spectator/mp_spectatormk2.xsc,3618,C962C8EEFAECE5B841D0F08F47168D47E281AB35,D:\Games\Red Dead Redemption\Code_RED\build\mp_xenon_full_conversion_pass2\import_ready_wsc_from_xsc_named\spectator\mp_spectatormk2.wsc,spectator/mp_spectatormk2.wsc,pc_wsc_magicrdr_table_candidate_runtime_unproven,,12288,CDA01CC2E8062EF5E01D4F6C0EC9ACC09C8C8A41A0881028673CC1803081030A,3566,83BA71C0EAEFF959302EA7C7ABF7EC6898A343B1,"{""status"":""ok"",""hr"":0,""input_size"":3594,""output_size"":12288,""message"":""""}",,unproven,0x0FF512F1,3594,12288,zstd-level-22-no-content-size,3550,52E68BB450476870A345C5F092414B59D7EB69FDA25A3D3583342BC30BABBC7E,True,PC wrapper validates and script tables are PC/Switch-endian. Runtime compatibility is still game-unproven.,xenon-big-tables-to-pc-little,8192,10,1,86,31,,"['0xA8D74300', '0x50001770', '0x50001790', '0x0000158C', '0x00000000', '0x0000001F', '0x500016F0', '0x349D018A', '0x00000056', '0x50001590']",5516,0,31,5872,86,5520,6032,1
D:\Games\Red Dead Redemption\game\XENON MULTIPLAYER\content\release64\multiplayer\support\mp_actorpicker.xsc,support/mp_actorpicker.xsc,20286,49C3B5577C561EAD8436EC9F4B7ADAA363A5E57B,D:\Games\Red Dead Redemption\Code_RED\build\mp_xenon_full_conversion_pass2\import_ready_wsc_from_xsc_named\support\mp_actorpicker.wsc,support/mp_actorpicker.wsc,pc_wsc_magicrdr_table_candidate_runtime_unproven,,53248,C2FB3ECB4579181DED4D778A9F0FC166BB0AA2A556FFB6C30FFBAE8A246CBD56,20332,7576CEF1176ABC931303B06788A6A65B1631552D,"{""status"":""ok"",""hr"":0,""input_size"":20262,""output_size"":53248,""message"":""""}",,unproven,0x0FF512F1,20262,53248,zstd-level-22-no-content-size,20316,86D00744A6988F26EAA35B9C703DAE38401D7C34998EBE8EACEDE863FBEE53F9,True,PC wrapper validates and script tables are PC/Switch-endian. Runtime compatibility is still game-unproven.,xenon-big-tables-to-pc-little,49152,10,3,328,956,,"['0xA8D74300', '0x5000CF20', '0x5000CF40', '0x0000B8B1', '0x00000000', '0x000003BC', '0x5000C030', '0x349D018A', '0x00000148', '0x5000B8C0']",47281,0,956,49200,328,47296,53056,3
D:\Games\Red Dead Redemption\game\XENON MULTIPLAYER\content\release64\multiplayer\tutorial\mp_tutorial.xsc,tutorial/mp_tutorial.xsc,2804,196860957F75EF27ED6E61C6874DF3895D639DB3,D:\Games\Red Dead Redemption\Code_RED\build\mp_xenon_full_conversion_pass2\import_ready_wsc_from_xsc_named\tutorial\mp_tutorial.wsc,tutorial/mp_tutorial.wsc,pc_wsc_magicrdr_table_candidate_runtime_unproven,,12288,B727FB908C853CB097E0F2919CDDDACBA86E8232D377907BE5F82A6A29EBF2F5,2747,3EC8B5D81869BF965A12ACB4B43667973FCF86BD,"{""status"":""ok"",""hr"":0,""input_size"":2780,""output_size"":12288,""message"":""""}",,unproven,0x0FF512F1,2780,12288,zstd-level-22-no-content-size,2731,70EB5501904E32DFC3A1C1D5FC33068268619E8654D06E6CC2D671E32355387E,True,PC wrapper validates and script tables are PC/Switch-endian. Runtime compatibility is still game-unproven.,xenon-big-tables-to-pc-little,8192,10,1,50,15,,"['0xA8D74300', '0x500014F0', '0x50001510', '0x000013DB', '0x00000000', '0x0000000F', '0x500014B0', '0x349D018A', '0x00000032', '0x500013E0']",5083,0,15,5296,50,5088,5392,1
