logical_key,csc_path,csc_size,csc_size_mod_4,csc_header_family,csc_head_hex_16,csc_compression_encryption_note,csc_resource_type,csc_resource_flag1_hex,csc_resource_flag2_hex,csc_sha1,csc_crc32,xsc_path,xsc_size,xsc_size_mod_4,xsc_header_family,xsc_head_hex_16,xsc_compression_encryption_note,xsc_resource_type,xsc_resource_flag1_hex,xsc_resource_flag2_hex,xsc_sha1,xsc_crc32,headers_match,bytes_match
action_areas/fort_mercer/fortmercermp,D:\Games\Red Dead Redemption\Code_RED\imports\PSN MULTIPLAYER\content\release64\multiplayer\action_areas\fort_mercer\fortmercermp.csc,30899,3,CSC_SWAPPED_RSC86,86 43 53 52 00 00 00 02 80 00 00 00 80 00 00 11,32-bit word-swapped RSC86 family; PSN CSC raw import is not proven by extracted PC examples,2,0x80000000,0x80000011,70A1AC8DBB413598DD83D38BAEAFAE853B67A7B9,655537AD,D:\Games\Red Dead Redemption\Code_RED\imports\XENON MULTIPLAYER\content\release64\multiplayer\action_areas\fort_mercer\fortmercermp.xsc,28748,0,XSC_SWAPPED_RSC85,85 43 53 52 00 00 00 02 80 00 00 00 80 00 00 11,32-bit word-swapped RSC85 family; not raw-PC-proven by extracted examples,2,0x80000000,0x80000011,297F62C610C1D1835FFA8EF1992E17145506BDF5,7BD88B12,False,False
action_areas/gaptooth_breach/gaptoothbreachmp,D:\Games\Red Dead Redemption\Code_RED\imports\PSN MULTIPLAYER\content\release64\multiplayer\action_areas\gaptooth_breach\gaptoothbreachmp.csc,33109,1,CSC_SWAPPED_RSC86,86 43 53 52 00 00 00 02 80 00 00 00 90 00 00 12,32-bit word-swapped RSC86 family; PSN CSC raw import is not proven by extracted PC examples,2,0x80000000,0x90000012,2B948987AD4F6608861762D90E4806B96966D406,B1516F4C,D:\Games\Red Dead Redemption\Code_RED\imports\XENON MULTIPLAYER\content\release64\multiplayer\action_areas\gaptooth_breach\gaptoothbreachmp.xsc,30760,0,XSC_SWAPPED_RSC85,85 43 53 52 00 00 00 02 80 00 00 00 90 00 00 12,32-bit word-swapped RSC85 family; not raw-PC-proven by extracted examples,2,0x80000000,0x90000012,822DEE0898DE1AF36627E31528C602C2DD7D62B6,356718A5,False,False
action_areas/nosalida/nosalidamp,D:\Games\Red Dead Redemption\Code_RED\imports\PSN MULTIPLAYER\content\release64\multiplayer\action_areas\nosalida\nosalidamp.csc,29619,3,CSC_SWAPPED_RSC86,86 43 53 52 00 00 00 02 80 00 00 00 80 00 00 11,32-bit word-swapped RSC86 family; PSN CSC raw import is not proven by extracted PC examples,2,0x80000000,0x80000011,4FE9D4D1F095091F594BE426A710CEEF73175695,ADC32BF9,D:\Games\Red Dead Redemption\Code_RED\imports\XENON MULTIPLAYER\content\release64\multiplayer\action_areas\nosalida\nosalidamp.xsc,27692,0,XSC_SWAPPED_RSC85,85 43 53 52 00 00 00 02 80 00 00 00 80 00 00 11,32-bit word-swapped RSC85 family; not raw-PC-proven by extracted examples,2,0x80000000,0x80000011,12097D2F596D9DAE8CF19F3C7AC66894F7459556,9C0E4ED9,False,False
action_areas/pikes_basin/pikesbasinmp,D:\Games\Red Dead Redemption\Code_RED\imports\PSN MULTIPLAYER\content\release64\multiplayer\action_areas\pikes_basin\pikesbasinmp.csc,30632,0,CSC_SWAPPED_RSC86,86 43 53 52 00 00 00 02 80 00 00 00 80 00 00 11,32-bit word-swapped RSC86 family; PSN CSC raw import is not proven by extracted PC examples,2,0x80000000,0x80000011,03F6BC1B24DCA47996071AFB204F11BBF68261E5,AB06F484,D:\Games\Red Dead Redemption\Code_RED\imports\XENON MULTIPLAYER\content\release64\multiplayer\action_areas\pikes_basin\pikesbasinmp.xsc,28506,2,XSC_SWAPPED_RSC85,85 43 53 52 00 00 00 02 80 00 00 00 80 00 00 11,32-bit word-swapped RSC85 family; not raw-PC-proven by extracted examples,2,0x80000000,0x80000011,795D7170D7A0219BE8BDF72298B28F0CD88660C0,522DC3CB,False,False
action_areas/solomons_folly/solomonsfollymp,D:\Games\Red Dead Redemption\Code_RED\imports\PSN MULTIPLAYER\content\release64\multiplayer\action_areas\solomons_folly\solomonsfollymp.csc,28195,3,CSC_SWAPPED_RSC86,86 43 53 52 00 00 00 02 80 00 00 00 80 00 00 0F,32-bit word-swapped RSC86 family; PSN CSC raw import is not proven by extracted PC examples,2,0x80000000,0x8000000F,86145814BA49418D96D0311E339E3F24D5871933,7197F7CF,D:\Games\Red Dead Redemption\Code_RED\imports\XENON MULTIPLAYER\content\release64\multiplayer\action_areas\solomons_folly\solomonsfollymp.xsc,26414,2,XSC_SWAPPED_RSC85,85 43 53 52 00 00 00 02 80 00 00 00 80 00 00 0F,32-bit word-swapped RSC85 family; not raw-PC-proven by extracted examples,2,0x80000000,0x8000000F,1BDCED02D7FBDF024C0F2D42793156525EDBAD4A,85EAD443,False,False
action_areas/tesoro_azul/tesoroazulmp,D:\Games\Red Dead Redemption\Code_RED\imports\PSN MULTIPLAYER\content\release64\multiplayer\action_areas\tesoro_azul\tesoroazulmp.csc,30235,3,CSC_SWAPPED_RSC86,86 43 53 52 00 00 00 02 80 00 00 00 80 00 00 11,32-bit word-swapped RSC86 family; PSN CSC raw import is not proven by extracted PC examples,2,0x80000000,0x80000011,89CB2FBD3310B6A83A54F02BEF9DDFEEE3DBD8BA,90AB3337,D:\Games\Red Dead Redemption\Code_RED\imports\XENON MULTIPLAYER\content\release64\multiplayer\action_areas\tesoro_azul\tesoroazulmp.xsc,28240,0,XSC_SWAPPED_RSC85,85 43 53 52 00 00 00 02 80 00 00 00 80 00 00 11,32-bit word-swapped RSC85 family; not raw-PC-proven by extracted examples,2,0x80000000,0x80000011,596C2741826A8E797859A78FA507EE62F9670E89,DC32751C,False,False
action_areas/tumbleweed/tumbleweedmp,D:\Games\Red Dead Redemption\Code_RED\imports\PSN MULTIPLAYER\content\release64\multiplayer\action_areas\tumbleweed\tumbleweedmp.csc,30659,3,CSC_SWAPPED_RSC86,86 43 53 52 00 00 00 02 80 00 00 00 80 00 00 11,32-bit word-swapped RSC86 family; PSN CSC raw import is not proven by extracted PC examples,2,0x80000000,0x80000011,153FA74BBD7CE51E5ED659B232A3CEA953E03B02,61D7F330,D:\Games\Red Dead Redemption\Code_RED\imports\XENON MULTIPLAYER\content\release64\multiplayer\action_areas\tumbleweed\tumbleweedmp.xsc,28524,0,XSC_SWAPPED_RSC85,85 43 53 52 00 00 00 02 80 00 00 00 80 00 00 11,32-bit word-swapped RSC85 family; not raw-PC-proven by extracted examples,2,0x80000000,0x80000011,6F6157EB27B306B935640D79168A78A5A1B5EF68,216764F1,False,False
action_areas/twin_rocks/twinrocksmp,D:\Games\Red Dead Redemption\Code_RED\imports\PSN MULTIPLAYER\content\release64\multiplayer\action_areas\twin_rocks\twinrocksmp.csc,29459,3,CSC_SWAPPED_RSC86,86 43 53 52 00 00 00 02 80 00 00 00 80 00 00 11,32-bit word-swapped RSC86 family; PSN CSC raw import is not proven by extracted PC examples,2,0x80000000,0x80000011,25D61BF7D26A31E82C2A78DDD5691C289C0388E4,152159A6,D:\Games\Red Dead Redemption\Code_RED\imports\XENON MULTIPLAYER\content\release64\multiplayer\action_areas\twin_rocks\twinrocksmp.xsc,27412,0,XSC_SWAPPED_RSC85,85 43 53 52 00 00 00 02 80 00 00 00 80 00 00 11,32-bit word-swapped RSC85 family; not raw-PC-proven by extracted examples,2,0x80000000,0x80000011,D56C8AAC6A1A17386D2800715BDE716B99BB572B,BFF97F7C,False,False
action_areas/wilderness/bearwildernessaa,D:\Games\Red Dead Redemption\Code_RED\imports\PSN MULTIPLAYER\content\release64\multiplayer\action_areas\wilderness\bearwildernessaa.csc,13114,2,CSC_SWAPPED_RSC86,86 43 53 52 00 00 00 02 80 00 00 00 80 00 00 07,32-bit word-swapped RSC86 family; PSN CSC raw import is not proven by extracted PC examples,2,0x80000000,0x80000007,6872EDF5E99581F3C27BB14DD32BBB62A971304C,6CD4A6F1,D:\Games\Red Dead Redemption\Code_RED\imports\XENON MULTIPLAYER\content\release64\multiplayer\action_areas\wilderness\bearwildernessaa.xsc,12632,0,XSC_SWAPPED_RSC85,85 43 53 52 00 00 00 02 80 00 00 00 80 00 00 07,32-bit word-swapped RSC85 family; not raw-PC-proven by extracted examples,2,0x80000000,0x80000007,CC4257F30EFB489D48EC93781F40B33446839690,6DFBD3E7,False,False
action_areas/wilderness/boarwildernessaa,D:\Games\Red Dead Redemption\Code_RED\imports\PSN MULTIPLAYER\content\release64\multiplayer\action_areas\wilderness\boarwildernessaa.csc,13040,0,CSC_SWAPPED_RSC86,86 43 53 52 00 00 00 02 80 00 00 00 80 00 00 07,32-bit word-swapped RSC86 family; PSN CSC raw import is not proven by extracted PC examples,2,0x80000000,0x80000007,FE9D5B69407BF992B76598F1A49395115C5126B7,A774BEC6,D:\Games\Red Dead Redemption\Code_RED\imports\XENON MULTIPLAYER\content\release64\multiplayer\action_areas\wilderness\boarwildernessaa.xsc,12566,2,XSC_SWAPPED_RSC85,85 43 53 52 00 00 00 02 80 00 00 00 80 00 00 07,32-bit word-swapped RSC85 family; not raw-PC-proven by extracted examples,2,0x80000000,0x80000007,AFDF515A459E51540226B6A39597C3CE66D5A2BA,348A06E0,False,False
action_areas/wilderness/cougarwildernessaa,D:\Games\Red Dead Redemption\Code_RED\imports\PSN MULTIPLAYER\content\release64\multiplayer\action_areas\wilderness\cougarwildernessaa.csc,13049,1,CSC_SWAPPED_RSC86,86 43 53 52 00 00 00 02 80 00 00 00 80 00 00 07,32-bit word-swapped RSC86 family; PSN CSC raw import is not proven by extracted PC examples,2,0x80000000,0x80000007,9B410E83BC29DA293F4F9D13D40645FEA92DCD62,58169875,D:\Games\Red Dead Redemption\Code_RED\imports\XENON MULTIPLAYER\content\release64\multiplayer\action_areas\wilderness\cougarwildernessaa.xsc,12564,0,XSC_SWAPPED_RSC85,85 43 53 52 00 00 00 02 80 00 00 00 80 00 00 07,32-bit word-swapped RSC85 family; not raw-PC-proven by extracted examples,2,0x80000000,0x80000007,08736297354EC8100C97B4D154957DD6569F82FE,E02C6FEF,False,False
action_areas/wilderness/wolfwildernessaa,D:\Games\Red Dead Redemption\Code_RED\imports\PSN MULTIPLAYER\content\release64\multiplayer\action_areas\wilderness\wolfwildernessaa.csc,13038,2,CSC_SWAPPED_RSC86,86 43 53 52 00 00 00 02 80 00 00 00 80 00 00 07,32-bit word-swapped RSC86 family; PSN CSC raw import is not proven by extracted PC examples,2,0x80000000,0x80000007,467865D3E3EB2CB19D1F101CA33D62F77D02D9CC,4DAEB359,D:\Games\Red Dead Redemption\Code_RED\imports\XENON MULTIPLAYER\content\release64\multiplayer\action_areas\wilderness\wolfwildernessaa.xsc,12556,0,XSC_SWAPPED_RSC85,85 43 53 52 00 00 00 02 80 00 00 00 80 00 00 07,32-bit word-swapped RSC85 family; not raw-PC-proven by extracted examples,2,0x80000000,0x80000007,68DAEF23AF2A634472BF48D1F553A1769ECF5913,4465F890,False,False
ctf/ctf_base_game,D:\Games\Red Dead Redemption\Code_RED\imports\PSN MULTIPLAYER\content\release64\multiplayer\ctf\ctf_base_game.csc,49087,3,CSC_SWAPPED_RSC86,86 43 53 52 00 00 00 02 80 00 00 00 80 00 00 1B,32-bit word-swapped RSC86 family; PSN CSC raw import is not proven by extracted PC examples,2,0x80000000,0x8000001B,AC7C093773FE09EEEEE4C2596FC240BFC57643A2,42B3FF50,D:\Games\Red Dead Redemption\Code_RED\imports\XENON MULTIPLAYER\content\release64\multiplayer\ctf\ctf_base_game.xsc,45446,2,XSC_SWAPPED_RSC85,85 43 53 52 00 00 00 02 80 00 00 00 80 00 00 1B,32-bit word-swapped RSC85 family; not raw-PC-proven by extracted examples,2,0x80000000,0x8000001B,301C5AA2919AF5BFA3C347F17A9BA78209CF6850,2C768785,False,False
deathmatch/deathmatch,D:\Games\Red Dead Redemption\Code_RED\imports\PSN MULTIPLAYER\content\release64\multiplayer\deathmatch\deathmatch.csc,37135,3,CSC_SWAPPED_RSC86,86 43 53 52 00 00 00 02 80 00 00 00 80 00 00 15,32-bit word-swapped RSC86 family; PSN CSC raw import is not proven by extracted PC examples,2,0x80000000,0x80000015,DD24E432C08D25D17B09A64D29331FDC23646505,BDE20FFB,D:\Games\Red Dead Redemption\Code_RED\imports\XENON MULTIPLAYER\content\release64\multiplayer\deathmatch\deathmatch.xsc,34574,2,XSC_SWAPPED_RSC85,85 43 53 52 00 00 00 02 80 00 00 00 80 00 00 15,32-bit word-swapped RSC85 family; not raw-PC-proven by extracted examples,2,0x80000000,0x80000015,7A5909CF0F14B595C71A46971E013178418CA37F,2EA5F3F8,False,False
deathmatch/testmatch,D:\Games\Red Dead Redemption\Code_RED\imports\PSN MULTIPLAYER\content\release64\multiplayer\deathmatch\testmatch.csc,7875,3,CSC_SWAPPED_RSC86,86 43 53 52 00 00 00 02 80 00 00 00 80 00 00 05,32-bit word-swapped RSC86 family; PSN CSC raw import is not proven by extracted PC examples,2,0x80000000,0x80000005,282B9963BAA2C8E307B8FC257C037F55B1E501C9,A3187040,D:\Games\Red Dead Redemption\Code_RED\imports\XENON MULTIPLAYER\content\release64\multiplayer\deathmatch\testmatch.xsc,7596,0,XSC_SWAPPED_RSC85,85 43 53 52 00 00 00 02 80 00 00 00 80 00 00 05,32-bit word-swapped RSC85 family; not raw-PC-proven by extracted examples,2,0x80000000,0x80000005,87BAAF6ADC052DC1768707017FE343BC3AD69930,D7DA0583,False,False
freemode/freemode,D:\Games\Red Dead Redemption\Code_RED\imports\PSN MULTIPLAYER\content\release64\multiplayer\freemode\freemode.csc,52662,2,CSC_SWAPPED_RSC86,86 43 53 52 00 00 00 02 80 00 00 00 A0 00 00 1C,32-bit word-swapped RSC86 family; PSN CSC raw import is not proven by extracted PC examples,2,0x80000000,0xA000001C,39EB147487968B55BFA814C1754E4AB4B609BEFF,D9B7B993,D:\Games\Red Dead Redemption\Code_RED\imports\XENON MULTIPLAYER\content\release64\multiplayer\freemode\freemode.xsc,47730,2,XSC_SWAPPED_RSC85,85 43 53 52 00 00 00 02 80 00 00 00 A0 00 00 1C,32-bit word-swapped RSC85 family; not raw-PC-proven by extracted examples,2,0x80000000,0xA000001C,E8273C4D88372400873F17FC44FB1B4BEE8473FE,D1B360EE,False,False
mp_idle,D:\Games\Red Dead Redemption\Code_RED\imports\PSN MULTIPLAYER\content\release64\multiplayer\mp_idle.csc,44631,3,CSC_SWAPPED_RSC86,86 43 53 52 00 00 00 02 80 00 00 00 80 00 00 1B,32-bit word-swapped RSC86 family; PSN CSC raw import is not proven by extracted PC examples,2,0x80000000,0x8000001B,836DA3EB1E388C2C12A0DBAE31B61EA11E93133E,B5A846BD,D:\Games\Red Dead Redemption\Code_RED\imports\XENON MULTIPLAYER\content\release64\multiplayer\mp_idle.xsc,41412,0,XSC_SWAPPED_RSC85,85 43 53 52 00 00 00 02 80 00 00 00 80 00 00 1B,32-bit word-swapped RSC85 family; not raw-PC-proven by extracted examples,2,0x80000000,0x8000001B,5F91B6BEBB0BE1F29C13C8720405BFBD02B9289A,BF212567,False,False
multiplayer_system_thread,D:\Games\Red Dead Redemption\Code_RED\imports\PSN MULTIPLAYER\content\release64\multiplayer\multiplayer_system_thread.csc,31765,1,CSC_SWAPPED_RSC86,86 43 53 52 00 00 00 02 80 00 00 00 90 00 00 12,32-bit word-swapped RSC86 family; PSN CSC raw import is not proven by extracted PC examples,2,0x80000000,0x90000012,BCE3CD2CD1979BC827360BD76C3835FC608E41D2,A27B51DE,D:\Games\Red Dead Redemption\Code_RED\imports\XENON MULTIPLAYER\content\release64\multiplayer\multiplayer_system_thread.xsc,29428,0,XSC_SWAPPED_RSC85,85 43 53 52 00 00 00 02 80 00 00 00 90 00 00 12,32-bit word-swapped RSC85 family; not raw-PC-proven by extracted examples,2,0x80000000,0x90000012,6DD6456F9F6DE374B52F1A7CEF48471805ECB62D,B1AAD248,False,False
multiplayer_update_thread,D:\Games\Red Dead Redemption\Code_RED\imports\PSN MULTIPLAYER\content\release64\multiplayer\multiplayer_update_thread.csc,24419,3,CSC_SWAPPED_RSC86,86 43 53 52 00 00 00 02 80 00 00 00 90 00 00 0E,32-bit word-swapped RSC86 family; PSN CSC raw import is not proven by extracted PC examples,2,0x80000000,0x9000000E,230CB503BBBE0F54BF2AA0BC8D34CAEDE42EF7C7,3DB12DCB,D:\Games\Red Dead Redemption\Code_RED\imports\XENON MULTIPLAYER\content\release64\multiplayer\multiplayer_update_thread.xsc,22824,0,XSC_SWAPPED_RSC85,85 43 53 52 00 00 00 02 80 00 00 00 90 00 00 0E,32-bit word-swapped RSC85 family; not raw-PC-proven by extracted examples,2,0x80000000,0x9000000E,AF254ECF5FB559A5C5A1BE063DF454ED5DDB231E,AA200A93,False,False
pr_multiplayer,D:\Games\Red Dead Redemption\Code_RED\imports\PSN MULTIPLAYER\content\release64\multiplayer\pr_multiplayer.csc,15043,3,CSC_SWAPPED_RSC86,86 43 53 52 00 00 00 02 80 00 00 00 80 00 00 09,32-bit word-swapped RSC86 family; PSN CSC raw import is not proven by extracted PC examples,2,0x80000000,0x80000009,8EDD0E69B621DF58B2B7F66D744BAC8EE696C364,69A3548B,D:\Games\Red Dead Redemption\Code_RED\imports\XENON MULTIPLAYER\content\release64\multiplayer\pr_multiplayer.xsc,14510,2,XSC_SWAPPED_RSC85,85 43 53 52 00 00 00 02 80 00 00 00 80 00 00 09,32-bit word-swapped RSC85 family; not raw-PC-proven by extracted examples,2,0x80000000,0x80000009,1C47BE25F28029C96D4E0384CBDE3C3C11C82FC7,3D87883B,False,False
regions/coop/coopbasic,D:\Games\Red Dead Redemption\Code_RED\imports\PSN MULTIPLAYER\content\release64\multiplayer\regions\coop\coopbasic.csc,9706,2,CSC_SWAPPED_RSC86,86 43 53 52 00 00 00 02 80 00 00 00 80 00 00 05,32-bit word-swapped RSC86 family; PSN CSC raw import is not proven by extracted PC examples,2,0x80000000,0x80000005,A89C2CE2247F437211E639CCD6EE1459B598C12C,0BA9F362,D:\Games\Red Dead Redemption\Code_RED\imports\XENON MULTIPLAYER\content\release64\multiplayer\regions\coop\coopbasic.xsc,9324,0,XSC_SWAPPED_RSC85,85 43 53 52 00 00 00 02 80 00 00 00 80 00 00 05,32-bit word-swapped RSC85 family; not raw-PC-proven by extracted examples,2,0x80000000,0x80000005,DD91A3FCDCF1708EA8D945162EF4ADD2FD8264AF,AD29AA22,False,False
regions/ctf_arm/ctf_arm,D:\Games\Red Dead Redemption\Code_RED\imports\PSN MULTIPLAYER\content\release64\multiplayer\regions\ctf_arm\ctf_arm.csc,13342,2,CSC_SWAPPED_RSC86,86 43 53 52 00 00 00 02 80 00 00 00 80 00 00 09,32-bit word-swapped RSC86 family; PSN CSC raw import is not proven by extracted PC examples,2,0x80000000,0x80000009,E8CB5EFBBFE52FB5266790579E59A3C80DB78165,899300CF,D:\Games\Red Dead Redemption\Code_RED\imports\XENON MULTIPLAYER\content\release64\multiplayer\regions\ctf_arm\ctf_arm.xsc,12574,2,XSC_SWAPPED_RSC85,85 43 53 52 00 00 00 02 80 00 00 00 80 00 00 09,32-bit word-swapped RSC85 family; not raw-PC-proven by extracted examples,2,0x80000000,0x80000009,FAEFFE82714FF7F5BAEB3CCE94F564E9C5D6835B,D16918E9,False,False
regions/ctf_arm/ctf_arm_single,D:\Games\Red Dead Redemption\Code_RED\imports\PSN MULTIPLAYER\content\release64\multiplayer\regions\ctf_arm\ctf_arm_single.csc,12984,0,CSC_SWAPPED_RSC86,86 43 53 52 00 00 00 02 80 00 00 00 80 00 00 07,32-bit word-swapped RSC86 family; PSN CSC raw import is not proven by extracted PC examples,2,0x80000000,0x80000007,2EF2D88F799B7564A321CD2958401D6D7B9FF0E1,9EF42A80,D:\Games\Red Dead Redemption\Code_RED\imports\XENON MULTIPLAYER\content\release64\multiplayer\regions\ctf_arm\ctf_arm_single.xsc,12312,0,XSC_SWAPPED_RSC85,85 43 53 52 00 00 00 02 80 00 00 00 80 00 00 07,32-bit word-swapped RSC85 family; not raw-PC-proven by extracted examples,2,0x80000000,0x80000007,275426CA9C6FDDB60B086953B3EB10C3933CCC5A,4AE3FEAB,False,False
regions/ctf_arm/ctf_arm_sym,D:\Games\Red Dead Redemption\Code_RED\imports\PSN MULTIPLAYER\content\release64\multiplayer\regions\ctf_arm\ctf_arm_sym.csc,12918,2,CSC_SWAPPED_RSC86,86 43 53 52 00 00 00 02 80 00 00 00 80 00 00 07,32-bit word-swapped RSC86 family; PSN CSC raw import is not proven by extracted PC examples,2,0x80000000,0x80000007,F05D0903F2991CF41D6B6F51C97F555E1457D5BF,39363CCD,D:\Games\Red Dead Redemption\Code_RED\imports\XENON MULTIPLAYER\content\release64\multiplayer\regions\ctf_arm\ctf_arm_sym.xsc,12246,2,XSC_SWAPPED_RSC85,85 43 53 52 00 00 00 02 80 00 00 00 80 00 00 07,32-bit word-swapped RSC85 family; not raw-PC-proven by extracted examples,2,0x80000000,0x80000007,EEDB3A84BF1FECD8399CA576E33DB09C295CEC24,16697069,False,False
regions/ctf_chu/ctf_chu,D:\Games\Red Dead Redemption\Code_RED\imports\PSN MULTIPLAYER\content\release64\multiplayer\regions\ctf_chu\ctf_chu.csc,11939,3,CSC_SWAPPED_RSC86,86 43 53 52 00 00 00 02 80 00 00 00 80 00 00 07,32-bit word-swapped RSC86 family; PSN CSC raw import is not proven by extracted PC examples,2,0x80000000,0x80000007,5A15EACA6D6DF076BA4FA16DE48C3E808D347315,E1BBAC58,D:\Games\Red Dead Redemption\Code_RED\imports\XENON MULTIPLAYER\content\release64\multiplayer\regions\ctf_chu\ctf_chu.xsc,11364,0,XSC_SWAPPED_RSC85,85 43 53 52 00 00 00 02 80 00 00 00 80 00 00 07,32-bit word-swapped RSC85 family; not raw-PC-proven by extracted examples,2,0x80000000,0x80000007,36727DCDB3C22F91DAFB126151D057B0CA2606FB,B6DB8942,False,False
regions/ctf_chu/ctf_chu_single,D:\Games\Red Dead Redemption\Code_RED\imports\PSN MULTIPLAYER\content\release64\multiplayer\regions\ctf_chu\ctf_chu_single.csc,11958,2,CSC_SWAPPED_RSC86,86 43 53 52 00 00 00 02 80 00 00 00 80 00 00 07,32-bit word-swapped RSC86 family; PSN CSC raw import is not proven by extracted PC examples,2,0x80000000,0x80000007,C2B8A2A172BBB9A09F678A03278C7A6E8D2D1BAE,E2C2707F,D:\Games\Red Dead Redemption\Code_RED\imports\XENON MULTIPLAYER\content\release64\multiplayer\regions\ctf_chu\ctf_chu_single.xsc,11380,0,XSC_SWAPPED_RSC85,85 43 53 52 00 00 00 02 80 00 00 00 80 00 00 07,32-bit word-swapped RSC85 family; not raw-PC-proven by extracted examples,2,0x80000000,0x80000007,0A76CF9D328BA2A0E36F0FC09BA2770C3349FDA5,1159A729,False,False
regions/ctf_chu/ctf_chu_sym,D:\Games\Red Dead Redemption\Code_RED\imports\PSN MULTIPLAYER\content\release64\multiplayer\regions\ctf_chu\ctf_chu_sym.csc,11912,0,CSC_SWAPPED_RSC86,86 43 53 52 00 00 00 02 80 00 00 00 80 00 00 07,32-bit word-swapped RSC86 family; PSN CSC raw import is not proven by extracted PC examples,2,0x80000000,0x80000007,1468BFF54CADCBA4EBAC0013BD87727F89C48665,B16B7B9B,D:\Games\Red Dead Redemption\Code_RED\imports\XENON MULTIPLAYER\content\release64\multiplayer\regions\ctf_chu\ctf_chu_sym.xsc,11328,0,XSC_SWAPPED_RSC85,85 43 53 52 00 00 00 02 80 00 00 00 80 00 00 07,32-bit word-swapped RSC85 family; not raw-PC-proven by extracted examples,2,0x80000000,0x80000007,236FC9BCD7E7DA643A8BF9E13083551D8D1FD459,5B4E4301,False,False
regions/ctf_dzc/ctf_dzc_sym,D:\Games\Red Dead Redemption\Code_RED\imports\PSN MULTIPLAYER\content\release64\multiplayer\regions\ctf_dzc\ctf_dzc_sym.csc,12251,3,CSC_SWAPPED_RSC86,86 43 53 52 00 00 00 02 80 00 00 00 80 00 00 07,32-bit word-swapped RSC86 family; PSN CSC raw import is not proven by extracted PC examples,2,0x80000000,0x80000007,45DF618BBB88E5CC347D5A2DFCDCAFB28320F7A9,9FB23546,D:\Games\Red Dead Redemption\Code_RED\imports\XENON MULTIPLAYER\content\release64\multiplayer\regions\ctf_dzc\ctf_dzc_sym.xsc,11638,2,XSC_SWAPPED_RSC85,85 43 53 52 00 00 00 02 80 00 00 00 80 00 00 07,32-bit word-swapped RSC85 family; not raw-PC-proven by extracted examples,2,0x80000000,0x80000007,8BA12DA3B5FFD317BCD13E8A31D4DB0422CAEBE5,EC6C5E5C,False,False
regions/ctf_hen/ctf_hen,D:\Games\Red Dead Redemption\Code_RED\imports\PSN MULTIPLAYER\content\release64\multiplayer\regions\ctf_hen\ctf_hen.csc,12979,3,CSC_SWAPPED_RSC86,86 43 53 52 00 00 00 02 80 00 00 00 80 00 00 09,32-bit word-swapped RSC86 family; PSN CSC raw import is not proven by extracted PC examples,2,0x80000000,0x80000009,A92E82616BA47F42F0B777A2141FDF7011D3D4AD,DD9D60D1,D:\Games\Red Dead Redemption\Code_RED\imports\XENON MULTIPLAYER\content\release64\multiplayer\regions\ctf_hen\ctf_hen.xsc,12280,0,XSC_SWAPPED_RSC85,85 43 53 52 00 00 00 02 80 00 00 00 80 00 00 09,32-bit word-swapped RSC85 family; not raw-PC-proven by extracted examples,2,0x80000000,0x80000009,41AF485242108E179179939142D43A74BA587627,A67805FD,False,False
regions/ctf_lsh/ctf_lsh,D:\Games\Red Dead Redemption\Code_RED\imports\PSN MULTIPLAYER\content\release64\multiplayer\regions\ctf_lsh\ctf_lsh.csc,14025,1,CSC_SWAPPED_RSC86,86 43 53 52 00 00 00 02 80 00 00 00 80 00 00 09,32-bit word-swapped RSC86 family; PSN CSC raw import is not proven by extracted PC examples,2,0x80000000,0x80000009,BF83228AF8F33B60A1528C5AF1200BD100C96860,097DF475,D:\Games\Red Dead Redemption\Code_RED\imports\XENON MULTIPLAYER\content\release64\multiplayer\regions\ctf_lsh\ctf_lsh.xsc,13236,0,XSC_SWAPPED_RSC85,85 43 53 52 00 00 00 02 80 00 00 00 80 00 00 09,32-bit word-swapped RSC85 family; not raw-PC-proven by extracted examples,2,0x80000000,0x80000009,4CF69A6A122E94069F0CF3F84EC6EC455650ACF4,5D9B4951,False,False
regions/ctf_lsh/ctf_lsh_sym,D:\Games\Red Dead Redemption\Code_RED\imports\PSN MULTIPLAYER\content\release64\multiplayer\regions\ctf_lsh\ctf_lsh_sym.csc,11885,1,CSC_SWAPPED_RSC86,86 43 53 52 00 00 00 02 80 00 00 00 80 00 00 07,32-bit word-swapped RSC86 family; PSN CSC raw import is not proven by extracted PC examples,2,0x80000000,0x80000007,1FBE3542972B295B63E95E999C77A7749ED04399,A04D0C88,D:\Games\Red Dead Redemption\Code_RED\imports\XENON MULTIPLAYER\content\release64\multiplayer\regions\ctf_lsh\ctf_lsh_sym.xsc,11318,2,XSC_SWAPPED_RSC85,85 43 53 52 00 00 00 02 80 00 00 00 80 00 00 07,32-bit word-swapped RSC85 family; not raw-PC-proven by extracted examples,2,0x80000000,0x80000007,BC5E94D03F83E627BDFA266F0E76407F6A4B6EE4,7B00DD67,False,False
regions/ctf_tes/ctf_tes_single,D:\Games\Red Dead Redemption\Code_RED\imports\PSN MULTIPLAYER\content\release64\multiplayer\regions\ctf_tes\ctf_tes_single.csc,11222,2,CSC_SWAPPED_RSC86,86 43 53 52 00 00 00 02 80 00 00 00 90 00 00 06,32-bit word-swapped RSC86 family; PSN CSC raw import is not proven by extracted PC examples,2,0x80000000,0x90000006,4234628BB4525AAA2D6550298BBF7586F244A254,1C60FC81,D:\Games\Red Dead Redemption\Code_RED\imports\XENON MULTIPLAYER\content\release64\multiplayer\regions\ctf_tes\ctf_tes_single.xsc,10708,0,XSC_SWAPPED_RSC85,85 43 53 52 00 00 00 02 80 00 00 00 90 00 00 06,32-bit word-swapped RSC85 family; not raw-PC-proven by extracted examples,2,0x80000000,0x90000006,F3325B9F7A9F191439B076C3F6C4C922A3CC5BA9,EE17430E,False,False
regions/ctf_tes/ctf_tes_sym,D:\Games\Red Dead Redemption\Code_RED\imports\PSN MULTIPLAYER\content\release64\multiplayer\regions\ctf_tes\ctf_tes_sym.csc,11170,2,CSC_SWAPPED_RSC86,86 43 53 52 00 00 00 02 80 00 00 00 90 00 00 06,32-bit word-swapped RSC86 family; PSN CSC raw import is not proven by extracted PC examples,2,0x80000000,0x90000006,A74EEBD9978B06D820F4560B383A85CDCC329821,F05E186F,D:\Games\Red Dead Redemption\Code_RED\imports\XENON MULTIPLAYER\content\release64\multiplayer\regions\ctf_tes\ctf_tes_sym.xsc,10650,2,XSC_SWAPPED_RSC85,85 43 53 52 00 00 00 02 80 00 00 00 90 00 00 06,32-bit word-swapped RSC85 family; not raw-PC-proven by extracted examples,2,0x80000000,0x90000006,D2446B7424193219B7489037286816970715AE26,0D6FD45D,False,False
regions/ctf_tum/ctf_tum_single,D:\Games\Red Dead Redemption\Code_RED\imports\PSN MULTIPLAYER\content\release64\multiplayer\regions\ctf_tum\ctf_tum_single.csc,12747,3,CSC_SWAPPED_RSC86,86 43 53 52 00 00 00 02 80 00 00 00 80 00 00 07,32-bit word-swapped RSC86 family; PSN CSC raw import is not proven by extracted PC examples,2,0x80000000,0x80000007,0D991D11E971DC0862674A6EC9290533BAB2CCC5,12308A35,D:\Games\Red Dead Redemption\Code_RED\imports\XENON MULTIPLAYER\content\release64\multiplayer\regions\ctf_tum\ctf_tum_single.xsc,12094,2,XSC_SWAPPED_RSC85,85 43 53 52 00 00 00 02 80 00 00 00 80 00 00 07,32-bit word-swapped RSC85 family; not raw-PC-proven by extracted examples,2,0x80000000,0x80000007,196BB257C93ECFC87B6BA38A85AC5A3E630E61F7,ED4E45BD,False,False
regions/ctf_upr/ctf_upr,D:\Games\Red Dead Redemption\Code_RED\imports\PSN MULTIPLAYER\content\release64\multiplayer\regions\ctf_upr\ctf_upr.csc,12105,1,CSC_SWAPPED_RSC86,86 43 53 52 00 00 00 02 80 00 00 00 80 00 00 07,32-bit word-swapped RSC86 family; PSN CSC raw import is not proven by extracted PC examples,2,0x80000000,0x80000007,0531172BF3EF64C1E3E0D666FF38C14C25330380,67D1836A,D:\Games\Red Dead Redemption\Code_RED\imports\XENON MULTIPLAYER\content\release64\multiplayer\regions\ctf_upr\ctf_upr.xsc,11536,0,XSC_SWAPPED_RSC85,85 43 53 52 00 00 00 02 80 00 00 00 80 00 00 07,32-bit word-swapped RSC85 family; not raw-PC-proven by extracted examples,2,0x80000000,0x80000007,8CEF0509EDC82C3E70D4DD3E34CE6537CFA6D4B8,6BED6AFA,False,False
regions/ctf_w2/ctf_w2_single,D:\Games\Red Dead Redemption\Code_RED\imports\PSN MULTIPLAYER\content\release64\multiplayer\regions\ctf_w2\ctf_w2_single.csc,9555,3,CSC_SWAPPED_RSC86,86 43 53 52 00 00 00 02 80 00 00 00 80 00 00 05,32-bit word-swapped RSC86 family; PSN CSC raw import is not proven by extracted PC examples,2,0x80000000,0x80000005,D79302A2DA70182950C82B2CF028E03049570571,8497178A,D:\Games\Red Dead Redemption\Code_RED\imports\XENON MULTIPLAYER\content\release64\multiplayer\regions\ctf_w2\ctf_w2_single.xsc,9144,0,XSC_SWAPPED_RSC85,85 43 53 52 00 00 00 02 80 00 00 00 80 00 00 05,32-bit word-swapped RSC85 family; not raw-PC-proven by extracted examples,2,0x80000000,0x80000005,966B5EAE70BCCEA5BCAD8E420D0876D984DF211D,4E9B8BAF,False,False
regions/dm_arm/deathmatch_arm,D:\Games\Red Dead Redemption\Code_RED\imports\PSN MULTIPLAYER\content\release64\multiplayer\regions\dm_arm\deathmatch_arm.csc,13315,3,CSC_SWAPPED_RSC86,86 43 53 52 00 00 00 02 80 00 00 00 80 00 00 09,32-bit word-swapped RSC86 family; PSN CSC raw import is not proven by extracted PC examples,2,0x80000000,0x80000009,DF7CD2F22971BF213B35CE030D26851DFCEC8C49,8010FCAC,D:\Games\Red Dead Redemption\Code_RED\imports\XENON MULTIPLAYER\content\release64\multiplayer\regions\dm_arm\deathmatch_arm.xsc,12592,0,XSC_SWAPPED_RSC85,85 43 53 52 00 00 00 02 80 00 00 00 80 00 00 09,32-bit word-swapped RSC85 family; not raw-PC-proven by extracted examples,2,0x80000000,0x80000009,83C23C9A531845C578969E8CAF03DF2303363A19,F68D6149,False,False
regions/dm_chu/deathmatch_chu,D:\Games\Red Dead Redemption\Code_RED\imports\PSN MULTIPLAYER\content\release64\multiplayer\regions\dm_chu\deathmatch_chu.csc,12338,2,CSC_SWAPPED_RSC86,86 43 53 52 00 00 00 02 80 00 00 00 80 00 00 07,32-bit word-swapped RSC86 family; PSN CSC raw import is not proven by extracted PC examples,2,0x80000000,0x80000007,503110D06267891E3A61A55307F96294F84436BA,926227ED,D:\Games\Red Dead Redemption\Code_RED\imports\XENON MULTIPLAYER\content\release64\multiplayer\regions\dm_chu\deathmatch_chu.xsc,11718,2,XSC_SWAPPED_RSC85,85 43 53 52 00 00 00 02 80 00 00 00 80 00 00 07,32-bit word-swapped RSC85 family; not raw-PC-proven by extracted examples,2,0x80000000,0x80000007,C6C913E4F15F3A2411E842E7E4110D7F9242C306,475DD157,False,False
regions/dm_hen/deathmatch_hen,D:\Games\Red Dead Redemption\Code_RED\imports\PSN MULTIPLAYER\content\release64\multiplayer\regions\dm_hen\deathmatch_hen.csc,13599,3,CSC_SWAPPED_RSC86,86 43 53 52 00 00 00 02 80 00 00 00 80 00 00 09,32-bit word-swapped RSC86 family; PSN CSC raw import is not proven by extracted PC examples,2,0x80000000,0x80000009,6C6741C57BAA6BAF7D5DC6FEAB3AFEBA149B3169,0E42F4BC,D:\Games\Red Dead Redemption\Code_RED\imports\XENON MULTIPLAYER\content\release64\multiplayer\regions\dm_hen\deathmatch_hen.xsc,12868,0,XSC_SWAPPED_RSC85,85 43 53 52 00 00 00 02 80 00 00 00 80 00 00 09,32-bit word-swapped RSC85 family; not raw-PC-proven by extracted examples,2,0x80000000,0x80000009,1B4EB57AB28CD9B32A053A3E96A1F2ED51071E52,C30E3126,False,False
regions/dm_lsh/deathmatch_lsh,D:\Games\Red Dead Redemption\Code_RED\imports\PSN MULTIPLAYER\content\release64\multiplayer\regions\dm_lsh\deathmatch_lsh.csc,13710,2,CSC_SWAPPED_RSC86,86 43 53 52 00 00 00 02 80 00 00 00 80 00 00 09,32-bit word-swapped RSC86 family; PSN CSC raw import is not proven by extracted PC examples,2,0x80000000,0x80000009,A840B93F284F4C84A14A9B266581F0F1971D1637,00E871B2,D:\Games\Red Dead Redemption\Code_RED\imports\XENON MULTIPLAYER\content\release64\multiplayer\regions\dm_lsh\deathmatch_lsh.xsc,12918,2,XSC_SWAPPED_RSC85,85 43 53 52 00 00 00 02 80 00 00 00 80 00 00 09,32-bit word-swapped RSC85 family; not raw-PC-proven by extracted examples,2,0x80000000,0x80000009,55AF2F4DFB70935422157BCF252CE0E0ABB1987F,45BE930A,False,False
regions/dm_tum/deathmatch_tum,D:\Games\Red Dead Redemption\Code_RED\imports\PSN MULTIPLAYER\content\release64\multiplayer\regions\dm_tum\deathmatch_tum.csc,13193,1,CSC_SWAPPED_RSC86,86 43 53 52 00 00 00 02 80 00 00 00 80 00 00 07,32-bit word-swapped RSC86 family; PSN CSC raw import is not proven by extracted PC examples,2,0x80000000,0x80000007,78E14990F74ECF66869653E092D61AEB8536B1D9,2ECB052E,D:\Games\Red Dead Redemption\Code_RED\imports\XENON MULTIPLAYER\content\release64\multiplayer\regions\dm_tum\deathmatch_tum.xsc,12548,0,XSC_SWAPPED_RSC85,85 43 53 52 00 00 00 02 80 00 00 00 80 00 00 07,32-bit word-swapped RSC85 family; not raw-PC-proven by extracted examples,2,0x80000000,0x80000007,0E9AB0D30BC3CE3FE5A10FC95624FAF1FE2CA9A1,FFDD0735,False,False
regions/minigames/liarsdice_sb,D:\Games\Red Dead Redemption\Code_RED\imports\PSN MULTIPLAYER\content\release64\multiplayer\regions\minigames\liarsdice_sb.csc,2666,2,CSC_SWAPPED_RSC86,86 43 53 52 00 00 00 02 80 00 00 00 80 00 00 03,32-bit word-swapped RSC86 family; PSN CSC raw import is not proven by extracted PC examples,2,0x80000000,0x80000003,23C220C282522D356A4C4DD8F66952BD103CB9F5,5987111B,D:\Games\Red Dead Redemption\Code_RED\imports\XENON MULTIPLAYER\content\release64\multiplayer\regions\minigames\liarsdice_sb.xsc,2634,2,XSC_SWAPPED_RSC85,85 43 53 52 00 00 00 02 80 00 00 00 80 00 00 03,32-bit word-swapped RSC85 family; not raw-PC-proven by extracted examples,2,0x80000000,0x80000003,FE5A7EF51CA7B98F5FEE9A26B36981D65A34E5D0,56DC9F77,False,False
regions/minigames/poker_sb,D:\Games\Red Dead Redemption\Code_RED\imports\PSN MULTIPLAYER\content\release64\multiplayer\regions\minigames\poker_sb.csc,2685,1,CSC_SWAPPED_RSC86,86 43 53 52 00 00 00 02 80 00 00 00 80 00 00 03,32-bit word-swapped RSC86 family; PSN CSC raw import is not proven by extracted PC examples,2,0x80000000,0x80000003,4970EC2C4A906B2891B956094424896EDAD9CCFE,8EE8D943,D:\Games\Red Dead Redemption\Code_RED\imports\XENON MULTIPLAYER\content\release64\multiplayer\regions\minigames\poker_sb.xsc,2650,2,XSC_SWAPPED_RSC85,85 43 53 52 00 00 00 02 80 00 00 00 80 00 00 03,32-bit word-swapped RSC85 family; not raw-PC-proven by extracted examples,2,0x80000000,0x80000003,5227AD1C3B584E2B9F55EBAD42BFE0ABAF048A92,8981B399,False,False
spectator/mp_spectatormk2,D:\Games\Red Dead Redemption\Code_RED\imports\PSN MULTIPLAYER\content\release64\multiplayer\spectator\mp_spectatormk2.csc,3660,0,CSC_SWAPPED_RSC86,86 43 53 52 00 00 00 02 80 00 00 00 80 00 00 03,32-bit word-swapped RSC86 family; PSN CSC raw import is not proven by extracted PC examples,2,0x80000000,0x80000003,240B7623CD384625E0DC8824EBC8C41AD1F6C8A5,3455A425,D:\Games\Red Dead Redemption\Code_RED\imports\XENON MULTIPLAYER\content\release64\multiplayer\spectator\mp_spectatormk2.xsc,3618,2,XSC_SWAPPED_RSC85,85 43 53 52 00 00 00 02 80 00 00 00 80 00 00 03,32-bit word-swapped RSC85 family; not raw-PC-proven by extracted examples,2,0x80000000,0x80000003,C962C8EEFAECE5B841D0F08F47168D47E281AB35,8D0929DF,False,False
tutorial/mp_tutorial,D:\Games\Red Dead Redemption\Code_RED\imports\PSN MULTIPLAYER\content\release64\multiplayer\tutorial\mp_tutorial.csc,2854,2,CSC_SWAPPED_RSC86,86 43 53 52 00 00 00 02 80 00 00 00 80 00 00 03,32-bit word-swapped RSC86 family; PSN CSC raw import is not proven by extracted PC examples,2,0x80000000,0x80000003,94C820400D0045106566F2D2E95BB03B882D3628,E9183C87,D:\Games\Red Dead Redemption\Code_RED\imports\XENON MULTIPLAYER\content\release64\multiplayer\tutorial\mp_tutorial.xsc,2804,0,XSC_SWAPPED_RSC85,85 43 53 52 00 00 00 02 80 00 00 00 80 00 00 03,32-bit word-swapped RSC85 family; not raw-PC-proven by extracted examples,2,0x80000000,0x80000003,196860957F75EF27ED6E61C6874DF3895D639DB3,D51B045F,False,False
