source_kind,path,relative_path,scan_mode,line_or_string_index,term,category,excerpt
decoded_ui_scxml,D:\Games\Red Dead Redemption\Code_RED\logs\content_mp_scxml_zstd_probe\decoded\root_content_ui_generalmenus.sc.xml.decoded.xml,root_content_ui_generalmenus.sc.xml.decoded.xml,decoded_text,240,auth.success,auth_or_profile_gate,"<transition event=""auth.success_NoComm"" target=""NetAlert_NoComm"" ></transition>"
decoded_ui_scxml,D:\Games\Red Dead Redemption\Code_RED\logs\content_mp_scxml_zstd_probe\decoded\root_content_ui_net_hudsceneonline.sc.xml.decoded.xml,root_content_ui_net_hudsceneonline.sc.xml.decoded.xml,decoded_text,19,Online,online_route_signal,<!--default online state when nothing is visible-->
decoded_ui_scxml,D:\Games\Red Dead Redemption\Code_RED\logs\content_mp_scxml_zstd_probe\decoded\root_content_ui_net_hudsceneonline.sc.xml.decoded.xml,root_content_ui_net_hudsceneonline.sc.xml.decoded.xml,decoded_text,28,NetMachine,mp_signal,"<onactivate expr=""NetMachine.SendNetModeEvent(PlayerList)""></onactivate>"
decoded_ui_scxml,D:\Games\Red Dead Redemption\Code_RED\logs\content_mp_scxml_zstd_probe\decoded\root_content_ui_pausemenu_lobby_currentgamers.sc.xml.decoded.xml,root_content_ui_pausemenu_lobby_currentgamers.sc.xml.decoded.xml,decoded_text,6,NetMachine,mp_signal,"<onfocused expr=""NetMachine.SendNetModeEvent(NetPlayersList)"" ></onfocused>"
decoded_ui_scxml,D:\Games\Red Dead Redemption\Code_RED\logs\content_mp_scxml_zstd_probe\decoded\root_content_ui_pausemenu_lobby_main.sc.xml.decoded.xml,root_content_ui_pausemenu_lobby_main.sc.xml.decoded.xml,decoded_text,24,NetMachine,mp_signal,"<onactivate expr=""NetMachine.SendNetModeEvent(OL_NetworkingMenu)"" ></onactivate>"
decoded_ui_scxml,D:\Games\Red Dead Redemption\Code_RED\logs\content_mp_scxml_zstd_probe\decoded\root_content_ui_pausemenu_lobby_main.sc.xml.decoded.xml,root_content_ui_pausemenu_lobby_main.sc.xml.decoded.xml,decoded_text,28,NetMachine,mp_signal,"<action expr=""NetMachine.FixupQuickmatchOption()""></action>"
decoded_ui_scxml,D:\Games\Red Dead Redemption\Code_RED\logs\content_mp_scxml_zstd_probe\decoded\root_content_ui_pausemenu_lobby_main.sc.xml.decoded.xml,root_content_ui_pausemenu_lobby_main.sc.xml.decoded.xml,decoded_text,33,NetMachine,mp_signal,"<action expr=""NetMachine.FixupQuickmatchOption()""></action>"
decoded_ui_scxml,D:\Games\Red Dead Redemption\Code_RED\logs\content_mp_scxml_zstd_probe\decoded\root_content_ui_pausemenu_lobby_main.sc.xml.decoded.xml,root_content_ui_pausemenu_lobby_main.sc.xml.decoded.xml,decoded_text,38,NetMachine,mp_signal,"<action expr=""NetMachine.FixupQuickmatchOption()""></action>"
decoded_ui_scxml,D:\Games\Red Dead Redemption\Code_RED\logs\content_mp_scxml_zstd_probe\decoded\root_content_ui_pausemenu_lobby_main.sc.xml.decoded.xml,root_content_ui_pausemenu_lobby_main.sc.xml.decoded.xml,decoded_text,45,MULTI_FREE_ROAM,mp_signal,"<onunfocused expr=""Exit(MULTI_FREE_ROAM)""></onunfocused>"
decoded_ui_scxml,D:\Games\Red Dead Redemption\Code_RED\logs\content_mp_scxml_zstd_probe\decoded\root_content_ui_pausemenu_lobby_main.sc.xml.decoded.xml,root_content_ui_pausemenu_lobby_main.sc.xml.decoded.xml,decoded_text,58,Posse,online_route_signal,"<!-- When the player accepts the option to teleport to the posse leader, we should make the menu disappear-->"
decoded_ui_scxml,D:\Games\Red Dead Redemption\Code_RED\logs\content_mp_scxml_zstd_probe\decoded\root_content_ui_pausemenu_lobby_main.sc.xml.decoded.xml,root_content_ui_pausemenu_lobby_main.sc.xml.decoded.xml,decoded_text,87,MULTI_FREE_ROAM,mp_signal,"<onfocused expr=""OL_PlaylistsMainList.SetCurrentSelectionCB('MULTI_FREE_ROAM',false)"" ></onfocused>"
decoded_ui_scxml,D:\Games\Red Dead Redemption\Code_RED\logs\content_mp_scxml_zstd_probe\decoded\root_content_ui_pausemenu_lobby_main.sc.xml.decoded.xml,root_content_ui_pausemenu_lobby_main.sc.xml.decoded.xml,decoded_text,118,MULTI_FREE_ROAM,mp_signal,"<UIList id=""MULTI_FREE_ROAM"" allowInput=""false"">"
decoded_ui_scxml,D:\Games\Red Dead Redemption\Code_RED\logs\content_mp_scxml_zstd_probe\decoded\root_content_ui_pausemenu_lobby_main.sc.xml.decoded.xml,root_content_ui_pausemenu_lobby_main.sc.xml.decoded.xml,decoded_text,122,MULTI_FREE_ROAM,mp_signal,"<onfocused expr=""SetTextCB(NetGameDetail,'MULTI_FREE_ROAM_detail')""></onfocused>"
decoded_ui_scxml,D:\Games\Red Dead Redemption\Code_RED\logs\content_mp_scxml_zstd_probe\decoded\root_content_ui_pausemenu_lobby_main.sc.xml.decoded.xml,root_content_ui_pausemenu_lobby_main.sc.xml.decoded.xml,decoded_text,125,NetMachine,runtime_load_route,"<action expr=""NetMachine.SetGameWish('MULTI_FREE_ROAM')""></action>"
decoded_ui_scxml,D:\Games\Red Dead Redemption\Code_RED\logs\content_mp_scxml_zstd_probe\decoded\root_content_ui_pausemenu_lobby_main.sc.xml.decoded.xml,root_content_ui_pausemenu_lobby_main.sc.xml.decoded.xml,decoded_text,125,SetGameWish,runtime_load_route,"<action expr=""NetMachine.SetGameWish('MULTI_FREE_ROAM')""></action>"
decoded_ui_scxml,D:\Games\Red Dead Redemption\Code_RED\logs\content_mp_scxml_zstd_probe\decoded\root_content_ui_pausemenu_lobby_main.sc.xml.decoded.xml,root_content_ui_pausemenu_lobby_main.sc.xml.decoded.xml,decoded_text,125,MULTI_FREE_ROAM,runtime_load_route,"<action expr=""NetMachine.SetGameWish('MULTI_FREE_ROAM')""></action>"
decoded_ui_scxml,D:\Games\Red Dead Redemption\Code_RED\logs\content_mp_scxml_zstd_probe\decoded\root_content_ui_pausemenu_lobby_main.sc.xml.decoded.xml,root_content_ui_pausemenu_lobby_main.sc.xml.decoded.xml,decoded_text,126,NetConf_StartGame,runtime_load_route,"<action expr=""goto(NetConf_StartGame)""></action>"
decoded_ui_scxml,D:\Games\Red Dead Redemption\Code_RED\logs\content_mp_scxml_zstd_probe\decoded\root_content_ui_pausemenu_lobby_main.sc.xml.decoded.xml,root_content_ui_pausemenu_lobby_main.sc.xml.decoded.xml,decoded_text,132,NetConf_StartGame,runtime_load_route,"<transition event=""playlist.Unlocked"" target=""NetConf_StartGame""></transition>"
decoded_ui_scxml,D:\Games\Red Dead Redemption\Code_RED\logs\content_mp_scxml_zstd_probe\decoded\root_content_ui_pausemenu_lobby_main.sc.xml.decoded.xml,root_content_ui_pausemenu_lobby_main.sc.xml.decoded.xml,decoded_text,156,NetMachine,online_route_signal,"<action expr=""NetMachine.LeavePosse()"" ></action>"
decoded_ui_scxml,D:\Games\Red Dead Redemption\Code_RED\logs\content_mp_scxml_zstd_probe\decoded\root_content_ui_pausemenu_lobby_main.sc.xml.decoded.xml,root_content_ui_pausemenu_lobby_main.sc.xml.decoded.xml,decoded_text,157,NetMachine,mp_signal,"<action expr=""NetMachine.SendScriptEvent('LaunchAvatarPicker')""></action>"
decoded_ui_scxml,D:\Games\Red Dead Redemption\Code_RED\logs\content_mp_scxml_zstd_probe\decoded\root_content_ui_pausemenu_lobby_main.sc.xml.decoded.xml,root_content_ui_pausemenu_lobby_main.sc.xml.decoded.xml,decoded_text,165,NetConf_StartGame,runtime_load_route,"<onhide expr=""Exit(NetConf_StartGame)""></onhide>"
decoded_ui_scxml,D:\Games\Red Dead Redemption\Code_RED\logs\content_mp_scxml_zstd_probe\decoded\root_content_ui_pausemenu_lobby_main.sc.xml.decoded.xml,root_content_ui_pausemenu_lobby_main.sc.xml.decoded.xml,decoded_text,166,NetConf_StartGame,runtime_load_route,"<UIMessageBox id=""NetConf_StartGame"">"
decoded_ui_scxml,D:\Games\Red Dead Redemption\Code_RED\logs\content_mp_scxml_zstd_probe\decoded\root_content_ui_pausemenu_lobby_main.sc.xml.decoded.xml,root_content_ui_pausemenu_lobby_main.sc.xml.decoded.xml,decoded_text,170,NetMachine,mp_signal,"<onshow expr=""NetMachine.ResetNewGameWarning('')""></onshow>"
decoded_ui_scxml,D:\Games\Red Dead Redemption\Code_RED\logs\content_mp_scxml_zstd_probe\decoded\root_content_ui_pausemenu_lobby_main.sc.xml.decoded.xml,root_content_ui_pausemenu_lobby_main.sc.xml.decoded.xml,decoded_text,173,NetConf_StartGame,runtime_load_route,"<action expr=""Exit(NetConf_StartGame)"" ></action>"
decoded_ui_scxml,D:\Games\Red Dead Redemption\Code_RED\logs\content_mp_scxml_zstd_probe\decoded\root_content_ui_pausemenu_lobby_main.sc.xml.decoded.xml,root_content_ui_pausemenu_lobby_main.sc.xml.decoded.xml,decoded_text,177,NetConf_StartGame,runtime_load_route,"<action expr=""Exit(NetConf_StartGame)""></action>"
decoded_ui_scxml,D:\Games\Red Dead Redemption\Code_RED\logs\content_mp_scxml_zstd_probe\decoded\root_content_ui_pausemenu_lobby_main.sc.xml.decoded.xml,root_content_ui_pausemenu_lobby_main.sc.xml.decoded.xml,decoded_text,181,NetConf_StartGame,runtime_load_route,"<action expr=""Exit(NetConf_StartGame)""></action>"
decoded_ui_scxml,D:\Games\Red Dead Redemption\Code_RED\logs\content_mp_scxml_zstd_probe\decoded\root_content_ui_pausemenu_lobby_main.sc.xml.decoded.xml,root_content_ui_pausemenu_lobby_main.sc.xml.decoded.xml,decoded_text,186,NetMachine,runtime_load_route,"<UIButton text=""Common_Continue"" icon=""{@UI.ACCEPT}"" e_action_released=""NetMachine.StartGameWish()""></UIButton>"
decoded_ui_scxml,D:\Games\Red Dead Redemption\Code_RED\logs\content_mp_scxml_zstd_probe\decoded\root_content_ui_pausemenu_lobby_main.sc.xml.decoded.xml,root_content_ui_pausemenu_lobby_main.sc.xml.decoded.xml,decoded_text,186,StartGameWish,runtime_load_route,"<UIButton text=""Common_Continue"" icon=""{@UI.ACCEPT}"" e_action_released=""NetMachine.StartGameWish()""></UIButton>"
decoded_ui_scxml,D:\Games\Red Dead Redemption\Code_RED\logs\content_mp_scxml_zstd_probe\decoded\root_content_ui_pausemenu_lobby_main.sc.xml.decoded.xml,root_content_ui_pausemenu_lobby_main.sc.xml.decoded.xml,decoded_text,187,NetConf_StartGame,runtime_load_route,"<UIButton text=""Common_Cancel"" icon=""{@UI.CANCEL}"" e_cancel_released=""Exit(NetConf_StartGame)""></UIButton>"
decoded_ui_scxml,D:\Games\Red Dead Redemption\Code_RED\logs\content_mp_scxml_zstd_probe\decoded\root_content_ui_pausemenu_net_lanmenu.sc.xml.decoded.xml,root_content_ui_pausemenu_net_lanmenu.sc.xml.decoded.xml,decoded_text,13,Multiplayer,auth_or_profile_gate,"<action expr=""NetMachine.Authenticate('Online Multiplayer')""></action>"
decoded_ui_scxml,D:\Games\Red Dead Redemption\Code_RED\logs\content_mp_scxml_zstd_probe\decoded\root_content_ui_pausemenu_net_lanmenu.sc.xml.decoded.xml,root_content_ui_pausemenu_net_lanmenu.sc.xml.decoded.xml,decoded_text,13,Online,auth_or_profile_gate,"<action expr=""NetMachine.Authenticate('Online Multiplayer')""></action>"
decoded_ui_scxml,D:\Games\Red Dead Redemption\Code_RED\logs\content_mp_scxml_zstd_probe\decoded\root_content_ui_pausemenu_net_lanmenu.sc.xml.decoded.xml,root_content_ui_pausemenu_net_lanmenu.sc.xml.decoded.xml,decoded_text,13,NetMachine,auth_or_profile_gate,"<action expr=""NetMachine.Authenticate('Online Multiplayer')""></action>"
decoded_ui_scxml,D:\Games\Red Dead Redemption\Code_RED\logs\content_mp_scxml_zstd_probe\decoded\root_content_ui_pausemenu_net_lanmenu.sc.xml.decoded.xml,root_content_ui_pausemenu_net_lanmenu.sc.xml.decoded.xml,decoded_text,13,Authenticate,auth_or_profile_gate,"<action expr=""NetMachine.Authenticate('Online Multiplayer')""></action>"
decoded_ui_scxml,D:\Games\Red Dead Redemption\Code_RED\logs\content_mp_scxml_zstd_probe\decoded\root_content_ui_pausemenu_net_lanmenu.sc.xml.decoded.xml,root_content_ui_pausemenu_net_lanmenu.sc.xml.decoded.xml,decoded_text,19,Multiplayer,auth_or_profile_gate,"<action expr=""NetMachine.Authenticate('Online Multiplayer')""></action>"
decoded_ui_scxml,D:\Games\Red Dead Redemption\Code_RED\logs\content_mp_scxml_zstd_probe\decoded\root_content_ui_pausemenu_net_lanmenu.sc.xml.decoded.xml,root_content_ui_pausemenu_net_lanmenu.sc.xml.decoded.xml,decoded_text,19,Online,auth_or_profile_gate,"<action expr=""NetMachine.Authenticate('Online Multiplayer')""></action>"
decoded_ui_scxml,D:\Games\Red Dead Redemption\Code_RED\logs\content_mp_scxml_zstd_probe\decoded\root_content_ui_pausemenu_net_lanmenu.sc.xml.decoded.xml,root_content_ui_pausemenu_net_lanmenu.sc.xml.decoded.xml,decoded_text,19,NetMachine,auth_or_profile_gate,"<action expr=""NetMachine.Authenticate('Online Multiplayer')""></action>"
decoded_ui_scxml,D:\Games\Red Dead Redemption\Code_RED\logs\content_mp_scxml_zstd_probe\decoded\root_content_ui_pausemenu_net_lanmenu.sc.xml.decoded.xml,root_content_ui_pausemenu_net_lanmenu.sc.xml.decoded.xml,decoded_text,19,Authenticate,auth_or_profile_gate,"<action expr=""NetMachine.Authenticate('Online Multiplayer')""></action>"
decoded_ui_scxml,D:\Games\Red Dead Redemption\Code_RED\logs\content_mp_scxml_zstd_probe\decoded\root_content_ui_pausemenu_net_offlinemenu.sc.xml.decoded.xml,root_content_ui_pausemenu_net_offlinemenu.sc.xml.decoded.xml,decoded_text,35,Multiplayer,auth_or_profile_gate,"<onfocused expr=""NetMachine.Authenticate('Online Multiplayer')""></onfocused>"
decoded_ui_scxml,D:\Games\Red Dead Redemption\Code_RED\logs\content_mp_scxml_zstd_probe\decoded\root_content_ui_pausemenu_net_offlinemenu.sc.xml.decoded.xml,root_content_ui_pausemenu_net_offlinemenu.sc.xml.decoded.xml,decoded_text,35,Online,auth_or_profile_gate,"<onfocused expr=""NetMachine.Authenticate('Online Multiplayer')""></onfocused>"
decoded_ui_scxml,D:\Games\Red Dead Redemption\Code_RED\logs\content_mp_scxml_zstd_probe\decoded\root_content_ui_pausemenu_net_offlinemenu.sc.xml.decoded.xml,root_content_ui_pausemenu_net_offlinemenu.sc.xml.decoded.xml,decoded_text,35,NetMachine,auth_or_profile_gate,"<onfocused expr=""NetMachine.Authenticate('Online Multiplayer')""></onfocused>"
decoded_ui_scxml,D:\Games\Red Dead Redemption\Code_RED\logs\content_mp_scxml_zstd_probe\decoded\root_content_ui_pausemenu_net_offlinemenu.sc.xml.decoded.xml,root_content_ui_pausemenu_net_offlinemenu.sc.xml.decoded.xml,decoded_text,35,Authenticate,auth_or_profile_gate,"<onfocused expr=""NetMachine.Authenticate('Online Multiplayer')""></onfocused>"
decoded_ui_scxml,D:\Games\Red Dead Redemption\Code_RED\logs\content_mp_scxml_zstd_probe\decoded\root_content_ui_pausemenu_net_offlinemenu.sc.xml.decoded.xml,root_content_ui_pausemenu_net_offlinemenu.sc.xml.decoded.xml,decoded_text,36,NetMachine,auth_or_profile_gate,"<transition event=""auth.fail_NotOnline"" target=""NetMachine.ShowSignInUI(true)""></transition>"
decoded_ui_scxml,D:\Games\Red Dead Redemption\Code_RED\logs\content_mp_scxml_zstd_probe\decoded\root_content_ui_pausemenu_net_plaympconf.sc.xml.decoded.xml,root_content_ui_pausemenu_net_plaympconf.sc.xml.decoded.xml,decoded_text,14,NetMachine,mp_signal,"<onshow expr=""NetMachine.ResetNewGameWarning(arg2)""></onshow>"
decoded_ui_scxml,D:\Games\Red Dead Redemption\Code_RED\logs\content_mp_scxml_zstd_probe\decoded\root_content_ui_pausemenu_net_plaympconf.sc.xml.decoded.xml,root_content_ui_pausemenu_net_plaympconf.sc.xml.decoded.xml,decoded_text,32,auth.success,auth_or_profile_gate,"<transition event=""auth.success_NoComm"" target=""NetAlert_NoComm""></transition>"
decoded_ui_scxml,D:\Games\Red Dead Redemption\Code_RED\logs\content_mp_scxml_zstd_probe\decoded\root_content_ui_pausemenu_net_plaympconf.sc.xml.decoded.xml,root_content_ui_pausemenu_net_plaympconf.sc.xml.decoded.xml,decoded_text,41,auth.success,auth_or_profile_gate,"<transition event=""auth.success"" consume=""false"">"
decoded_ui_scxml,D:\Games\Red Dead Redemption\Code_RED\logs\content_mp_scxml_zstd_probe\decoded\root_content_ui_pausemenu_net_plaympconf.sc.xml.decoded.xml,root_content_ui_pausemenu_net_plaympconf.sc.xml.decoded.xml,decoded_text,47,System Link,local_or_menu_route,3.) Changing from System Link to an Online mode in MP
decoded_ui_scxml,D:\Games\Red Dead Redemption\Code_RED\logs\content_mp_scxml_zstd_probe\decoded\root_content_ui_pausemenu_net_plaympconf.sc.xml.decoded.xml,root_content_ui_pausemenu_net_plaympconf.sc.xml.decoded.xml,decoded_text,47,Online,local_or_menu_route,3.) Changing from System Link to an Online mode in MP
decoded_ui_scxml,D:\Games\Red Dead Redemption\Code_RED\logs\content_mp_scxml_zstd_probe\decoded\root_content_ui_pausemenu_net_plaympconf.sc.xml.decoded.xml,root_content_ui_pausemenu_net_plaympconf.sc.xml.decoded.xml,decoded_text,48,Public,online_route_signal,4.) Changine from public to private mode from the game lobby
decoded_ui_scxml,D:\Games\Red Dead Redemption\Code_RED\logs\content_mp_scxml_zstd_probe\decoded\root_content_ui_pausemenu_net_plaympconf.sc.xml.decoded.xml,root_content_ui_pausemenu_net_plaympconf.sc.xml.decoded.xml,decoded_text,48,Private,online_route_signal,4.) Changine from public to private mode from the game lobby
decoded_ui_scxml,D:\Games\Red Dead Redemption\Code_RED\logs\content_mp_scxml_zstd_probe\decoded\root_content_ui_pausemenu_net_plaympconf.sc.xml.decoded.xml,root_content_ui_pausemenu_net_plaympconf.sc.xml.decoded.xml,decoded_text,51,NetMachine,runtime_load_route,"<action expr=""NetMachine.TriggerMultiplayerLoad(arg2)""></action>"
decoded_ui_scxml,D:\Games\Red Dead Redemption\Code_RED\logs\content_mp_scxml_zstd_probe\decoded\root_content_ui_pausemenu_net_plaympconf.sc.xml.decoded.xml,root_content_ui_pausemenu_net_plaympconf.sc.xml.decoded.xml,decoded_text,51,TriggerMultiplayerLoad,runtime_load_route,"<action expr=""NetMachine.TriggerMultiplayerLoad(arg2)""></action>"
decoded_ui_scxml,D:\Games\Red Dead Redemption\Code_RED\logs\content_mp_scxml_zstd_probe\decoded\root_content_ui_pausemenu_net_plaympconf.sc.xml.decoded.xml,root_content_ui_pausemenu_net_plaympconf.sc.xml.decoded.xml,decoded_text,55,NetMachine,auth_or_profile_gate,"<UIButton text=""Common_Yes"" icon=""action"" target=""NetMachine.Authenticate(arg1)""></UIButton>"
decoded_ui_scxml,D:\Games\Red Dead Redemption\Code_RED\logs\content_mp_scxml_zstd_probe\decoded\root_content_ui_pausemenu_net_plaympconf.sc.xml.decoded.xml,root_content_ui_pausemenu_net_plaympconf.sc.xml.decoded.xml,decoded_text,55,Authenticate,auth_or_profile_gate,"<UIButton text=""Common_Yes"" icon=""action"" target=""NetMachine.Authenticate(arg1)""></UIButton>"
decoded_ui_scxml,D:\Games\Red Dead Redemption\Code_RED\logs\content_mp_scxml_zstd_probe\decoded\root_content_ui_pausemenu_net_privatemenu.sc.xml.decoded.xml,root_content_ui_pausemenu_net_privatemenu.sc.xml.decoded.xml,decoded_text,11,NetConf_PlayLAN,local_or_menu_route,"<UIButton text=""mp_fe_goto_lan"" target=""NetConf_PlayLAN""></UIButton>"
decoded_ui_scxml,D:\Games\Red Dead Redemption\Code_RED\logs\content_mp_scxml_zstd_probe\decoded\root_content_ui_pausemenu_net_publicmenu.sc.xml.decoded.xml,root_content_ui_pausemenu_net_publicmenu.sc.xml.decoded.xml,decoded_text,12,NetConf_PlayLAN,local_or_menu_route,"<UIButton text=""mp_fe_goto_lan"" target=""NetConf_PlayLAN""></UIButton>"
decoded_ui_scxml,D:\Games\Red Dead Redemption\Code_RED\logs\content_mp_scxml_zstd_probe\decoded\root_content_ui_pausemenu_netstats_errormsgrecovery.sc.xml.decoded.xml,root_content_ui_pausemenu_netstats_errormsgrecovery.sc.xml.decoded.xml,decoded_text,9,NetMachine,auth_or_profile_gate,"<action expr=""NetMachine.Authenticate('Gamespy')""></action>"
decoded_ui_scxml,D:\Games\Red Dead Redemption\Code_RED\logs\content_mp_scxml_zstd_probe\decoded\root_content_ui_pausemenu_netstats_errormsgrecovery.sc.xml.decoded.xml,root_content_ui_pausemenu_netstats_errormsgrecovery.sc.xml.decoded.xml,decoded_text,9,Authenticate,auth_or_profile_gate,"<action expr=""NetMachine.Authenticate('Gamespy')""></action>"
decoded_ui_scxml,D:\Games\Red Dead Redemption\Code_RED\logs\content_mp_scxml_zstd_probe\decoded\root_content_ui_pausemenu_netstats_errormsgrecovery.sc.xml.decoded.xml,root_content_ui_pausemenu_netstats_errormsgrecovery.sc.xml.decoded.xml,decoded_text,19,Online,auth_or_profile_gate,"<action expr=""NetMachine.Authenticate('Online')""></action>"
decoded_ui_scxml,D:\Games\Red Dead Redemption\Code_RED\logs\content_mp_scxml_zstd_probe\decoded\root_content_ui_pausemenu_netstats_errormsgrecovery.sc.xml.decoded.xml,root_content_ui_pausemenu_netstats_errormsgrecovery.sc.xml.decoded.xml,decoded_text,19,NetMachine,auth_or_profile_gate,"<action expr=""NetMachine.Authenticate('Online')""></action>"
decoded_ui_scxml,D:\Games\Red Dead Redemption\Code_RED\logs\content_mp_scxml_zstd_probe\decoded\root_content_ui_pausemenu_netstats_errormsgrecovery.sc.xml.decoded.xml,root_content_ui_pausemenu_netstats_errormsgrecovery.sc.xml.decoded.xml,decoded_text,19,Authenticate,auth_or_profile_gate,"<action expr=""NetMachine.Authenticate('Online')""></action>"
decoded_ui_scxml,D:\Games\Red Dead Redemption\Code_RED\logs\content_mp_scxml_zstd_probe\decoded\root_content_ui_pausemenu_netstats_main.sc.xml.decoded.xml,root_content_ui_pausemenu_netstats_main.sc.xml.decoded.xml,decoded_text,119,NetMachine,auth_or_profile_gate,"<action expr=""NetMachine.Authenticate('Gamespy')""></action>"
decoded_ui_scxml,D:\Games\Red Dead Redemption\Code_RED\logs\content_mp_scxml_zstd_probe\decoded\root_content_ui_pausemenu_netstats_main.sc.xml.decoded.xml,root_content_ui_pausemenu_netstats_main.sc.xml.decoded.xml,decoded_text,119,Authenticate,auth_or_profile_gate,"<action expr=""NetMachine.Authenticate('Gamespy')""></action>"
decoded_ui_scxml,D:\Games\Red Dead Redemption\Code_RED\logs\content_mp_scxml_zstd_probe\decoded\root_content_ui_pausemenu_netstats_main.sc.xml.decoded.xml,root_content_ui_pausemenu_netstats_main.sc.xml.decoded.xml,decoded_text,123,NetMachine,auth_or_profile_gate,"<action expr=""NetMachine.Authenticate('Gamespy')""></action>"
decoded_ui_scxml,D:\Games\Red Dead Redemption\Code_RED\logs\content_mp_scxml_zstd_probe\decoded\root_content_ui_pausemenu_netstats_main.sc.xml.decoded.xml,root_content_ui_pausemenu_netstats_main.sc.xml.decoded.xml,decoded_text,123,Authenticate,auth_or_profile_gate,"<action expr=""NetMachine.Authenticate('Gamespy')""></action>"
decoded_ui_scxml,D:\Games\Red Dead Redemption\Code_RED\logs\content_mp_scxml_zstd_probe\decoded\root_content_ui_pausemenu_netstats_main.sc.xml.decoded.xml,root_content_ui_pausemenu_netstats_main.sc.xml.decoded.xml,decoded_text,127,NetMachine,auth_or_profile_gate,"<action expr=""NetMachine.Authenticate('Gamespy')""></action>"
decoded_ui_scxml,D:\Games\Red Dead Redemption\Code_RED\logs\content_mp_scxml_zstd_probe\decoded\root_content_ui_pausemenu_netstats_main.sc.xml.decoded.xml,root_content_ui_pausemenu_netstats_main.sc.xml.decoded.xml,decoded_text,127,Authenticate,auth_or_profile_gate,"<action expr=""NetMachine.Authenticate('Gamespy')""></action>"
decoded_ui_scxml,D:\Games\Red Dead Redemption\Code_RED\logs\content_mp_scxml_zstd_probe\decoded\root_content_ui_pausemenu_netstats_main.sc.xml.decoded.xml,root_content_ui_pausemenu_netstats_main.sc.xml.decoded.xml,decoded_text,144,NetMachine,auth_or_profile_gate,"<onshow expr=""NetMachine.ShowSignInUI(true)""></onshow>"
decoded_ui_scxml,D:\Games\Red Dead Redemption\Code_RED\logs\content_mp_scxml_zstd_probe\decoded\root_content_ui_pausemenu_netstats_main.sc.xml.decoded.xml,root_content_ui_pausemenu_netstats_main.sc.xml.decoded.xml,decoded_text,150,NetMachine,auth_or_profile_gate,"<onshow expr=""NetMachine.ShowSignInUI(true)""></onshow>"
decoded_ui_scxml,D:\Games\Red Dead Redemption\Code_RED\logs\content_mp_scxml_zstd_probe\decoded\root_content_ui_pausemenu_netstats_main.sc.xml.decoded.xml,root_content_ui_pausemenu_netstats_main.sc.xml.decoded.xml,decoded_text,175,NetMachine,auth_or_profile_gate,"<action expr=""NetMachine.Authenticate('Gamespy')""></action>"
decoded_ui_scxml,D:\Games\Red Dead Redemption\Code_RED\logs\content_mp_scxml_zstd_probe\decoded\root_content_ui_pausemenu_netstats_main.sc.xml.decoded.xml,root_content_ui_pausemenu_netstats_main.sc.xml.decoded.xml,decoded_text,175,Authenticate,auth_or_profile_gate,"<action expr=""NetMachine.Authenticate('Gamespy')""></action>"
decoded_ui_scxml,D:\Games\Red Dead Redemption\Code_RED\logs\content_mp_scxml_zstd_probe\decoded\root_content_ui_pausemenu_netstats_main.sc.xml.decoded.xml,root_content_ui_pausemenu_netstats_main.sc.xml.decoded.xml,decoded_text,181,Online,auth_or_profile_gate,"<action expr=""NetMachine.Authenticate('Online')""></action>"
decoded_ui_scxml,D:\Games\Red Dead Redemption\Code_RED\logs\content_mp_scxml_zstd_probe\decoded\root_content_ui_pausemenu_netstats_main.sc.xml.decoded.xml,root_content_ui_pausemenu_netstats_main.sc.xml.decoded.xml,decoded_text,181,NetMachine,auth_or_profile_gate,"<action expr=""NetMachine.Authenticate('Online')""></action>"
decoded_ui_scxml,D:\Games\Red Dead Redemption\Code_RED\logs\content_mp_scxml_zstd_probe\decoded\root_content_ui_pausemenu_netstats_main.sc.xml.decoded.xml,root_content_ui_pausemenu_netstats_main.sc.xml.decoded.xml,decoded_text,181,Authenticate,auth_or_profile_gate,"<action expr=""NetMachine.Authenticate('Online')""></action>"
decoded_ui_scxml,D:\Games\Red Dead Redemption\Code_RED\logs\content_mp_scxml_zstd_probe\decoded\root_content_ui_pausemenu_netstats_main.sc.xml.decoded.xml,root_content_ui_pausemenu_netstats_main.sc.xml.decoded.xml,decoded_text,192,auth.success,auth_or_profile_gate,"<transition event=""auth.success"">"
decoded_ui_scxml,D:\Games\Red Dead Redemption\Code_RED\logs\content_mp_scxml_zstd_probe\decoded\root_content_ui_pausemenu_networking.sc.xml.decoded.xml,root_content_ui_pausemenu_networking.sc.xml.decoded.xml,decoded_text,2,NetworkingLayerOffline,visibility_or_offline_signal,"<UILayer id=""NetworkingLayerOffline"" movie=""list"">"
decoded_ui_scxml,D:\Games\Red Dead Redemption\Code_RED\logs\content_mp_scxml_zstd_probe\decoded\root_content_ui_pausemenu_networking.sc.xml.decoded.xml,root_content_ui_pausemenu_networking.sc.xml.decoded.xml,decoded_text,20,NetworkingLayerOffline,visibility_or_offline_signal,"<onfocused expr=""NetMachine.SendNetModeEvent(NetworkingLayerOffline)""></onfocused>"
decoded_ui_scxml,D:\Games\Red Dead Redemption\Code_RED\logs\content_mp_scxml_zstd_probe\decoded\root_content_ui_pausemenu_networking.sc.xml.decoded.xml,root_content_ui_pausemenu_networking.sc.xml.decoded.xml,decoded_text,20,NetMachine,visibility_or_offline_signal,"<onfocused expr=""NetMachine.SendNetModeEvent(NetworkingLayerOffline)""></onfocused>"
decoded_ui_scxml,D:\Games\Red Dead Redemption\Code_RED\logs\content_mp_scxml_zstd_probe\decoded\root_content_ui_pausemenu_networking.sc.xml.decoded.xml,root_content_ui_pausemenu_networking.sc.xml.decoded.xml,decoded_text,74,Online,online_route_signal,<!-- ======================================= ONLINE TABS ================================================= -->
decoded_ui_scxml,D:\Games\Red Dead Redemption\Code_RED\logs\content_mp_scxml_zstd_probe\decoded\root_content_ui_pausemenu_networking.sc.xml.decoded.xml,root_content_ui_pausemenu_networking.sc.xml.decoded.xml,decoded_text,81,auth.success,auth_or_profile_gate,"<transition event=""auth.success"" expr=""SendEvent('loadStart')""></transition>"
decoded_ui_scxml,D:\Games\Red Dead Redemption\Code_RED\logs\content_mp_scxml_zstd_probe\decoded\root_content_ui_pausemenu_networking.sc.xml.decoded.xml,root_content_ui_pausemenu_networking.sc.xml.decoded.xml,decoded_text,94,Multiplayer,auth_or_profile_gate,"<action expr=""NetMachine.Authenticate('Online Multiplayer')""></action>"
decoded_ui_scxml,D:\Games\Red Dead Redemption\Code_RED\logs\content_mp_scxml_zstd_probe\decoded\root_content_ui_pausemenu_networking.sc.xml.decoded.xml,root_content_ui_pausemenu_networking.sc.xml.decoded.xml,decoded_text,94,Online,auth_or_profile_gate,"<action expr=""NetMachine.Authenticate('Online Multiplayer')""></action>"
decoded_ui_scxml,D:\Games\Red Dead Redemption\Code_RED\logs\content_mp_scxml_zstd_probe\decoded\root_content_ui_pausemenu_networking.sc.xml.decoded.xml,root_content_ui_pausemenu_networking.sc.xml.decoded.xml,decoded_text,94,NetMachine,auth_or_profile_gate,"<action expr=""NetMachine.Authenticate('Online Multiplayer')""></action>"
decoded_ui_scxml,D:\Games\Red Dead Redemption\Code_RED\logs\content_mp_scxml_zstd_probe\decoded\root_content_ui_pausemenu_networking.sc.xml.decoded.xml,root_content_ui_pausemenu_networking.sc.xml.decoded.xml,decoded_text,94,Authenticate,auth_or_profile_gate,"<action expr=""NetMachine.Authenticate('Online Multiplayer')""></action>"
decoded_ui_scxml,D:\Games\Red Dead Redemption\Code_RED\logs\content_mp_scxml_zstd_probe\decoded\root_content_ui_pausemenu_networking.sc.xml.decoded.xml,root_content_ui_pausemenu_networking.sc.xml.decoded.xml,decoded_text,101,Multiplayer,auth_or_profile_gate,"<action expr=""NetMachine.Authenticate('Online Multiplayer')""></action>"
decoded_ui_scxml,D:\Games\Red Dead Redemption\Code_RED\logs\content_mp_scxml_zstd_probe\decoded\root_content_ui_pausemenu_networking.sc.xml.decoded.xml,root_content_ui_pausemenu_networking.sc.xml.decoded.xml,decoded_text,101,Online,auth_or_profile_gate,"<action expr=""NetMachine.Authenticate('Online Multiplayer')""></action>"
decoded_ui_scxml,D:\Games\Red Dead Redemption\Code_RED\logs\content_mp_scxml_zstd_probe\decoded\root_content_ui_pausemenu_networking.sc.xml.decoded.xml,root_content_ui_pausemenu_networking.sc.xml.decoded.xml,decoded_text,101,NetMachine,auth_or_profile_gate,"<action expr=""NetMachine.Authenticate('Online Multiplayer')""></action>"
decoded_ui_scxml,D:\Games\Red Dead Redemption\Code_RED\logs\content_mp_scxml_zstd_probe\decoded\root_content_ui_pausemenu_networking.sc.xml.decoded.xml,root_content_ui_pausemenu_networking.sc.xml.decoded.xml,decoded_text,101,Authenticate,auth_or_profile_gate,"<action expr=""NetMachine.Authenticate('Online Multiplayer')""></action>"
decoded_ui_scxml,D:\Games\Red Dead Redemption\Code_RED\logs\content_mp_scxml_zstd_probe\decoded\root_content_ui_pausemenu_networking.sc.xml.decoded.xml,root_content_ui_pausemenu_networking.sc.xml.decoded.xml,decoded_text,122,NetConf_PlayLAN,local_or_menu_route,"<UILabel id=""NetTab_LAN"" desc=""mp_fe_play_lan_tab"" target=""NetConf_PlayLAN"" consume=""false""></UILabel>"
decoded_ui_scxml,D:\Games\Red Dead Redemption\Code_RED\logs\content_mp_scxml_zstd_probe\decoded\root_content_ui_pausemenu_networking.sc.xml.decoded.xml,root_content_ui_pausemenu_networking.sc.xml.decoded.xml,decoded_text,138,offline,visibility_or_offline_signal,<!-- ======================================= OFFLINE TABS ================================================= -->
decoded_ui_scxml,D:\Games\Red Dead Redemption\Code_RED\logs\content_mp_scxml_zstd_probe\decoded\root_content_ui_pausemenu_networking.sc.xml.decoded.xml,root_content_ui_pausemenu_networking.sc.xml.decoded.xml,decoded_text,147,auth.success,auth_or_profile_gate,"<transition event=""auth.success"" expr=""SendEvent('loadStart')""></transition>"
decoded_ui_scxml,D:\Games\Red Dead Redemption\Code_RED\logs\content_mp_scxml_zstd_probe\decoded\root_content_ui_pausemenu_networking.sc.xml.decoded.xml,root_content_ui_pausemenu_networking.sc.xml.decoded.xml,decoded_text,154,Multiplayer,auth_or_profile_gate,"<action expr=""NetMachine.Authenticate('Online Multiplayer')""></action>"
decoded_ui_scxml,D:\Games\Red Dead Redemption\Code_RED\logs\content_mp_scxml_zstd_probe\decoded\root_content_ui_pausemenu_networking.sc.xml.decoded.xml,root_content_ui_pausemenu_networking.sc.xml.decoded.xml,decoded_text,154,Online,auth_or_profile_gate,"<action expr=""NetMachine.Authenticate('Online Multiplayer')""></action>"
decoded_ui_scxml,D:\Games\Red Dead Redemption\Code_RED\logs\content_mp_scxml_zstd_probe\decoded\root_content_ui_pausemenu_networking.sc.xml.decoded.xml,root_content_ui_pausemenu_networking.sc.xml.decoded.xml,decoded_text,154,NetMachine,auth_or_profile_gate,"<action expr=""NetMachine.Authenticate('Online Multiplayer')""></action>"
decoded_ui_scxml,D:\Games\Red Dead Redemption\Code_RED\logs\content_mp_scxml_zstd_probe\decoded\root_content_ui_pausemenu_networking.sc.xml.decoded.xml,root_content_ui_pausemenu_networking.sc.xml.decoded.xml,decoded_text,154,Authenticate,auth_or_profile_gate,"<action expr=""NetMachine.Authenticate('Online Multiplayer')""></action>"
decoded_ui_scxml,D:\Games\Red Dead Redemption\Code_RED\logs\content_mp_scxml_zstd_probe\decoded\root_content_ui_pausemenu_networking.sc.xml.decoded.xml,root_content_ui_pausemenu_networking.sc.xml.decoded.xml,decoded_text,162,Multiplayer,auth_or_profile_gate,"<action expr=""NetMachine.Authenticate('Online Multiplayer')""></action>"
decoded_ui_scxml,D:\Games\Red Dead Redemption\Code_RED\logs\content_mp_scxml_zstd_probe\decoded\root_content_ui_pausemenu_networking.sc.xml.decoded.xml,root_content_ui_pausemenu_networking.sc.xml.decoded.xml,decoded_text,162,Online,auth_or_profile_gate,"<action expr=""NetMachine.Authenticate('Online Multiplayer')""></action>"
decoded_ui_scxml,D:\Games\Red Dead Redemption\Code_RED\logs\content_mp_scxml_zstd_probe\decoded\root_content_ui_pausemenu_networking.sc.xml.decoded.xml,root_content_ui_pausemenu_networking.sc.xml.decoded.xml,decoded_text,162,NetMachine,auth_or_profile_gate,"<action expr=""NetMachine.Authenticate('Online Multiplayer')""></action>"
decoded_ui_scxml,D:\Games\Red Dead Redemption\Code_RED\logs\content_mp_scxml_zstd_probe\decoded\root_content_ui_pausemenu_networking.sc.xml.decoded.xml,root_content_ui_pausemenu_networking.sc.xml.decoded.xml,decoded_text,162,Authenticate,auth_or_profile_gate,"<action expr=""NetMachine.Authenticate('Online Multiplayer')""></action>"
decoded_ui_scxml,D:\Games\Red Dead Redemption\Code_RED\logs\content_mp_scxml_zstd_probe\decoded\root_content_ui_pausemenu_networking.sc.xml.decoded.xml,root_content_ui_pausemenu_networking.sc.xml.decoded.xml,decoded_text,182,NetConf_PlayLAN,local_or_menu_route,"<UILabel desc=""mp_fe_play_lan_tab"" target=""NetConf_PlayLAN"" consume=""false"">"
decoded_ui_scxml,D:\Games\Red Dead Redemption\Code_RED\logs\content_mp_scxml_zstd_probe\decoded\root_content_ui_pausemenu_networking.sc.xml.decoded.xml,root_content_ui_pausemenu_networking.sc.xml.decoded.xml,decoded_text,187,NetMachine,mp_signal,"<onfocused expr=""NetMachine.SendPresenceEvent()""></onfocused>"
decoded_ui_scxml,D:\Games\Red Dead Redemption\Code_RED\logs\content_mp_scxml_zstd_probe\decoded\root_content_ui_pausemenu_networking.sc.xml.decoded.xml,root_content_ui_pausemenu_networking.sc.xml.decoded.xml,decoded_text,210,NetworkingLayerOffline,visibility_or_offline_signal,"<action expr=""Exit(NetworkingLayerOffline)""></action>"
decoded_ui_scxml,D:\Games\Red Dead Redemption\Code_RED\logs\content_mp_scxml_zstd_probe\decoded\root_content_ui_pausemenu_networking.sc.xml.decoded.xml,root_content_ui_pausemenu_networking.sc.xml.decoded.xml,decoded_text,247,NetMachine,auth_or_profile_gate,"<UIButton text=""Common_ChangeProfile"" icon=""{@UI.ACCEPT}"" e_action_released=""NetMachine.ShowSignInUI(true)"" ></UIButton>"
decoded_ui_scxml,D:\Games\Red Dead Redemption\Code_RED\logs\content_mp_scxml_zstd_probe\decoded\root_content_ui_pausemenu_networking.sc.xml.decoded.xml,root_content_ui_pausemenu_networking.sc.xml.decoded.xml,decoded_text,258,NetMachine,auth_or_profile_gate,"<onshow expr=""NetMachine.ShowSignInUI(true)""></onshow>"
decoded_ui_scxml,D:\Games\Red Dead Redemption\Code_RED\logs\content_mp_scxml_zstd_probe\decoded\root_content_ui_pausemenu_networking.sc.xml.decoded.xml,root_content_ui_pausemenu_networking.sc.xml.decoded.xml,decoded_text,293,NetMachine,auth_or_profile_gate,"<onshow expr=""NetMachine.ShowSignInUI(true)""></onshow>"
decoded_ui_scxml,D:\Games\Red Dead Redemption\Code_RED\logs\content_mp_scxml_zstd_probe\decoded\root_content_ui_pausemenu_networking.sc.xml.decoded.xml,root_content_ui_pausemenu_networking.sc.xml.decoded.xml,decoded_text,306,Multiplayer,local_or_menu_route,"<include src=""net/PlayMpConf.sc"" arg=""NetConf_PlayPublic,'Online Multiplayer','Public'""></include>"
decoded_ui_scxml,D:\Games\Red Dead Redemption\Code_RED\logs\content_mp_scxml_zstd_probe\decoded\root_content_ui_pausemenu_networking.sc.xml.decoded.xml,root_content_ui_pausemenu_networking.sc.xml.decoded.xml,decoded_text,306,Online,local_or_menu_route,"<include src=""net/PlayMpConf.sc"" arg=""NetConf_PlayPublic,'Online Multiplayer','Public'""></include>"
decoded_ui_scxml,D:\Games\Red Dead Redemption\Code_RED\logs\content_mp_scxml_zstd_probe\decoded\root_content_ui_pausemenu_networking.sc.xml.decoded.xml,root_content_ui_pausemenu_networking.sc.xml.decoded.xml,decoded_text,306,Public,local_or_menu_route,"<include src=""net/PlayMpConf.sc"" arg=""NetConf_PlayPublic,'Online Multiplayer','Public'""></include>"
decoded_ui_scxml,D:\Games\Red Dead Redemption\Code_RED\logs\content_mp_scxml_zstd_probe\decoded\root_content_ui_pausemenu_networking.sc.xml.decoded.xml,root_content_ui_pausemenu_networking.sc.xml.decoded.xml,decoded_text,310,Multiplayer,local_or_menu_route,"<include src=""net/PlayMpConf.sc"" arg=""NetConf_PlayPrivate,'Online Multiplayer','Private'""></include>"
decoded_ui_scxml,D:\Games\Red Dead Redemption\Code_RED\logs\content_mp_scxml_zstd_probe\decoded\root_content_ui_pausemenu_networking.sc.xml.decoded.xml,root_content_ui_pausemenu_networking.sc.xml.decoded.xml,decoded_text,310,Online,local_or_menu_route,"<include src=""net/PlayMpConf.sc"" arg=""NetConf_PlayPrivate,'Online Multiplayer','Private'""></include>"
decoded_ui_scxml,D:\Games\Red Dead Redemption\Code_RED\logs\content_mp_scxml_zstd_probe\decoded\root_content_ui_pausemenu_networking.sc.xml.decoded.xml,root_content_ui_pausemenu_networking.sc.xml.decoded.xml,decoded_text,310,Private,local_or_menu_route,"<include src=""net/PlayMpConf.sc"" arg=""NetConf_PlayPrivate,'Online Multiplayer','Private'""></include>"
decoded_ui_scxml,D:\Games\Red Dead Redemption\Code_RED\logs\content_mp_scxml_zstd_probe\decoded\root_content_ui_pausemenu_networking.sc.xml.decoded.xml,root_content_ui_pausemenu_networking.sc.xml.decoded.xml,decoded_text,313,NetConf_PlayLAN,local_or_menu_route,"<UIMessageBox id=""NetConf_PlayLAN"">"
decoded_ui_scxml,D:\Games\Red Dead Redemption\Code_RED\logs\content_mp_scxml_zstd_probe\decoded\root_content_ui_pausemenu_networking.sc.xml.decoded.xml,root_content_ui_pausemenu_networking.sc.xml.decoded.xml,decoded_text,315,NetConf_PlayLAN,local_or_menu_route,"<action expr=""Exit(NetConf_PlayLAN)""></action>"
decoded_ui_scxml,D:\Games\Red Dead Redemption\Code_RED\logs\content_mp_scxml_zstd_probe\decoded\root_content_ui_pausemenu_networking.sc.xml.decoded.xml,root_content_ui_pausemenu_networking.sc.xml.decoded.xml,decoded_text,318,Multiplayer,local_or_menu_route,"<include src=""net/PlayMpConf.sc"" arg=""NetConf_PlayLAN,'LAN Multiplayer','LAN'""></include>"
decoded_ui_scxml,D:\Games\Red Dead Redemption\Code_RED\logs\content_mp_scxml_zstd_probe\decoded\root_content_ui_pausemenu_networking.sc.xml.decoded.xml,root_content_ui_pausemenu_networking.sc.xml.decoded.xml,decoded_text,318,LAN,local_or_menu_route,"<include src=""net/PlayMpConf.sc"" arg=""NetConf_PlayLAN,'LAN Multiplayer','LAN'""></include>"
decoded_ui_scxml,D:\Games\Red Dead Redemption\Code_RED\logs\content_mp_scxml_zstd_probe\decoded\root_content_ui_pausemenu_networking.sc.xml.decoded.xml,root_content_ui_pausemenu_networking.sc.xml.decoded.xml,decoded_text,318,NetConf_PlayLAN,local_or_menu_route,"<include src=""net/PlayMpConf.sc"" arg=""NetConf_PlayLAN,'LAN Multiplayer','LAN'""></include>"
decoded_ui_scxml,D:\Games\Red Dead Redemption\Code_RED\logs\content_mp_scxml_zstd_probe\decoded\root_content_ui_pausemenu_options.sc.xml.decoded.xml,root_content_ui_pausemenu_options.sc.xml.decoded.xml,decoded_text,354,Multiplayer,local_or_menu_route,<!-- Multiplayer Blips -->
decoded_ui_scxml,D:\Games\Red Dead Redemption\Code_RED\logs\content_mp_scxml_zstd_probe\decoded\root_content_ui_pausemenu_pausemenuscene.sc.xml.decoded.xml,root_content_ui_pausemenu_pausemenuscene.sc.xml.decoded.xml,decoded_text,127,NetworkingLayerOffline,visibility_or_offline_signal,"<action expr=""Enter(NetworkingLayerOffline)""></action>"
pass1_update_decode_report,D:\Games\Red Dead Redemption\Code_RED\logs\mp_content_restore_pass1\update_script_reference_report.md,update_script_reference_report.md,decoded_text,1,Multiplayer,local_or_menu_route,# PC Update Script Multiplayer Reference Report
pass1_update_decode_report,D:\Games\Red Dead Redemption\Code_RED\logs\mp_content_restore_pass1\update_script_reference_report.md,update_script_reference_report.md,decoded_text,3,Multiplayer,local_or_menu_route,This report compares decoded printable update-thread strings to donor multiplayer script filename/path candidates.
pc_boot_or_menu,D:\Games\Red Dead Redemption\Code_RED\game\content_extracted\ui\boot.sc.xml,ui/boot.sc.xml,decoded_text,19,auth.success,auth_or_profile_gate,"<transition event=""auth.success_NoComm"" target=""AddDelayedEvent('auth.success_NoComm',2.0)"" ></transition>"
pc_boot_or_menu,D:\Games\Red Dead Redemption\Code_RED\game\content_extracted\ui\boot.sc.xml,ui/boot.sc.xml,decoded_text,35,auth.success,auth_or_profile_gate,"<transition event=""auth.success_NoComm"" target=""AddDelayedEvent('auth.success_NoComm',2.0)"" ></transition>"
pc_boot_or_menu,D:\Games\Red Dead Redemption\Code_RED\game\content_extracted\ui\boot.sc.xml,ui/boot.sc.xml,decoded_text,73,Online,online_route_signal,<!--EnterOnlineForInvite takes us directly online so no need for confirmations -->
pc_boot_or_menu,D:\Games\Red Dead Redemption\Code_RED\game\content_extracted\ui\boot.sc.xml,ui/boot.sc.xml,decoded_text,119,Online,auth_or_profile_gate,"<onfocused expr=""NetMachine.Authenticate('Online')""></onfocused>"
pc_boot_or_menu,D:\Games\Red Dead Redemption\Code_RED\game\content_extracted\ui\boot.sc.xml,ui/boot.sc.xml,decoded_text,119,NetMachine,auth_or_profile_gate,"<onfocused expr=""NetMachine.Authenticate('Online')""></onfocused>"
pc_boot_or_menu,D:\Games\Red Dead Redemption\Code_RED\game\content_extracted\ui\boot.sc.xml,ui/boot.sc.xml,decoded_text,119,Authenticate,auth_or_profile_gate,"<onfocused expr=""NetMachine.Authenticate('Online')""></onfocused>"
pc_boot_or_menu,D:\Games\Red Dead Redemption\Code_RED\game\content_extracted\ui\boot.sc.xml,ui/boot.sc.xml,decoded_text,126,auth.success,auth_or_profile_gate,"<transition event=""auth.success"">"
pc_boot_or_menu,D:\Games\Red Dead Redemption\Code_RED\game\content_extracted\ui\boot.sc.xml,ui/boot.sc.xml,decoded_text,143,NetMachine,auth_or_profile_gate,"<onshow expr=""NetMachine.ShowSignInUI(true)""></onshow>"
pc_boot_or_menu,D:\Games\Red Dead Redemption\Code_RED\game\content_extracted\ui\boot.sc.xml,ui/boot.sc.xml,decoded_text,146,Online,auth_or_profile_gate,"<action expr=""NetMachine.Authenticate('Online')""></action>"
pc_boot_or_menu,D:\Games\Red Dead Redemption\Code_RED\game\content_extracted\ui\boot.sc.xml,ui/boot.sc.xml,decoded_text,146,NetMachine,auth_or_profile_gate,"<action expr=""NetMachine.Authenticate('Online')""></action>"
pc_boot_or_menu,D:\Games\Red Dead Redemption\Code_RED\game\content_extracted\ui\boot.sc.xml,ui/boot.sc.xml,decoded_text,146,Authenticate,auth_or_profile_gate,"<action expr=""NetMachine.Authenticate('Online')""></action>"
pc_boot_or_menu,D:\Games\Red Dead Redemption\Code_RED\game\content_extracted\ui\boot.sc.xml,ui/boot.sc.xml,decoded_text,172,NetMachine,auth_or_profile_gate,"<onshow expr=""NetMachine.ShowSignInUI(true)""></onshow>"
pc_boot_or_menu,D:\Games\Red Dead Redemption\Code_RED\game\content_extracted\ui\boot.sc.xml,ui/boot.sc.xml,decoded_text,175,Online,auth_or_profile_gate,"<action expr=""NetMachine.Authenticate('Online')""></action>"
pc_boot_or_menu,D:\Games\Red Dead Redemption\Code_RED\game\content_extracted\ui\boot.sc.xml,ui/boot.sc.xml,decoded_text,175,NetMachine,auth_or_profile_gate,"<action expr=""NetMachine.Authenticate('Online')""></action>"
pc_boot_or_menu,D:\Games\Red Dead Redemption\Code_RED\game\content_extracted\ui\boot.sc.xml,ui/boot.sc.xml,decoded_text,175,Authenticate,auth_or_profile_gate,"<action expr=""NetMachine.Authenticate('Online')""></action>"
pc_boot_or_menu,D:\Games\Red Dead Redemption\Code_RED\game\content_extracted\ui\boot.sc.xml,ui/boot.sc.xml,decoded_text,274,auth.success,auth_or_profile_gate,"<transition event=""auth.success"" target=""SendEvent('net.EnterOnline')""></transition>"
pc_boot_or_menu,D:\Games\Red Dead Redemption\Code_RED\game\content_extracted\ui\boot.sc.xml,ui/boot.sc.xml,decoded_text,290,NetMachine,local_or_menu_route,"<action expr=""NetMachine.SetMultiplayerModeToLaunch('JoinWish')""></action>"
pc_boot_or_menu,D:\Games\Red Dead Redemption\Code_RED\game\content_extracted\ui\boot.sc.xml,ui/boot.sc.xml,decoded_text,309,NetMachine,local_or_menu_route,"<action expr=""NetMachine.SetMultiplayerModeToLaunch('Offline')""></action>"
pc_boot_or_menu,D:\Games\Red Dead Redemption\Code_RED\game\content_extracted\ui\boot.sc.xml,ui/boot.sc.xml,decoded_text,309,offline,local_or_menu_route,"<action expr=""NetMachine.SetMultiplayerModeToLaunch('Offline')""></action>"
pc_boot_or_menu,D:\Games\Red Dead Redemption\Code_RED\game\content_extracted\ui\boot.sc.xml,ui/boot.sc.xml,decoded_text,321,NetMachine,local_or_menu_route,"<action expr=""NetMachine.SetMultiplayerModeToLaunch('Offline')""></action>"
pc_boot_or_menu,D:\Games\Red Dead Redemption\Code_RED\game\content_extracted\ui\boot.sc.xml,ui/boot.sc.xml,decoded_text,321,offline,local_or_menu_route,"<action expr=""NetMachine.SetMultiplayerModeToLaunch('Offline')""></action>"
pc_boot_or_menu,D:\Games\Red Dead Redemption\Code_RED\game\content_extracted\ui\boot.sc.xml,ui/boot.sc.xml,decoded_text,351,NetMachine,local_or_menu_route,"<action expr=""NetMachine.SetMultiplayerModeToLaunch('Offline')""></action>"
pc_boot_or_menu,D:\Games\Red Dead Redemption\Code_RED\game\content_extracted\ui\boot.sc.xml,ui/boot.sc.xml,decoded_text,351,offline,local_or_menu_route,"<action expr=""NetMachine.SetMultiplayerModeToLaunch('Offline')""></action>"
pc_boot_or_menu,D:\Games\Red Dead Redemption\Code_RED\game\content_extracted\ui\boot.sc.xml,ui/boot.sc.xml,decoded_text,367,NetMachine,local_or_menu_route,"<action expr=""NetMachine.SetMultiplayerModeToLaunch('Offline')""></action>"
pc_boot_or_menu,D:\Games\Red Dead Redemption\Code_RED\game\content_extracted\ui\boot.sc.xml,ui/boot.sc.xml,decoded_text,367,offline,local_or_menu_route,"<action expr=""NetMachine.SetMultiplayerModeToLaunch('Offline')""></action>"
pc_boot_or_menu,D:\Games\Red Dead Redemption\Code_RED\game\content_extracted\ui\boot.sc.xml,ui/boot.sc.xml,decoded_text,383,NetMachine,local_or_menu_route,"<action expr=""NetMachine.SetMultiplayerModeToLaunch('Offline')""></action>"
pc_boot_or_menu,D:\Games\Red Dead Redemption\Code_RED\game\content_extracted\ui\boot.sc.xml,ui/boot.sc.xml,decoded_text,383,offline,local_or_menu_route,"<action expr=""NetMachine.SetMultiplayerModeToLaunch('Offline')""></action>"
pc_boot_or_menu,D:\Games\Red Dead Redemption\Code_RED\game\content_extracted\ui\boot.sc.xml,ui/boot.sc.xml,decoded_text,394,Multiplayer,local_or_menu_route,"<UIButton id=""SS_SP_BackPrompt"" text=""Common_Back_Icon"" icon=""{@UI.CANCEL}"" movie=""startscreen"" flashObject=""MultiPlayer"">"
pc_boot_or_menu,D:\Games\Red Dead Redemption\Code_RED\game\content_extracted\ui\boot.sc.xml,ui/boot.sc.xml,decoded_text,489,NetMachine,auth_or_profile_gate,"<onshow expr=""NetMachine.ShowSignInUI(true)""></onshow>"
pc_boot_or_menu,D:\Games\Red Dead Redemption\Code_RED\game\content_extracted\ui\boot.sc.xml,ui/boot.sc.xml,decoded_text,492,Multiplayer,auth_or_profile_gate,"<action expr=""NetMachine.Authenticate('Multiplayer Mode2Launch')""></action>"
pc_boot_or_menu,D:\Games\Red Dead Redemption\Code_RED\game\content_extracted\ui\boot.sc.xml,ui/boot.sc.xml,decoded_text,492,NetMachine,auth_or_profile_gate,"<action expr=""NetMachine.Authenticate('Multiplayer Mode2Launch')""></action>"
pc_boot_or_menu,D:\Games\Red Dead Redemption\Code_RED\game\content_extracted\ui\boot.sc.xml,ui/boot.sc.xml,decoded_text,492,Authenticate,auth_or_profile_gate,"<action expr=""NetMachine.Authenticate('Multiplayer Mode2Launch')""></action>"
pc_boot_or_menu,D:\Games\Red Dead Redemption\Code_RED\game\content_extracted\ui\boot.sc.xml,ui/boot.sc.xml,decoded_text,508,auth.success,auth_or_profile_gate,"<transition event=""auth.success"" target=""Exit(SSAlert_NotSignedIn)""></transition>"
pc_boot_or_menu,D:\Games\Red Dead Redemption\Code_RED\game\content_extracted\ui\boot.sc.xml,ui/boot.sc.xml,decoded_text,516,NetMachine,auth_or_profile_gate,"<UIButton id=""SSAlert_NotSignedIn_SignIn"" e_action_released=""NetMachine.ShowSignInUI(true)"" icon=""{@UI.ACCEPT}"" text=""Common_SignIn""></UIButton>"
pc_boot_or_menu,D:\Games\Red Dead Redemption\Code_RED\game\content_extracted\ui\boot.sc.xml,ui/boot.sc.xml,decoded_text,526,NetMachine,auth_or_profile_gate,"<onshow expr=""NetMachine.ShowSignInUI(true)""></onshow>"
pc_boot_or_menu,D:\Games\Red Dead Redemption\Code_RED\game\content_extracted\ui\boot.sc.xml,ui/boot.sc.xml,decoded_text,529,Multiplayer,auth_or_profile_gate,"<action expr=""NetMachine.Authenticate('Multiplayer Mode2Launch')""></action>"
pc_boot_or_menu,D:\Games\Red Dead Redemption\Code_RED\game\content_extracted\ui\boot.sc.xml,ui/boot.sc.xml,decoded_text,529,NetMachine,auth_or_profile_gate,"<action expr=""NetMachine.Authenticate('Multiplayer Mode2Launch')""></action>"
pc_boot_or_menu,D:\Games\Red Dead Redemption\Code_RED\game\content_extracted\ui\boot.sc.xml,ui/boot.sc.xml,decoded_text,529,Authenticate,auth_or_profile_gate,"<action expr=""NetMachine.Authenticate('Multiplayer Mode2Launch')""></action>"
pc_boot_or_menu,D:\Games\Red Dead Redemption\Code_RED\game\content_extracted\ui\boot.sc.xml,ui/boot.sc.xml,decoded_text,616,Online,auth_or_profile_gate,"<UIButton text=""Common_Yes"" icon=""{@UI.ACCEPT}"" e_action_released=""NetMachine.Authenticate('Online')"" ></UIButton>"
pc_boot_or_menu,D:\Games\Red Dead Redemption\Code_RED\game\content_extracted\ui\boot.sc.xml,ui/boot.sc.xml,decoded_text,616,NetMachine,auth_or_profile_gate,"<UIButton text=""Common_Yes"" icon=""{@UI.ACCEPT}"" e_action_released=""NetMachine.Authenticate('Online')"" ></UIButton>"
pc_boot_or_menu,D:\Games\Red Dead Redemption\Code_RED\game\content_extracted\ui\boot.sc.xml,ui/boot.sc.xml,decoded_text,616,Authenticate,auth_or_profile_gate,"<UIButton text=""Common_Yes"" icon=""{@UI.ACCEPT}"" e_action_released=""NetMachine.Authenticate('Online')"" ></UIButton>"
pc_boot_or_menu,D:\Games\Red Dead Redemption\Code_RED\game\content_extracted\ui\boot.sc.xml,ui/boot.sc.xml,decoded_text,642,auth.success,auth_or_profile_gate,"<transition event=""auth.success"">"
