internal_path,versions_present,sha1_count,status,version_sha1s,version_sizes,extracted_paths,old_match_statuses,matched_terms
0x25584DB6\0xE3D8C737\cinvehicletracking.txt,live_camera|putback_camera,2,different_between_versions,live_camera:d92f8d7bd87eb415f7871f5b5053c548501e0851|putback_camera:c1073f048a945703ca266269e118e615c280c328,live_camera:3560|putback_camera:3567,D:\Games\Red Dead Redemption\game\_CodeRED_Temp_Later_RPF_Extract_20260502\live_camera\0x25584DB6_0xE3D8C737_cinvehicletracking.txt|D:\Games\Red Dead Redemption\game\_CodeRED_Temp_Later_RPF_Extract_20260502\putback_camera\0x25584DB6_0xE3D8C737_cinvehicletracking.txt,leaf_hash_changed|leaf_hash_same,camera;cinvehicle;cutscene;ui;vehicle
0x25584DB6\0xE3D8C737\horserider.txt,live_camera|putback_camera,2,different_between_versions,live_camera:8b40bab9d5c4a4f384cf336966acadac79ee3cb2|putback_camera:3d2b1db477bdf67096b785f696579ce71b50a2b4,live_camera:2304|putback_camera:2306,D:\Games\Red Dead Redemption\game\_CodeRED_Temp_Later_RPF_Extract_20260502\live_camera\0x25584DB6_0xE3D8C737_horserider.txt|D:\Games\Red Dead Redemption\game\_CodeRED_Temp_Later_RPF_Extract_20260502\putback_camera\0x25584DB6_0xE3D8C737_horserider.txt,leaf_hash_changed|leaf_hash_same,camera;cutscene;ui
0xA562A52D\0x22B6CAA7\0x3F87D01A\materials.list,base_old_tune|live_tune|putback_tune,2,different_between_versions,base_old_tune:d9884f99630e261aa4f3dcf77d6eafd14b04c884|live_tune:5fd60249ee1c17f208c931d9c9e9e5781e10dee6|putback_tune:5fd60249ee1c17f208c931d9c9e9e5781e10dee6,base_old_tune:668|live_tune:626|putback_tune:626,D:\Games\Red Dead Redemption\game\_CodeRED_Temp_Later_RPF_Extract_20260502\base_old_tune\0xA562A52D_0x22B6CAA7_0x3F87D01A_materials.list|D:\Games\Red Dead Redemption\game\_CodeRED_Temp_Later_RPF_Extract_20260502\live_tune\0xA562A52D_0x22B6CAA7_0x3F87D01A_materials.list|D:\Games\Red Dead Redemption\game\_CodeRED_Temp_Later_RPF_Extract_20260502\putback_tune\0xA562A52D_0x22B6CAA7_0x3F87D01A_materials.list,leaf_hash_changed,
0xA562A52D\0x22B6CAA7\physics.xml,base_old_tune|live_tune|putback_tune,2,different_between_versions,base_old_tune:d7ed8128bf54d929435a432a7fc0d8b2fc807904|live_tune:2d6025de7f812a7b1d5795ab140b65a1272ee8c0|putback_tune:2d6025de7f812a7b1d5795ab140b65a1272ee8c0,base_old_tune:919|live_tune:923|putback_tune:923,D:\Games\Red Dead Redemption\game\_CodeRED_Temp_Later_RPF_Extract_20260502\base_old_tune\0xA562A52D_0x22B6CAA7_physics.xml|D:\Games\Red Dead Redemption\game\_CodeRED_Temp_Later_RPF_Extract_20260502\live_tune\0xA562A52D_0x22B6CAA7_physics.xml|D:\Games\Red Dead Redemption\game\_CodeRED_Temp_Later_RPF_Extract_20260502\putback_tune\0xA562A52D_0x22B6CAA7_physics.xml,leaf_hash_changed,
0xA562A52D\0x34203459\tumbleweeds.xml,base_old_tune|live_tune|putback_tune,3,different_between_versions,base_old_tune:881fe5d6197468f8b4dea0bed552822ef26f9388|live_tune:979339ac3706fc825c073d40594f00f1f179386f|putback_tune:33bd9890f7530139d631197f4a9ceae159ee5229,base_old_tune:733|live_tune:767|putback_tune:776,D:\Games\Red Dead Redemption\game\_CodeRED_Temp_Later_RPF_Extract_20260502\base_old_tune\0xA562A52D_0x34203459_tumbleweeds.xml|D:\Games\Red Dead Redemption\game\_CodeRED_Temp_Later_RPF_Extract_20260502\live_tune\0xA562A52D_0x34203459_tumbleweeds.xml|D:\Games\Red Dead Redemption\game\_CodeRED_Temp_Later_RPF_Extract_20260502\putback_tune\0xA562A52D_0x34203459_tumbleweeds.xml,leaf_hash_changed|leaf_hash_same,spawn
0xA562A52D\0x54A69840\rain_render.xml,base_old_tune|live_tune|putback_tune,2,different_between_versions,base_old_tune:f32b0ad8fef303c71522e8e9e9cc4fa2daf75e0f|live_tune:8f01c2fe0e64fe2eaaa7537b67b5b6daeeb2c12d|putback_tune:f32b0ad8fef303c71522e8e9e9cc4fa2daf75e0f,base_old_tune:578|live_tune:578|putback_tune:578,D:\Games\Red Dead Redemption\game\_CodeRED_Temp_Later_RPF_Extract_20260502\base_old_tune\0xA562A52D_0x54A69840_rain_render.xml|D:\Games\Red Dead Redemption\game\_CodeRED_Temp_Later_RPF_Extract_20260502\live_tune\0xA562A52D_0x54A69840_rain_render.xml|D:\Games\Red Dead Redemption\game\_CodeRED_Temp_Later_RPF_Extract_20260502\putback_tune\0xA562A52D_0x54A69840_rain_render.xml,leaf_hash_changed|leaf_hash_same,
0xA562A52D\0x5791780F\treetypesettings.xml,base_old_tune|live_tune|putback_tune,2,different_between_versions,base_old_tune:0088c3bb365471d9819d9d505606b8b433ef5867|live_tune:0088c3bb365471d9819d9d505606b8b433ef5867|putback_tune:f703b276be20db7f35e4842732e0da67b4d7c31c,base_old_tune:161165|live_tune:161165|putback_tune:161261,D:\Games\Red Dead Redemption\game\_CodeRED_Temp_Later_RPF_Extract_20260502\base_old_tune\0xA562A52D_0x5791780F_treetypesettings.xml|D:\Games\Red Dead Redemption\game\_CodeRED_Temp_Later_RPF_Extract_20260502\live_tune\0xA562A52D_0x5791780F_treetypesettings.xml|D:\Games\Red Dead Redemption\game\_CodeRED_Temp_Later_RPF_Extract_20260502\putback_tune\0xA562A52D_0x5791780F_treetypesettings.xml,leaf_hash_changed|leaf_hash_same,law;ui
0xA562A52D\0x6536F8C2\environment.xml,base_old_tune|live_tune|putback_tune,2,different_between_versions,base_old_tune:4a6bbb79821492113e2c2e5a75bf7c32ad24d920|live_tune:26f5c2ab7c4acb38ac7c1f0e575ab58141368614|putback_tune:4a6bbb79821492113e2c2e5a75bf7c32ad24d920,base_old_tune:140|live_tune:146|putback_tune:140,D:\Games\Red Dead Redemption\game\_CodeRED_Temp_Later_RPF_Extract_20260502\base_old_tune\0xA562A52D_0x6536F8C2_environment.xml|D:\Games\Red Dead Redemption\game\_CodeRED_Temp_Later_RPF_Extract_20260502\live_tune\0xA562A52D_0x6536F8C2_environment.xml|D:\Games\Red Dead Redemption\game\_CodeRED_Temp_Later_RPF_Extract_20260502\putback_tune\0xA562A52D_0x6536F8C2_environment.xml,leaf_hash_changed|leaf_hash_same,
0xA562A52D\0x6536F8C2\moon.xml,base_old_tune|live_tune|putback_tune,2,different_between_versions,base_old_tune:835a0cd8e3baff02069f4cd2e4809b8b9787317b|live_tune:835a0cd8e3baff02069f4cd2e4809b8b9787317b|putback_tune:daa79475124c8555024112e1cee94506d6d5c5a2,base_old_tune:445|live_tune:445|putback_tune:473,D:\Games\Red Dead Redemption\game\_CodeRED_Temp_Later_RPF_Extract_20260502\base_old_tune\0xA562A52D_0x6536F8C2_moon.xml|D:\Games\Red Dead Redemption\game\_CodeRED_Temp_Later_RPF_Extract_20260502\live_tune\0xA562A52D_0x6536F8C2_moon.xml|D:\Games\Red Dead Redemption\game\_CodeRED_Temp_Later_RPF_Extract_20260502\putback_tune\0xA562A52D_0x6536F8C2_moon.xml,leaf_hash_changed,
0xA562A52D\0x6F0783F5\hrssimtune.xml,base_old_tune|live_tune|putback_tune,2,different_between_versions,base_old_tune:2f3dc506b419f91b8a3a7e08d0ef5d2a1caf48da|live_tune:7c21625d3dfab4570f42e1ac9d0944106cf2f6eb|putback_tune:7c21625d3dfab4570f42e1ac9d0944106cf2f6eb,base_old_tune:277160|live_tune:278010|putback_tune:278010,D:\Games\Red Dead Redemption\game\_CodeRED_Temp_Later_RPF_Extract_20260502\base_old_tune\0xA562A52D_0x6F0783F5_hrssimtune.xml|D:\Games\Red Dead Redemption\game\_CodeRED_Temp_Later_RPF_Extract_20260502\live_tune\0xA562A52D_0x6F0783F5_hrssimtune.xml|D:\Games\Red Dead Redemption\game\_CodeRED_Temp_Later_RPF_Extract_20260502\putback_tune\0xA562A52D_0x6F0783F5_hrssimtune.xml,leaf_hash_changed,ui;wagon
0xA562A52D\0x6F0783F5\input_boat.xml,base_old_tune|live_tune|putback_tune,2,different_between_versions,base_old_tune:423272f17de87181d8c26da0ce359fd410bc770b|live_tune:12cff2e56926cde9e869ae8b74ddc9d42262b7bc|putback_tune:12cff2e56926cde9e869ae8b74ddc9d42262b7bc,base_old_tune:1509|live_tune:2026|putback_tune:2026,D:\Games\Red Dead Redemption\game\_CodeRED_Temp_Later_RPF_Extract_20260502\base_old_tune\0xA562A52D_0x6F0783F5_input_boat.xml|D:\Games\Red Dead Redemption\game\_CodeRED_Temp_Later_RPF_Extract_20260502\live_tune\0xA562A52D_0x6F0783F5_input_boat.xml|D:\Games\Red Dead Redemption\game\_CodeRED_Temp_Later_RPF_Extract_20260502\putback_tune\0xA562A52D_0x6F0783F5_input_boat.xml,leaf_hash_changed,menu;nav;ui
0xA562A52D\0x6F0783F5\input_car.xml,base_old_tune|live_tune|putback_tune,2,different_between_versions,base_old_tune:05010460b3c05a3b3fd5f9180beda1ccffce98b1|live_tune:5e8cfab37f220d59c857e20a07194194999f9b6c|putback_tune:5e8cfab37f220d59c857e20a07194194999f9b6c,base_old_tune:2495|live_tune:1869|putback_tune:1869,D:\Games\Red Dead Redemption\game\_CodeRED_Temp_Later_RPF_Extract_20260502\base_old_tune\0xA562A52D_0x6F0783F5_input_car.xml|D:\Games\Red Dead Redemption\game\_CodeRED_Temp_Later_RPF_Extract_20260502\live_tune\0xA562A52D_0x6F0783F5_input_car.xml|D:\Games\Red Dead Redemption\game\_CodeRED_Temp_Later_RPF_Extract_20260502\putback_tune\0xA562A52D_0x6F0783F5_input_car.xml,leaf_hash_changed,camera;menu;ui
0xA562A52D\0x6F0783F5\input_train.xml,base_old_tune|live_tune|putback_tune,3,different_between_versions,base_old_tune:e2ae6f6ccb6a892dfd7dee9883db20c4e37b6426|live_tune:9290f8398dcaf68802fc87d924db8d8f1fc17684|putback_tune:79bbf8343dce9a2652663cae09cf6823b505c19b,base_old_tune:1236|live_tune:1871|putback_tune:2159,D:\Games\Red Dead Redemption\game\_CodeRED_Temp_Later_RPF_Extract_20260502\base_old_tune\0xA562A52D_0x6F0783F5_input_train.xml|D:\Games\Red Dead Redemption\game\_CodeRED_Temp_Later_RPF_Extract_20260502\live_tune\0xA562A52D_0x6F0783F5_input_train.xml|D:\Games\Red Dead Redemption\game\_CodeRED_Temp_Later_RPF_Extract_20260502\putback_tune\0xA562A52D_0x6F0783F5_input_train.xml,leaf_hash_changed,menu;ui
0xA562A52D\0xA4FEB6F7\0x803E392C\base_dualpistol.weap,base_old_tune|live_tune|putback_tune,2,different_between_versions,base_old_tune:61860c16d4de0275822b06783bde97b7f0af5d42|live_tune:6cc25842ac9ab9738a6344d3f85832c708594334|putback_tune:61860c16d4de0275822b06783bde97b7f0af5d42,base_old_tune:7488|live_tune:10886|putback_tune:7488,D:\Games\Red Dead Redemption\game\_CodeRED_Temp_Later_RPF_Extract_20260502\base_old_tune\0xA562A52D_0xA4FEB6F7_0x803E392C_base_dualpistol.weap|D:\Games\Red Dead Redemption\game\_CodeRED_Temp_Later_RPF_Extract_20260502\live_tune\0xA562A52D_0xA4FEB6F7_0x803E392C_base_dualpistol.weap|D:\Games\Red Dead Redemption\game\_CodeRED_Temp_Later_RPF_Extract_20260502\putback_tune\0xA562A52D_0xA4FEB6F7_0x803E392C_base_dualpistol.weap,leaf_hash_changed,camera;gringo;ui;vehicle
0xA562A52D\0xA4FEB6F7\0x803E392C\base_lasso.weap,base_old_tune|live_tune|putback_tune,2,different_between_versions,base_old_tune:0eb539a68391dcfa77f243ad4f042232a4e12979|live_tune:0eb539a68391dcfa77f243ad4f042232a4e12979|putback_tune:deabbe7f18ff19a252d2b94026824e0b0696c015,base_old_tune:4004|live_tune:4004|putback_tune:4127,D:\Games\Red Dead Redemption\game\_CodeRED_Temp_Later_RPF_Extract_20260502\base_old_tune\0xA562A52D_0xA4FEB6F7_0x803E392C_base_lasso.weap|D:\Games\Red Dead Redemption\game\_CodeRED_Temp_Later_RPF_Extract_20260502\live_tune\0xA562A52D_0xA4FEB6F7_0x803E392C_base_lasso.weap|D:\Games\Red Dead Redemption\game\_CodeRED_Temp_Later_RPF_Extract_20260502\putback_tune\0xA562A52D_0xA4FEB6F7_0x803E392C_base_lasso.weap,leaf_hash_changed|leaf_hash_same,camera;gringo;ui;vehicle
0xA562A52D\0xA4FEB6F7\0x803E392C\base_maxim.weap,base_old_tune|live_tune|putback_tune,2,different_between_versions,base_old_tune:42c984bfaa49d0c06ea555b9bb965f93f42aa7e9|live_tune:575cf17cb97a8a46c6b5374f9ea06b4681f59387|putback_tune:42c984bfaa49d0c06ea555b9bb965f93f42aa7e9,base_old_tune:8365|live_tune:12335|putback_tune:8365,D:\Games\Red Dead Redemption\game\_CodeRED_Temp_Later_RPF_Extract_20260502\base_old_tune\0xA562A52D_0xA4FEB6F7_0x803E392C_base_maxim.weap|D:\Games\Red Dead Redemption\game\_CodeRED_Temp_Later_RPF_Extract_20260502\live_tune\0xA562A52D_0xA4FEB6F7_0x803E392C_base_maxim.weap|D:\Games\Red Dead Redemption\game\_CodeRED_Temp_Later_RPF_Extract_20260502\putback_tune\0xA562A52D_0xA4FEB6F7_0x803E392C_base_maxim.weap,leaf_hash_changed|leaf_hash_same,camera;gringo;ui;vehicle
0xA562A52D\0xA4FEB6F7\0x803E392C\base_melee.weap,base_old_tune|live_tune|putback_tune,2,different_between_versions,base_old_tune:34a0aac78640fc7e623cdcabb327476e91a15f28|live_tune:d7944346083accd91bf8e9cbb4926ff26d421020|putback_tune:34a0aac78640fc7e623cdcabb327476e91a15f28,base_old_tune:4030|live_tune:4030|putback_tune:4030,D:\Games\Red Dead Redemption\game\_CodeRED_Temp_Later_RPF_Extract_20260502\base_old_tune\0xA562A52D_0xA4FEB6F7_0x803E392C_base_melee.weap|D:\Games\Red Dead Redemption\game\_CodeRED_Temp_Later_RPF_Extract_20260502\live_tune\0xA562A52D_0xA4FEB6F7_0x803E392C_base_melee.weap|D:\Games\Red Dead Redemption\game\_CodeRED_Temp_Later_RPF_Extract_20260502\putback_tune\0xA562A52D_0xA4FEB6F7_0x803E392C_base_melee.weap,leaf_hash_changed|leaf_hash_same,camera;gringo;vehicle
0xA562A52D\0xA4FEB6F7\0x803E392C\base_pistol.weap,base_old_tune|live_tune|putback_tune,2,different_between_versions,base_old_tune:d59cb153bacbf4d0d6c24ab09bbba32b413480b7|live_tune:bee3ca0efcb2ce76ec81eb838ed3465b210adc02|putback_tune:d59cb153bacbf4d0d6c24ab09bbba32b413480b7,base_old_tune:8337|live_tune:10883|putback_tune:8337,D:\Games\Red Dead Redemption\game\_CodeRED_Temp_Later_RPF_Extract_20260502\base_old_tune\0xA562A52D_0xA4FEB6F7_0x803E392C_base_pistol.weap|D:\Games\Red Dead Redemption\game\_CodeRED_Temp_Later_RPF_Extract_20260502\live_tune\0xA562A52D_0xA4FEB6F7_0x803E392C_base_pistol.weap|D:\Games\Red Dead Redemption\game\_CodeRED_Temp_Later_RPF_Extract_20260502\putback_tune\0xA562A52D_0xA4FEB6F7_0x803E392C_base_pistol.weap,leaf_hash_changed,camera;gringo;ui;vehicle
0xA562A52D\0xA4FEB6F7\0x803E392C\base_repeater.weap,base_old_tune|live_tune|putback_tune,2,different_between_versions,base_old_tune:b48c68a250df5e5c1013368d5219abf46e27bb2b|live_tune:60236897e47ec20f9c9df3c7787882dc4d49599b|putback_tune:b48c68a250df5e5c1013368d5219abf46e27bb2b,base_old_tune:8405|live_tune:8376|putback_tune:8405,D:\Games\Red Dead Redemption\game\_CodeRED_Temp_Later_RPF_Extract_20260502\base_old_tune\0xA562A52D_0xA4FEB6F7_0x803E392C_base_repeater.weap|D:\Games\Red Dead Redemption\game\_CodeRED_Temp_Later_RPF_Extract_20260502\live_tune\0xA562A52D_0xA4FEB6F7_0x803E392C_base_repeater.weap|D:\Games\Red Dead Redemption\game\_CodeRED_Temp_Later_RPF_Extract_20260502\putback_tune\0xA562A52D_0xA4FEB6F7_0x803E392C_base_repeater.weap,leaf_hash_changed,camera;gringo;ui;vehicle
0xA562A52D\0xA4FEB6F7\0x803E392C\base_rifle.weap,base_old_tune|live_tune|putback_tune,2,different_between_versions,base_old_tune:d616537e03e98ea31e316d834e1cf8638dab3f15|live_tune:6708bacf2b17286f2036b60393ae66c4e0bfd144|putback_tune:d616537e03e98ea31e316d834e1cf8638dab3f15,base_old_tune:8413|live_tune:8438|putback_tune:8413,D:\Games\Red Dead Redemption\game\_CodeRED_Temp_Later_RPF_Extract_20260502\base_old_tune\0xA562A52D_0xA4FEB6F7_0x803E392C_base_rifle.weap|D:\Games\Red Dead Redemption\game\_CodeRED_Temp_Later_RPF_Extract_20260502\live_tune\0xA562A52D_0xA4FEB6F7_0x803E392C_base_rifle.weap|D:\Games\Red Dead Redemption\game\_CodeRED_Temp_Later_RPF_Extract_20260502\putback_tune\0xA562A52D_0xA4FEB6F7_0x803E392C_base_rifle.weap,leaf_hash_changed|leaf_hash_same,camera;gringo;ui;vehicle
0xA562A52D\0xA4FEB6F7\0x803E392C\base_shotgun.weap,base_old_tune|live_tune|putback_tune,2,different_between_versions,base_old_tune:988322a5be627dd4de25b475e6bcc686a47b2d16|live_tune:30349a227cc3fd27ab9feb29daaed2c40d10daac|putback_tune:988322a5be627dd4de25b475e6bcc686a47b2d16,base_old_tune:8272|live_tune:7802|putback_tune:8272,D:\Games\Red Dead Redemption\game\_CodeRED_Temp_Later_RPF_Extract_20260502\base_old_tune\0xA562A52D_0xA4FEB6F7_0x803E392C_base_shotgun.weap|D:\Games\Red Dead Redemption\game\_CodeRED_Temp_Later_RPF_Extract_20260502\live_tune\0xA562A52D_0xA4FEB6F7_0x803E392C_base_shotgun.weap|D:\Games\Red Dead Redemption\game\_CodeRED_Temp_Later_RPF_Extract_20260502\putback_tune\0xA562A52D_0xA4FEB6F7_0x803E392C_base_shotgun.weap,leaf_hash_changed,camera;gringo;ui;vehicle
0xA562A52D\0xA4FEB6F7\0x803E392C\base_sniperrifle.weap,base_old_tune|live_tune|putback_tune,3,different_between_versions,base_old_tune:5a979a704ab27ed1d2ae74a992772c622ff8278a|live_tune:0be6df8d1a59b99a9276212973c7805ea32f4193|putback_tune:ea9e713b9f6d6080fe29b2b961b204a3c03429d6,base_old_tune:8437|live_tune:7836|putback_tune:8427,D:\Games\Red Dead Redemption\game\_CodeRED_Temp_Later_RPF_Extract_20260502\base_old_tune\0xA562A52D_0xA4FEB6F7_0x803E392C_base_sniperrifle.weap|D:\Games\Red Dead Redemption\game\_CodeRED_Temp_Later_RPF_Extract_20260502\live_tune\0xA562A52D_0xA4FEB6F7_0x803E392C_base_sniperrifle.weap|D:\Games\Red Dead Redemption\game\_CodeRED_Temp_Later_RPF_Extract_20260502\putback_tune\0xA562A52D_0xA4FEB6F7_0x803E392C_base_sniperrifle.weap,leaf_hash_changed|leaf_hash_same,camera;gringo;ui;vehicle
0xA562A52D\0xA4FEB6F7\0x803E392C\base_thrown.weap,base_old_tune|live_tune|putback_tune,2,different_between_versions,base_old_tune:15fbcf07f458183e28d250e185793b2e99ff986f|live_tune:ceac607a728f239769230676181646ec39ced933|putback_tune:15fbcf07f458183e28d250e185793b2e99ff986f,base_old_tune:5372|live_tune:6630|putback_tune:5372,D:\Games\Red Dead Redemption\game\_CodeRED_Temp_Later_RPF_Extract_20260502\base_old_tune\0xA562A52D_0xA4FEB6F7_0x803E392C_base_thrown.weap|D:\Games\Red Dead Redemption\game\_CodeRED_Temp_Later_RPF_Extract_20260502\live_tune\0xA562A52D_0xA4FEB6F7_0x803E392C_base_thrown.weap|D:\Games\Red Dead Redemption\game\_CodeRED_Temp_Later_RPF_Extract_20260502\putback_tune\0xA562A52D_0xA4FEB6F7_0x803E392C_base_thrown.weap,leaf_hash_changed,camera;gringo;ui;vehicle
0xA562A52D\0xA4FEB6F7\0x803E392C\base_thrown_exploding.weap,base_old_tune|live_tune|putback_tune,2,different_between_versions,base_old_tune:e9c157a86598e16d10f6727a7212cd8ecad349ea|live_tune:0d3f44af91d079cf6ae4eb129958769ce258b779|putback_tune:e9c157a86598e16d10f6727a7212cd8ecad349ea,base_old_tune:5681|live_tune:7184|putback_tune:5681,D:\Games\Red Dead Redemption\game\_CodeRED_Temp_Later_RPF_Extract_20260502\base_old_tune\0xA562A52D_0xA4FEB6F7_0x803E392C_base_thrown_exploding.weap|D:\Games\Red Dead Redemption\game\_CodeRED_Temp_Later_RPF_Extract_20260502\live_tune\0xA562A52D_0xA4FEB6F7_0x803E392C_base_thrown_exploding.weap|D:\Games\Red Dead Redemption\game\_CodeRED_Temp_Later_RPF_Extract_20260502\putback_tune\0xA562A52D_0xA4FEB6F7_0x803E392C_base_thrown_exploding.weap,leaf_hash_changed,camera;gringo;ui;vehicle
0xA562A52D\0xA4FEB6F7\0x803E392C\base_turret.weap,base_old_tune|live_tune|putback_tune,2,different_between_versions,base_old_tune:1c54df0f4a0e4e627917ca59bc7dc76eeb3dc299|live_tune:f9776d44d46e5e22e9033168b1c750ccd86b0e4c|putback_tune:1c54df0f4a0e4e627917ca59bc7dc76eeb3dc299,base_old_tune:8378|live_tune:8292|putback_tune:8378,D:\Games\Red Dead Redemption\game\_CodeRED_Temp_Later_RPF_Extract_20260502\base_old_tune\0xA562A52D_0xA4FEB6F7_0x803E392C_base_turret.weap|D:\Games\Red Dead Redemption\game\_CodeRED_Temp_Later_RPF_Extract_20260502\live_tune\0xA562A52D_0xA4FEB6F7_0x803E392C_base_turret.weap|D:\Games\Red Dead Redemption\game\_CodeRED_Temp_Later_RPF_Extract_20260502\putback_tune\0xA562A52D_0xA4FEB6F7_0x803E392C_base_turret.weap,leaf_hash_changed,camera;gringo;ui;vehicle
0xA562A52D\0xA4FEB6F7\huddata.xml,base_old_tune|live_tune|putback_tune,2,different_between_versions,base_old_tune:7e0c0e379d46a7ed91a47a6b25fcbea6a552c29d|live_tune:825c27ae17bcf0920dcdd6d367a4034c2e386d71|putback_tune:825c27ae17bcf0920dcdd6d367a4034c2e386d71,base_old_tune:6145|live_tune:6961|putback_tune:6961,D:\Games\Red Dead Redemption\game\_CodeRED_Temp_Later_RPF_Extract_20260502\base_old_tune\0xA562A52D_0xA4FEB6F7_huddata.xml|D:\Games\Red Dead Redemption\game\_CodeRED_Temp_Later_RPF_Extract_20260502\live_tune\0xA562A52D_0xA4FEB6F7_huddata.xml|D:\Games\Red Dead Redemption\game\_CodeRED_Temp_Later_RPF_Extract_20260502\putback_tune\0xA562A52D_0xA4FEB6F7_huddata.xml,leaf_hash_changed,menu;multiplayer;nav;string
0xA562A52D\0xA4FEB6F7\lasso.tune,base_old_tune|live_tune|putback_tune,2,different_between_versions,base_old_tune:725bfe5fa653149791592d7be3e58c91ed36823e|live_tune:a33bcc670bbc8abb64c57d1ab99a2989bf07f521|putback_tune:a33bcc670bbc8abb64c57d1ab99a2989bf07f521,base_old_tune:2128|live_tune:2170|putback_tune:2170,D:\Games\Red Dead Redemption\game\_CodeRED_Temp_Later_RPF_Extract_20260502\base_old_tune\0xA562A52D_0xA4FEB6F7_lasso.tune|D:\Games\Red Dead Redemption\game\_CodeRED_Temp_Later_RPF_Extract_20260502\live_tune\0xA562A52D_0xA4FEB6F7_lasso.tune|D:\Games\Red Dead Redemption\game\_CodeRED_Temp_Later_RPF_Extract_20260502\putback_tune\0xA562A52D_0xA4FEB6F7_lasso.tune,leaf_hash_changed|leaf_hash_same,
0xA562A52D\0xA4FEB6F7\smictofragmap.txt,base_old_tune|live_tune|putback_tune,2,different_between_versions,base_old_tune:9dc1396188d421b750709f63b7a572b54103beb9|live_tune:9dc1396188d421b750709f63b7a572b54103beb9|putback_tune:d76c7a1fe4b3ecca47e951233688c111b48acfc0,base_old_tune:87087|live_tune:87087|putback_tune:87212,D:\Games\Red Dead Redemption\game\_CodeRED_Temp_Later_RPF_Extract_20260502\base_old_tune\0xA562A52D_0xA4FEB6F7_smictofragmap.txt|D:\Games\Red Dead Redemption\game\_CodeRED_Temp_Later_RPF_Extract_20260502\live_tune\0xA562A52D_0xA4FEB6F7_smictofragmap.txt|D:\Games\Red Dead Redemption\game\_CodeRED_Temp_Later_RPF_Extract_20260502\putback_tune\0xA562A52D_0xA4FEB6F7_smictofragmap.txt,leaf_hash_changed,gringo;law;stagecoach;ui;wagon
0xA562A52D\0xA4FEB6F7\targettuning.xml,base_old_tune|live_tune|putback_tune,2,different_between_versions,base_old_tune:da2a48a4e4124f0fdc61e174cbf9bc102ad3b6f6|live_tune:ef4d0f270feedc59128f480769a6b29bc0954bb9|putback_tune:ef4d0f270feedc59128f480769a6b29bc0954bb9,base_old_tune:739|live_tune:738|putback_tune:738,D:\Games\Red Dead Redemption\game\_CodeRED_Temp_Later_RPF_Extract_20260502\base_old_tune\0xA562A52D_0xA4FEB6F7_targettuning.xml|D:\Games\Red Dead Redemption\game\_CodeRED_Temp_Later_RPF_Extract_20260502\live_tune\0xA562A52D_0xA4FEB6F7_targettuning.xml|D:\Games\Red Dead Redemption\game\_CodeRED_Temp_Later_RPF_Extract_20260502\putback_tune\0xA562A52D_0xA4FEB6F7_targettuning.xml,leaf_hash_changed|leaf_hash_same,ui
0xA562A52D\0xA4FEB6F7\weatherspheres.xml,base_old_tune|live_tune|putback_tune,2,different_between_versions,base_old_tune:bb725a346a1edc4f6954b2a57771bce9e94d458d|live_tune:41ac215374b1ef22adf18d98ada69059fe67c0a1|putback_tune:bb725a346a1edc4f6954b2a57771bce9e94d458d,base_old_tune:7890|live_tune:32878|putback_tune:7890,D:\Games\Red Dead Redemption\game\_CodeRED_Temp_Later_RPF_Extract_20260502\base_old_tune\0xA562A52D_0xA4FEB6F7_weatherspheres.xml|D:\Games\Red Dead Redemption\game\_CodeRED_Temp_Later_RPF_Extract_20260502\live_tune\0xA562A52D_0xA4FEB6F7_weatherspheres.xml|D:\Games\Red Dead Redemption\game\_CodeRED_Temp_Later_RPF_Extract_20260502\putback_tune\0xA562A52D_0xA4FEB6F7_weatherspheres.xml,leaf_hash_changed|leaf_hash_same,
0xA562A52D\0xABD6FBF8\gent.xml,base_old_tune|live_tune|putback_tune,3,different_between_versions,base_old_tune:0d938c81858795900d56b87ff118cd66bca1e8cf|live_tune:33ffde39564772de30d2c570b2083bdb89dd2aa1|putback_tune:4af64c276f97c81ef7764cb2f7e44ba132e5a6dd,base_old_tune:13299|live_tune:17452|putback_tune:13428,D:\Games\Red Dead Redemption\game\_CodeRED_Temp_Later_RPF_Extract_20260502\base_old_tune\0xA562A52D_0xABD6FBF8_gent.xml|D:\Games\Red Dead Redemption\game\_CodeRED_Temp_Later_RPF_Extract_20260502\live_tune\0xA562A52D_0xABD6FBF8_gent.xml|D:\Games\Red Dead Redemption\game\_CodeRED_Temp_Later_RPF_Extract_20260502\putback_tune\0xA562A52D_0xABD6FBF8_gent.xml,leaf_hash_changed|leaf_hash_same,camera;faction;nav;vehicle
0xA562A52D\0xABD6FBF8\hrs.xml,base_old_tune|live_tune|putback_tune,2,different_between_versions,base_old_tune:a4a77f39ad50120d381f1d77b156443d285e5d5d|live_tune:3f8d3990ec8f84bc6241ff58d5cd3f7dacc5ffbe|putback_tune:a4a77f39ad50120d381f1d77b156443d285e5d5d,base_old_tune:12671|live_tune:16577|putback_tune:12671,D:\Games\Red Dead Redemption\game\_CodeRED_Temp_Later_RPF_Extract_20260502\base_old_tune\0xA562A52D_0xABD6FBF8_hrs.xml|D:\Games\Red Dead Redemption\game\_CodeRED_Temp_Later_RPF_Extract_20260502\live_tune\0xA562A52D_0xABD6FBF8_hrs.xml|D:\Games\Red Dead Redemption\game\_CodeRED_Temp_Later_RPF_Extract_20260502\putback_tune\0xA562A52D_0xABD6FBF8_hrs.xml,leaf_hash_changed|leaf_hash_same,camera;faction;nav;vehicle
0xA562A52D\0xABD6FBF8\sheriff.xml,base_old_tune|live_tune|putback_tune,2,different_between_versions,base_old_tune:5bff1752a959a310378e4da4923fe8ebf32abc55|live_tune:d896610f75ae2d554438e006e558b8fb161636a1|putback_tune:d896610f75ae2d554438e006e558b8fb161636a1,base_old_tune:12366|live_tune:12369|putback_tune:12369,D:\Games\Red Dead Redemption\game\_CodeRED_Temp_Later_RPF_Extract_20260502\base_old_tune\0xA562A52D_0xABD6FBF8_sheriff.xml|D:\Games\Red Dead Redemption\game\_CodeRED_Temp_Later_RPF_Extract_20260502\live_tune\0xA562A52D_0xABD6FBF8_sheriff.xml|D:\Games\Red Dead Redemption\game\_CodeRED_Temp_Later_RPF_Extract_20260502\putback_tune\0xA562A52D_0xABD6FBF8_sheriff.xml,leaf_hash_changed|leaf_hash_same,camera;faction;nav;vehicle
0xA562A52D\0xBEE46552\components.xml,base_old_tune|live_tune|putback_tune,2,different_between_versions,base_old_tune:e02f51650e924f0aca0dc1286a5c09365f34d25d|live_tune:30bf4db9fea27d8f7071096c72815d847cf91721|putback_tune:30bf4db9fea27d8f7071096c72815d847cf91721,base_old_tune:31049|live_tune:31106|putback_tune:31106,D:\Games\Red Dead Redemption\game\_CodeRED_Temp_Later_RPF_Extract_20260502\base_old_tune\0xA562A52D_0xBEE46552_components.xml|D:\Games\Red Dead Redemption\game\_CodeRED_Temp_Later_RPF_Extract_20260502\live_tune\0xA562A52D_0xBEE46552_components.xml|D:\Games\Red Dead Redemption\game\_CodeRED_Temp_Later_RPF_Extract_20260502\putback_tune\0xA562A52D_0xBEE46552_components.xml,leaf_hash_changed|leaf_hash_same,ally;camera;cinvehicle;enemy;faction;hostile;law;locset;spawn;stagecoach;string;ui;vehicle
0xA562A52D\0xBEE46552\template_base_horse.xml,base_old_tune|live_tune|putback_tune,2,different_between_versions,base_old_tune:1dc99f1848a766f082be2fb411ee957102e9644d|live_tune:2bb5097ceb62f7dcbd608ec764ac7ff3e71ca38d|putback_tune:1dc99f1848a766f082be2fb411ee957102e9644d,base_old_tune:3868|live_tune:4824|putback_tune:3868,D:\Games\Red Dead Redemption\game\_CodeRED_Temp_Later_RPF_Extract_20260502\base_old_tune\0xA562A52D_0xBEE46552_template_base_horse.xml|D:\Games\Red Dead Redemption\game\_CodeRED_Temp_Later_RPF_Extract_20260502\live_tune\0xA562A52D_0xBEE46552_template_base_horse.xml|D:\Games\Red Dead Redemption\game\_CodeRED_Temp_Later_RPF_Extract_20260502\putback_tune\0xA562A52D_0xBEE46552_template_base_horse.xml,leaf_hash_changed|leaf_hash_same,faction;hostile;spawn;string
0xA562A52D\0xBEE46552\template_base_human.xml,base_old_tune|live_tune|putback_tune,2,different_between_versions,base_old_tune:e325b2914825537a8f2e7d80fbb33b66f2b6204a|live_tune:7b2330278ee45d5e17bbe2682c11e6e3e91798f3|putback_tune:7b2330278ee45d5e17bbe2682c11e6e3e91798f3,base_old_tune:3304|live_tune:3297|putback_tune:3297,D:\Games\Red Dead Redemption\game\_CodeRED_Temp_Later_RPF_Extract_20260502\base_old_tune\0xA562A52D_0xBEE46552_template_base_human.xml|D:\Games\Red Dead Redemption\game\_CodeRED_Temp_Later_RPF_Extract_20260502\live_tune\0xA562A52D_0xBEE46552_template_base_human.xml|D:\Games\Red Dead Redemption\game\_CodeRED_Temp_Later_RPF_Extract_20260502\putback_tune\0xA562A52D_0xBEE46552_template_base_human.xml,leaf_hash_changed,hostile;spawn;string;ui
0xA562A52D\0xBEE46552\template_base_train.xml,base_old_tune|live_tune|putback_tune,2,different_between_versions,base_old_tune:dccd987438449be754cc51510fdc12cf1cebc95c|live_tune:fe57bff459eb6db34321aca09d58ed8798a632d6|putback_tune:dccd987438449be754cc51510fdc12cf1cebc95c,base_old_tune:464|live_tune:573|putback_tune:464,D:\Games\Red Dead Redemption\game\_CodeRED_Temp_Later_RPF_Extract_20260502\base_old_tune\0xA562A52D_0xBEE46552_template_base_train.xml|D:\Games\Red Dead Redemption\game\_CodeRED_Temp_Later_RPF_Extract_20260502\live_tune\0xA562A52D_0xBEE46552_template_base_train.xml|D:\Games\Red Dead Redemption\game\_CodeRED_Temp_Later_RPF_Extract_20260502\putback_tune\0xA562A52D_0xBEE46552_template_base_train.xml,leaf_hash_changed|leaf_hash_same,faction;locset;spawn;stagecoach;string;template_vehicle;vehicle
0xA562A52D\0xBEE46552\template_draftvehicle.xml,base_old_tune|live_tune|putback_tune,2,different_between_versions,base_old_tune:78a1c57f2ab7cc19f8e2175012e4ac09b2387e7f|live_tune:d1c4363cbba2e45f3300ab6c5c461ae316abf734|putback_tune:78a1c57f2ab7cc19f8e2175012e4ac09b2387e7f,base_old_tune:1178|live_tune:1240|putback_tune:1178,D:\Games\Red Dead Redemption\game\_CodeRED_Temp_Later_RPF_Extract_20260502\base_old_tune\0xA562A52D_0xBEE46552_template_draftvehicle.xml|D:\Games\Red Dead Redemption\game\_CodeRED_Temp_Later_RPF_Extract_20260502\live_tune\0xA562A52D_0xBEE46552_template_draftvehicle.xml|D:\Games\Red Dead Redemption\game\_CodeRED_Temp_Later_RPF_Extract_20260502\putback_tune\0xA562A52D_0xBEE46552_template_draftvehicle.xml,leaf_hash_changed|leaf_hash_same,locset;stagecoach;string;vehicle
0xA562A52D\0xBEE46552\template_mplayer.xml,base_old_tune|live_tune|putback_tune,2,different_between_versions,base_old_tune:726adddf5caae00ca2af0981c3261ba650688fcb|live_tune:70524f38c3328e9a6bc7739d26d3a33080fb8c6c|putback_tune:70524f38c3328e9a6bc7739d26d3a33080fb8c6c,base_old_tune:3857|live_tune:3850|putback_tune:3850,D:\Games\Red Dead Redemption\game\_CodeRED_Temp_Later_RPF_Extract_20260502\base_old_tune\0xA562A52D_0xBEE46552_template_mplayer.xml|D:\Games\Red Dead Redemption\game\_CodeRED_Temp_Later_RPF_Extract_20260502\live_tune\0xA562A52D_0xBEE46552_template_mplayer.xml|D:\Games\Red Dead Redemption\game\_CodeRED_Temp_Later_RPF_Extract_20260502\putback_tune\0xA562A52D_0xBEE46552_template_mplayer.xml,leaf_hash_changed,faction;hostile;spawn;string;ui
0xA562A52D\0xBEE46552\template_vehicle.xml,base_old_tune|live_tune|putback_tune,2,different_between_versions,base_old_tune:0b6f50dc5d8e01f92b691fb2dcbd5d29de4d003d|live_tune:5d912f4a9e088534878e7ec081d1a23875eff6ad|putback_tune:0b6f50dc5d8e01f92b691fb2dcbd5d29de4d003d,base_old_tune:1029|live_tune:1091|putback_tune:1029,D:\Games\Red Dead Redemption\game\_CodeRED_Temp_Later_RPF_Extract_20260502\base_old_tune\0xA562A52D_0xBEE46552_template_vehicle.xml|D:\Games\Red Dead Redemption\game\_CodeRED_Temp_Later_RPF_Extract_20260502\live_tune\0xA562A52D_0xBEE46552_template_vehicle.xml|D:\Games\Red Dead Redemption\game\_CodeRED_Temp_Later_RPF_Extract_20260502\putback_tune\0xA562A52D_0xBEE46552_template_vehicle.xml,leaf_hash_changed|leaf_hash_same,string;template_vehicle;vehicle
0xA562A52D\0xBEE46552\template_vehicleraft01.xml,base_old_tune|live_tune|putback_tune,2,different_between_versions,base_old_tune:dc6e382ac88b9791d18689b069e8868e39285288|live_tune:d6d030e8b4c80f5a33e234412915ec7c07724e6c|putback_tune:d6d030e8b4c80f5a33e234412915ec7c07724e6c,base_old_tune:610|live_tune:705|putback_tune:705,D:\Games\Red Dead Redemption\game\_CodeRED_Temp_Later_RPF_Extract_20260502\base_old_tune\0xA562A52D_0xBEE46552_template_vehicleraft01.xml|D:\Games\Red Dead Redemption\game\_CodeRED_Temp_Later_RPF_Extract_20260502\live_tune\0xA562A52D_0xBEE46552_template_vehicleraft01.xml|D:\Games\Red Dead Redemption\game\_CodeRED_Temp_Later_RPF_Extract_20260502\putback_tune\0xA562A52D_0xBEE46552_template_vehicleraft01.xml,leaf_hash_changed|leaf_hash_same,faction;locset;spawn;stagecoach;string;template_vehicle;vehicle
0xA562A52D\0xBEE46552\template_vehicleraft02.xml,base_old_tune|live_tune|putback_tune,2,different_between_versions,base_old_tune:330b488fdc56f106625e02160c9a6741967cdf3b|live_tune:4171da0aa0911a40c470859da7826d3c536be3c4|putback_tune:4171da0aa0911a40c470859da7826d3c536be3c4,base_old_tune:705|live_tune:705|putback_tune:705,D:\Games\Red Dead Redemption\game\_CodeRED_Temp_Later_RPF_Extract_20260502\base_old_tune\0xA562A52D_0xBEE46552_template_vehicleraft02.xml|D:\Games\Red Dead Redemption\game\_CodeRED_Temp_Later_RPF_Extract_20260502\live_tune\0xA562A52D_0xBEE46552_template_vehicleraft02.xml|D:\Games\Red Dead Redemption\game\_CodeRED_Temp_Later_RPF_Extract_20260502\putback_tune\0xA562A52D_0xBEE46552_template_vehicleraft02.xml,leaf_hash_changed|leaf_hash_same,faction;locset;spawn;stagecoach;string;template_vehicle;vehicle
0xA562A52D\0xC8D33EA3\ppplist.xml,base_old_tune|live_tune|putback_tune,2,different_between_versions,base_old_tune:e7ec9b53cfb57081c4515deb8b54ab5a23b0592d|live_tune:4637c82e290a74c8d3baa6956af6e53ae8e159a6|putback_tune:4637c82e290a74c8d3baa6956af6e53ae8e159a6,base_old_tune:686|live_tune:945|putback_tune:945,D:\Games\Red Dead Redemption\game\_CodeRED_Temp_Later_RPF_Extract_20260502\base_old_tune\0xA562A52D_0xC8D33EA3_ppplist.xml|D:\Games\Red Dead Redemption\game\_CodeRED_Temp_Later_RPF_Extract_20260502\live_tune\0xA562A52D_0xC8D33EA3_ppplist.xml|D:\Games\Red Dead Redemption\game\_CodeRED_Temp_Later_RPF_Extract_20260502\putback_tune\0xA562A52D_0xC8D33EA3_ppplist.xml,leaf_hash_changed,ui
0xA562A52D\0xDD245B9C\0x0C450B86\locset_car01.xml,base_old_tune|live_tune|putback_tune,3,different_between_versions,base_old_tune:56f910a3688254c7b377ba16e3dd76145a366b25|live_tune:a575b362bb3ce15f9d09ee521cca406e4fb67769|putback_tune:03f27688e5bbab29af154f5788085640ff8d7da6,base_old_tune:6179|live_tune:8580|putback_tune:8583,D:\Games\Red Dead Redemption\game\_CodeRED_Temp_Later_RPF_Extract_20260502\base_old_tune\0xA562A52D_0xDD245B9C_0x0C450B86_locset_car01.xml|D:\Games\Red Dead Redemption\game\_CodeRED_Temp_Later_RPF_Extract_20260502\live_tune\0xA562A52D_0xDD245B9C_0x0C450B86_locset_car01.xml|D:\Games\Red Dead Redemption\game\_CodeRED_Temp_Later_RPF_Extract_20260502\putback_tune\0xA562A52D_0xDD245B9C_0x0C450B86_locset_car01.xml,leaf_hash_changed|leaf_hash_same,locset;vehicle
0xA562A52D\0xDD245B9C\0x0C450B86\locset_minecart01.xml,base_old_tune|live_tune|putback_tune,2,different_between_versions,base_old_tune:4b12635867436026742741401907b3e18fe4bf73|live_tune:338c03886dcc02b5904346a83efd528f2ed793c0|putback_tune:338c03886dcc02b5904346a83efd528f2ed793c0,base_old_tune:2526|live_tune:3452|putback_tune:3452,D:\Games\Red Dead Redemption\game\_CodeRED_Temp_Later_RPF_Extract_20260502\base_old_tune\0xA562A52D_0xDD245B9C_0x0C450B86_locset_minecart01.xml|D:\Games\Red Dead Redemption\game\_CodeRED_Temp_Later_RPF_Extract_20260502\live_tune\0xA562A52D_0xDD245B9C_0x0C450B86_locset_minecart01.xml|D:\Games\Red Dead Redemption\game\_CodeRED_Temp_Later_RPF_Extract_20260502\putback_tune\0xA562A52D_0xDD245B9C_0x0C450B86_locset_minecart01.xml,leaf_hash_changed|leaf_hash_same,locset;vehicle
0xA562A52D\0xDD245B9C\0x0C450B86\locset_northpassenger01x.xml,base_old_tune|live_tune|putback_tune,3,different_between_versions,base_old_tune:155495cb7169c6e1c694ce0600b29452035043e5|live_tune:70078347002e9a70efde655ea3d51cc83395bcce|putback_tune:a733233d93b2bb46008c317b89be67e5cb9a450b,base_old_tune:32396|live_tune:8590|putback_tune:39069,D:\Games\Red Dead Redemption\game\_CodeRED_Temp_Later_RPF_Extract_20260502\base_old_tune\0xA562A52D_0xDD245B9C_0x0C450B86_locset_northpassenger01x.xml|D:\Games\Red Dead Redemption\game\_CodeRED_Temp_Later_RPF_Extract_20260502\live_tune\0xA562A52D_0xDD245B9C_0x0C450B86_locset_northpassenger01x.xml|D:\Games\Red Dead Redemption\game\_CodeRED_Temp_Later_RPF_Extract_20260502\putback_tune\0xA562A52D_0xDD245B9C_0x0C450B86_locset_northpassenger01x.xml,leaf_hash_changed|leaf_hash_same,locset;vehicle
0xA562A52D\0xDD245B9C\0x0C450B86\locset_onedoubleentry.xml,base_old_tune|live_tune|putback_tune,2,different_between_versions,base_old_tune:8501a0032a6f23461621f367204f86fecefab7a0|live_tune:32eafbbd3be6bbf07c868b55e6b709103f267195|putback_tune:32eafbbd3be6bbf07c868b55e6b709103f267195,base_old_tune:3456|live_tune:4789|putback_tune:4789,D:\Games\Red Dead Redemption\game\_CodeRED_Temp_Later_RPF_Extract_20260502\base_old_tune\0xA562A52D_0xDD245B9C_0x0C450B86_locset_onedoubleentry.xml|D:\Games\Red Dead Redemption\game\_CodeRED_Temp_Later_RPF_Extract_20260502\live_tune\0xA562A52D_0xDD245B9C_0x0C450B86_locset_onedoubleentry.xml|D:\Games\Red Dead Redemption\game\_CodeRED_Temp_Later_RPF_Extract_20260502\putback_tune\0xA562A52D_0xDD245B9C_0x0C450B86_locset_onedoubleentry.xml,leaf_hash_changed|leaf_hash_same,locset;vehicle
0xA562A52D\0xDD245B9C\0x0C450B86\locset_passenger01x.xml,base_old_tune|live_tune|putback_tune,2,different_between_versions,base_old_tune:2722af6ba0c12a6f2369b906f4b8442aa1a26e61|live_tune:ff98126e9e90c05a3dd795d268ceaf9b4be4299a|putback_tune:2722af6ba0c12a6f2369b906f4b8442aa1a26e61,base_old_tune:32391|live_tune:8585|putback_tune:32391,D:\Games\Red Dead Redemption\game\_CodeRED_Temp_Later_RPF_Extract_20260502\base_old_tune\0xA562A52D_0xDD245B9C_0x0C450B86_locset_passenger01x.xml|D:\Games\Red Dead Redemption\game\_CodeRED_Temp_Later_RPF_Extract_20260502\live_tune\0xA562A52D_0xDD245B9C_0x0C450B86_locset_passenger01x.xml|D:\Games\Red Dead Redemption\game\_CodeRED_Temp_Later_RPF_Extract_20260502\putback_tune\0xA562A52D_0xDD245B9C_0x0C450B86_locset_passenger01x.xml,leaf_hash_changed|leaf_hash_same,locset;vehicle
0xA562A52D\0xDD245B9C\0x0C450B86\locset_stagecoach.xml,base_old_tune|live_tune|putback_tune,2,different_between_versions,base_old_tune:aadad939d1323affd9c49d93e77dfdb49415ca6f|live_tune:6350f867b9e10d3cb8563dd15b9a1b46d876710d|putback_tune:6350f867b9e10d3cb8563dd15b9a1b46d876710d,base_old_tune:13638|live_tune:19080|putback_tune:19080,D:\Games\Red Dead Redemption\game\_CodeRED_Temp_Later_RPF_Extract_20260502\base_old_tune\0xA562A52D_0xDD245B9C_0x0C450B86_locset_stagecoach.xml|D:\Games\Red Dead Redemption\game\_CodeRED_Temp_Later_RPF_Extract_20260502\live_tune\0xA562A52D_0xDD245B9C_0x0C450B86_locset_stagecoach.xml|D:\Games\Red Dead Redemption\game\_CodeRED_Temp_Later_RPF_Extract_20260502\putback_tune\0xA562A52D_0xDD245B9C_0x0C450B86_locset_stagecoach.xml,leaf_hash_changed|leaf_hash_same,locset;stagecoach;vehicle
0xA562A52D\0xDD245B9C\0x0C450B86\locset_threepos.xml,base_old_tune|live_tune|putback_tune,2,different_between_versions,base_old_tune:859b665285e1b80c059145cfa2ff55148d5afe69|live_tune:a0248fafe7d98ce26f86e9813fbf565c372da74e|putback_tune:a0248fafe7d98ce26f86e9813fbf565c372da74e,base_old_tune:6510|live_tune:9087|putback_tune:9087,D:\Games\Red Dead Redemption\game\_CodeRED_Temp_Later_RPF_Extract_20260502\base_old_tune\0xA562A52D_0xDD245B9C_0x0C450B86_locset_threepos.xml|D:\Games\Red Dead Redemption\game\_CodeRED_Temp_Later_RPF_Extract_20260502\live_tune\0xA562A52D_0xDD245B9C_0x0C450B86_locset_threepos.xml|D:\Games\Red Dead Redemption\game\_CodeRED_Temp_Later_RPF_Extract_20260502\putback_tune\0xA562A52D_0xDD245B9C_0x0C450B86_locset_threepos.xml,leaf_hash_changed|leaf_hash_same,locset;vehicle;wagon
0xA562A52D\0xDD245B9C\0x0C450B86\locset_truck01.xml,base_old_tune|live_tune|putback_tune,2,different_between_versions,base_old_tune:d24033152aba2459bcdaccb7c0d24ed93fc3067c|live_tune:0a3b33fbac12f16d80b5f14e4d40c30c0bbea563|putback_tune:0a3b33fbac12f16d80b5f14e4d40c30c0bbea563,base_old_tune:3890|live_tune:5386|putback_tune:5386,D:\Games\Red Dead Redemption\game\_CodeRED_Temp_Later_RPF_Extract_20260502\base_old_tune\0xA562A52D_0xDD245B9C_0x0C450B86_locset_truck01.xml|D:\Games\Red Dead Redemption\game\_CodeRED_Temp_Later_RPF_Extract_20260502\live_tune\0xA562A52D_0xDD245B9C_0x0C450B86_locset_truck01.xml|D:\Games\Red Dead Redemption\game\_CodeRED_Temp_Later_RPF_Extract_20260502\putback_tune\0xA562A52D_0xDD245B9C_0x0C450B86_locset_truck01.xml,leaf_hash_changed|leaf_hash_same,locset;vehicle
0xA562A52D\0xDD245B9C\0x0C450B86\locset_wagon02.xml,base_old_tune|live_tune|putback_tune,2,different_between_versions,base_old_tune:8fcf19899ed862937cd58dea9ab574f55b1c8373|live_tune:5debf09743ca88a365f40fa90d504b960c485c4f|putback_tune:5debf09743ca88a365f40fa90d504b960c485c4f,base_old_tune:12312|live_tune:17161|putback_tune:17161,D:\Games\Red Dead Redemption\game\_CodeRED_Temp_Later_RPF_Extract_20260502\base_old_tune\0xA562A52D_0xDD245B9C_0x0C450B86_locset_wagon02.xml|D:\Games\Red Dead Redemption\game\_CodeRED_Temp_Later_RPF_Extract_20260502\live_tune\0xA562A52D_0xDD245B9C_0x0C450B86_locset_wagon02.xml|D:\Games\Red Dead Redemption\game\_CodeRED_Temp_Later_RPF_Extract_20260502\putback_tune\0xA562A52D_0xDD245B9C_0x0C450B86_locset_wagon02.xml,leaf_hash_changed|leaf_hash_same,locset;vehicle;wagon
0xA562A52D\0xDD245B9C\0x0C450B86\locset_wagon2seat.xml,base_old_tune|live_tune|putback_tune,2,different_between_versions,base_old_tune:831744dc466ccf6f9f07c44d4c29d9d07b072bf5|live_tune:42e040a39effcb3c728d202be7141a721e401fbf|putback_tune:42e040a39effcb3c728d202be7141a721e401fbf,base_old_tune:3886|live_tune:5382|putback_tune:5382,D:\Games\Red Dead Redemption\game\_CodeRED_Temp_Later_RPF_Extract_20260502\base_old_tune\0xA562A52D_0xDD245B9C_0x0C450B86_locset_wagon2seat.xml|D:\Games\Red Dead Redemption\game\_CodeRED_Temp_Later_RPF_Extract_20260502\live_tune\0xA562A52D_0xDD245B9C_0x0C450B86_locset_wagon2seat.xml|D:\Games\Red Dead Redemption\game\_CodeRED_Temp_Later_RPF_Extract_20260502\putback_tune\0xA562A52D_0xDD245B9C_0x0C450B86_locset_wagon2seat.xml,leaf_hash_changed|leaf_hash_same,locset;vehicle;wagon
