owner_function_index,owner_function_name,score,candidate_count,control_flow_safe_count,read_only_count,purpose_tags,nearby_strings
0,main,5,385,11,374,"['disable', 'mission']","['FreeModeThread', 'OLNM_ReturnToFM', 'mp_fe_freeroam', 'mp_fe_resession', 'MULTI_FREE_ROAM', 'NetConf_AvatarPicker', 'mp_avatarpicker_conf_lobby', 'mp_avatarpicker_conf', 'XpHud', 'netNoAmbientWorld', 'mpskiptutorial', 'LoadingScreenTexture']"
175,Function_175,2,537,22,515,['spawn'],"['net_respawn_button', 'HUD_MENU_SELECT_MASTER', 'mp_TELEPORT', 'o%$/content/multiplayer/mp_Teleport.sc', '?pPqN8', 'mp_bleeding', 'NoRegen', 'WaitingForRevival', 'Drowned', 'BledOut', '=0% R', 'PM_Weapons']"
206,Function_206,2,43,0,43,['spawn'],"['IsFadedIn', ',GB+', 'PlayerLayout', ',JD8', ',EE+8', ',PFb', ',DGb', ',DG8', 'player', ',WH9', ',BI8', ',FJ8']"
126,Function_126,1,36,1,35,[],"['7RF?z-', '?pz-', 'FRD Client', 'o Splashing winner message for %s', '>LRP', 'GENMESS_GAMEWON', 'HUD_MP_OVERTIME_WIN_MASTER', 'GENMESS_GAMELOST', 'HUD_MP_OVERTIME_LOSE_MASTER', 'mp_FRD_Wins', '>LR?m8', 'o9Splashing Nobody win message cause non-valid high scorer']"
127,Function_127,1,29,3,26,[],"['GENMESS_GAMELOST', 'HUD_MP_OVERTIME_LOSE_MASTER', 'mp_FRD_Wins', '>,R?m8', 'FRD_Holder', 'mp_FRD_UpForGrabslbl', 'FRD_BlipColor', '<yellow><MP_DEFEND></yellow>', '%s<MP_DEFEND></0x>', '<blue><MP_DEFEND></blue>', '<MP_DEFEND>', '<red><MP_DEFEND></red>']"
143,Function_143,1,21,0,21,[],"['^4(=', 'FRD_Layout']"
144,Function_144,1,86,0,86,['spawn'],"['Defense_Volume', '|()AJ', 'SpawnVolGroup_set', 'SpawnVol_0', '@)A3', 'SpawnVol_1', ')?Z#', 't)?Z#', 'SpawnVol_2', '$)?^', 'I)?J', 'SpawnVol_3']"
145,Function_145,1,9,0,9,[],"['SpawnVol_43', 'BS)B', 'Defense_Volume', ';9)B', 'SpawnVolGroup_set']"
146,Function_146,1,64,0,64,['spawn'],"['BS)B', 'Defense_Volume', ';9)B', 'SpawnVolGroup_set', 'SpawnVol_0', 'SpawnVol_1', ')?SL', 'SpawnVol_2', ')?ZI', 'SpawnVol_3', 'SpawnVol_4', 'SpawnVol_5']"
147,Function_147,1,46,0,46,['spawn'],"[')C8=p', 'Q)@A)J)@', 'SpawnVol_29', '|f)A', 'Defense_Volume', ')D?%m)B', ')Anq', 'SpawnVolGroup_set', 'SpawnVol_0', ')DKL^)B', 'SpawnVol_1', ')D(/']"
148,Function_148,1,30,0,30,['spawn'],"['SpawnVol_20', ')DIf', 'a)@zB', 'Defense_Volume', 'S)AUKO)A', 'SpawnVolGroup_set', 'SpawnVol_0', 'hj)B', 'SpawnVol_1', 'SpawnVol_2', ')@C:Q)?', 'SpawnVol_3']"
149,Function_149,1,120,0,120,['spawn'],"['SpawnVol_12', ')B~.', ')@Ao/)@', ')@Ao/,', 'Defense_Volume', 'SpawnVolGroup_set', 'SpawnVol_0', '=)?C', 'SpawnVol_1', ')BJ>', 'SpawnVol_2', 'SpawnVol_3']"
150,Function_150,1,64,0,64,['spawn'],"['SpawnVol_57', ')@,(', 'Defense_Volume', 'SpawnVolGroup_set', 'SpawnVol_0', 'SpawnVol_1', 'y)?gJ', 'SpawnVol_2', 'SpawnVol_3', '+)4)B', '4H)E', 'SpawnVol_4']"
151,Function_151,1,84,0,84,['spawn'],"['SpawnVol_29', 'Defense_Volume', 'mx)A', 'S )E""vk', 'W:)A{', 'SpawnVolGroup_set', 'SpawnVol_0', ')=V(s', 'SpawnVol_1', 'T6)E', 'SpawnVol_2', ')A""9']"
176,Function_176,1,4,0,4,[],"['MPSplash', "",L'~-"", 'HUD_MP_OVERTIME_WIN_MASTER', 'HUD_MP_OVERTIME_LOSE_MASTER']"
177,Function_177,1,18,0,18,[],"['MPSplash', "",L'~-"", 'HUD_MP_OVERTIME_WIN_MASTER', 'HUD_MP_OVERTIME_LOSE_MASTER', '=`R=', '=`R=c,', 'Player State']"
205,Function_205,1,19,0,19,[],"[',B?8', 'IsFadedIn', ',GB+']"
207,Function_207,1,5,0,5,[],"['Respawn', 'PqN7', ',CKo', ',CK,NL.', 'Og!5']"
237,Function_237,1,52,3,49,[],"[',En+', ',Hp8', ',Fq.', '>x,Cr9', ',Ds8', ',Bt8', '>0A ', '=0A ', 'HUD_MP_KILL_CAM', '>p,Cuc', '>p,Cvj', ',Bx8']"
272,Function_272,1,11,0,11,[],"['>,m@', '8Z% S']"
273,Function_273,1,2,0,2,[],"['FREEMODE', 'Enabling the Ambient World']"
274,Function_274,1,2,0,2,[],"['FREEMODE', 'Enabling the Ambient World']"
275,Function_275,1,1,0,1,[],"['FREEMODE', 'Enabling the Ambient World']"
276,Function_276,1,1,0,1,[],"['FREEMODE', 'Enabling the Ambient World']"
277,Function_277,1,2,0,2,[],"['FREEMODE', 'Enabling the Ambient World']"
278,Function_278,1,2,0,2,[],"['FREEMODE', 'Enabling the Ambient World']"
279,Function_279,1,6,0,6,[],"['FREEMODE', 'Enabling the Ambient World']"
280,Function_280,1,2,0,2,[],"['FREEMODE', 'Enabling the Ambient World']"
281,Function_281,1,1,0,1,[],"['FREEMODE', 'Enabling the Ambient World']"
282,Function_282,1,2,0,2,[],['Enabling the Ambient World']
304,Function_304,1,16,0,16,[],"['Common_Null', ',i=@j', '_title', ',i=@v,', 'net_pl_unsession']"
305,Function_305,1,15,0,15,[],"[',i=@j', '_title', ',i=@v,', 'net_pl_unsession', ',i,B', 'HUD_TIMER_WATCH_TICK_MASTER']"
306,Function_306,1,2,0,2,[],"['HUD_TIMER_WATCH_TICK_MASTER', '=02%', '7 3b', '7 r@7 ,', 'INVALID!?', '7 r@%', '7 2.']"
307,Function_307,1,6,0,6,[],"['HUD_TIMER_WATCH_TICK_MASTER', '=02%', '7 3b', '7 r@7 ,', 'INVALID!?', '7 r@%', '7 2.']"
323,Function_323,1,12,1,11,[],"[',Do7', '%@So']"
324,Function_324,1,2,0,2,[],"['HUD_MP_OUTRO_MASTER', 'XP_Legend_Now', 'XP_Legend_symbol_hlp']"
325,Function_325,1,56,2,54,[],"['HUD_MP_OUTRO_MASTER', 'XP_Legend_Now', 'XP_Legend_symbol_hlp', 'RTxo', 'XP_Legend_avatar_hlp', 'XP_Legend_mount_hlp', 'RTx%', 'mp_challenge_help', 'RTx~b', 'mp_mount_help', 'RTxb', 'mp_title_help']"
664,Function_664,1,11,2,9,[],"['_count', ',CKQ', 'LoadingTip', 'LoadingScreen']"
665,Function_665,1,1,0,1,[],"[',CKQ', 'LoadingTip', 'LoadingScreen', '4`?|']"
666,Function_666,1,3,0,3,[],"[',CKQ', 'LoadingTip', 'LoadingScreen', '4`?|']"
667,Function_667,1,2,0,2,[],"['LoadingTip', 'LoadingScreen', '4`?|']"
668,Function_668,1,8,0,8,[],"['LoadingTip', 'LoadingScreen', '4`?|']"
669,Function_669,1,8,0,8,[],"['LoadingScreen', '4`?|']"
74,Function_74,1,369,24,345,"['ped', 'wanted']","['RadialWeaponQuickPick', 'FRD Client', 'o*Host FRD Region has changed from %s to %s', 'Instance destroyed!', '>DRT', 'Defense_Volume', 'Instance instantiated!', 'FRD_Score_top', '>4PqNe', 'PqN:', '?4PqN', '/SaYo']"
75,Function_75,1,2,0,2,[],"['HUD_MP_CHECKPOINT_MASTER', 'R=c;', 'NetTimer']"
76,Function_76,1,4,0,4,[],"['HUD_MP_CHECKPOINT_MASTER', 'R=c;', 'NetTimer']"
77,Function_77,1,3,0,3,[],"['HUD_MP_CHECKPOINT_MASTER', 'R=c;', 'NetTimer']"
1,Function_1,0,6,0,6,[],"['NetConf_ExitingWait', '1% R', 'FRD Cleanup']"
10,Function_10,0,4,0,4,[],"['FRD Client', 'o%Actor %s removed from avoidance set.']"
100,Function_100,0,60,11,49,[],"['FRD Host', 'o""Getting Data for involved players', 'R87c', 'o$     %s) Slot %s reports %s seconds', '     Total Time is %s', 'o Calculating first draft payouts', '     %s) Slot %s gets %s', '>@8I', 'o6     %s awarded of %s (PotSize) with difference of %s', 'oGSlot %s is the highest scorer.  Adding remaineder (%s) if there is any', '9L8L8', '/8L7']"
101,Function_101,0,2,0,2,[],"['T8K8L7', '>o/Tried to get genfloat from not-yet-valid slot ']"
102,Function_102,0,7,1,6,[],"['T8K8L7', '>o/Tried to get genfloat from not-yet-valid slot ']"
103,Function_103,0,2,0,2,[],"['>o/Tried to get genfloat from not-yet-valid slot ', 'R87c', 'R.x8']"
104,Function_104,0,5,0,5,[],"['>o/Tried to get genfloat from not-yet-valid slot ', 'R87c', 'R.x8']"
105,Function_105,0,2,0,2,[],"['>o/Tried to get genfloat from not-yet-valid slot ', 'R87c', 'R.x8', 'SaYo']"
106,Function_106,0,17,2,15,[],"['R87c', 'R.x8', 'SaYo', 'FRD_ActorSet']"
107,Function_107,0,11,0,11,['actor'],"['R87c', 'R.x8', 'SaYo', 'FRD_ActorSet', 'FRD Client', 'o!Actor %s added to avoidance set.']"
108,Function_108,0,7,0,7,[],"['FRD Client', 'o!Actor %s added to avoidance set.', 'R87c']"
109,Function_109,0,8,2,6,[],['R87c']
11,Function_11,0,4,0,4,[],"['FRD Client', 'o%Actor %s removed from avoidance set.']"
110,Function_110,0,8,0,8,[],['R87c']
111,Function_111,0,3,0,3,[],['R87c']
112,Function_112,0,3,0,3,[],"['MPPlayerNameColored_0', 'MPPlayerNameColored_1', 'MPPlayerNameColored_2', 'MPPlayerNameColored_3', 'MPPlayerNameColored_4', 'MPPlayerNameColored_5', 'MPPlayerNameColored_6', 'MPPlayerNameColored_7', 'MPPlayerNameColored_8', 'MPPlayerNameColored_9', 'MPPlayerNameColored_10', 'MPPlayerNameColored_11']"
113,Function_113,0,6,0,6,[],"['MPPlayerNameColored_14', 'MPPlayerNameColored_15', 'UNHANDLED SLOT', 'mp_FRD_newManagement_bad', 'mp_FRD_NewManagement_friend']"
114,Function_114,0,4,0,4,[],"['UNHANDLED SLOT', 'mp_FRD_newManagement_bad', 'mp_FRD_NewManagement_friend', 'FRD Client', 'Making the VO guy say %s']"
115,Function_115,0,3,0,3,[],"['mp_FRD_NewManagement_friend', 'FRD Client', 'Making the VO guy say %s', ""o'Making the VO guy say %s instead of %s""]"
116,Function_116,0,1,0,1,[],"['mp_FRD_NewManagement_friend', 'FRD Client', 'Making the VO guy say %s', ""o'Making the VO guy say %s instead of %s""]"
117,Function_117,0,12,0,12,[],"['FRD Client', 'Making the VO guy say %s', ""o'Making the VO guy say %s instead of %s"", ""o7Making the VO guy say %s, but couldn't (not installed)""]"
118,Function_118,0,3,0,3,[],"['FRD Client', ""o7Making the VO guy say %s, but couldn't (not installed)"", '^4(=']"
119,Function_119,0,10,0,10,[],"['FRD Client', ""o7Making the VO guy say %s, but couldn't (not installed)"", '^4(=']"
12,Function_12,0,4,0,4,[],"['FRD Client', 'o%Actor %s removed from avoidance set.']"
120,Function_120,0,4,0,4,[],"['^4(=', 'miss', 'ziss', '_short']"
121,Function_121,0,4,0,4,[],"['miss', 'ziss', '_short', 'mp_FreeRoamDefense_blip']"
122,Function_122,0,9,0,9,[],"['miss', 'ziss', '_short', 'mp_FreeRoamDefense_blip']"
123,Function_123,0,28,3,25,[],"['mp_FreeRoamDefense_blip', ')?s33)?s33)?s33)>']"
124,Function_124,0,13,0,13,[],"[')?s33)?s33)?s33)>', '*%C1++:', '7RF?z-']"
125,Function_125,0,1,0,1,[],"['*%C1++:', '7RF?z-', '?pz-', 'FRD Client', 'o Splashing winner message for %s', '>LRP', 'GENMESS_GAMEWON']"
128,Function_128,0,2,0,2,[],"['FRD_BlipColor', '<MP_DEFEND>', '<red><MP_DEFEND></red>', 'FRD_Holder', 'R?m,', 'FRD_Owner']"
129,Function_129,0,4,1,3,[],"['<MP_DEFEND>', 'FRD_BlipColor', '<red><MP_DEFEND></red>', 'FRD_Holder', 'R?m,', 'FRD_Owner']"
13,Function_13,0,13,1,12,['actor'],"['FRD Client', 'o%Actor %s removed from avoidance set.', 'U+z-']"
130,Function_130,0,2,0,2,[],"['EVERYTHING', 'SILENT', 'IDLE', 'IDLE_2', 'PASTORAL', 'PASTORAL_LOW', 'PASTORAL_HIGH', 'SUSPENSE', 'SUSPENSE_LOW', 'SUSPENSE_HIGH', 'SUSPENSE_DRUM', 'SUSPENSE_FOG']"
131,Function_131,0,11,0,11,[],"['RIDING_2', 'RIDING_3', 'RIDING_4', 'RIDING_ALT', 'TRAP', 'BARN', 'MP_IDLE', 'MP_SUSP', 'FINISHED', 'R4Qc', 'oBERROR: Trying to get value of NETTIMER that has not been started!', 'oTWARNING: Trying to get value of NETTIMER that has not been started! Returning 0.0 ']"
132,Function_132,0,3,0,3,[],['oTWARNING: Trying to get value of NETTIMER that has not been started! Returning 0.0 ']
133,Function_133,0,11,0,11,[],['oTWARNING: Trying to get value of NETTIMER that has not been started! Returning 0.0 ']
134,Function_134,0,14,0,14,[],[]
135,Function_135,0,1,0,1,[],"['FRD_Invite', 'FRD Invite', 'o;SENDing invite to PR_multiplayer from %s, %s, at barker %s']"
136,Function_136,0,2,0,2,[],"['FRD_Invite', 'FRD Invite', 'o;SENDing invite to PR_multiplayer from %s, %s, at barker %s']"
137,Function_137,0,13,1,12,[],"['FRD_Invite', 'FRD Invite', 'o;SENDing invite to PR_multiplayer from %s, %s, at barker %s', 'oDSENDing invite to PR_multiplayer from %s, --Invalid--, at barker %s']"
138,Function_138,0,1,0,1,[],"['FRD Invite', 'oDSENDing invite to PR_multiplayer from %s, --Invalid--, at barker %s', '>0RP', 'mp_FRD_ClaimStaken', 'RTx%', '&% R']"
139,Function_139,0,26,0,26,[],"['FRD Invite', 'oDSENDing invite to PR_multiplayer from %s, --Invalid--, at barker %s', '>0RP', 'mp_FRD_ClaimStaken', 'RTx%', '&% R', '>DRS', '?dm0', '8RF?~-']"
14,Function_14,0,2,0,2,[],"['FRD Client', 'o%Actor %s removed from avoidance set.', 'U+z-', 'NetTimer']"
140,Function_140,0,3,0,3,[],"['&% R', '>DRS', '?dm0', '8RF?~-', 'FTR_SONG_04', 'MEX_SONG_01', 'FTR_SONG_01']"
141,Function_141,0,2,0,2,[],"['?dm0', '8RF?~-', 'FTR_SONG_04', 'MEX_SONG_01', 'FTR_SONG_01', 'FTR_SONG_03', 'NRT_SONG_05', 'MEX_SONG_05', 'MEX_SONG_02', 'FTR_SONG_02', 'FRD_Invalid!?']"
142,Function_142,0,7,0,7,[],"['FTR_SONG_01', 'FTR_SONG_03', 'NRT_SONG_05', 'MEX_SONG_05', 'MEX_SONG_02', 'FTR_SONG_02', 'FRD_Invalid!?', '^4(=', 'FRD_Layout']"
15,Function_15,0,4,0,4,[],"['FRD Client', 'o%Actor %s removed from avoidance set.', 'U+z-', 'NetTimer']"
152,Function_152,0,2,0,2,[],"[')@$xK)@', 'SpawnVol_40', 'x|)A', ')E#-', 'FRD_NO_REGION']"
153,Function_153,0,2,0,2,[],"[')@$xK)@', 'SpawnVol_40', 'x|)A', ')E#-', 'FRD_NO_REGION', 'FRD_ARM']"
154,Function_154,0,2,0,2,[],"['SpawnVol_40', 'x|)A', ')E#-', 'FRD_NO_REGION', 'FRD_ARM', 'FRD_CHU']"
155,Function_155,0,2,0,2,[],"['FRD_NO_REGION', 'FRD_ARM', 'FRD_CHU', 'FRD_HEN', 'FRD_THI', 'FRD_BLK', 'FRD_ESC', 'FRD_LSH', 'FRD_UPR', 'FRD_REG_OFF_THE_CHART', 'FRD_Invalid!?']"
156,Function_156,0,4,1,3,[],"['FRD_CHU', 'FRD_HEN', 'FRD_THI', 'FRD_BLK', 'FRD_ESC', 'FRD_LSH', 'FRD_UPR', 'FRD_REG_OFF_THE_CHART', 'FRD_Invalid!?', '{PqN', '>p{-']"
157,Function_157,0,2,0,2,[],"['FRD_THI', 'FRD_BLK', 'FRD_ESC', 'FRD_LSH', 'FRD_UPR', 'FRD_REG_OFF_THE_CHART', 'FRD_Invalid!?', '{PqN', '>p{-']"
158,Function_158,0,2,0,2,[],"['FRD_ESC', 'FRD_LSH', 'FRD_UPR', 'FRD_REG_OFF_THE_CHART', 'FRD_Invalid!?', '{PqN', '>p{-']"
159,Function_159,0,2,0,2,[],"['FRD_LSH', 'FRD_UPR', 'FRD_REG_OFF_THE_CHART', 'FRD_Invalid!?', '{PqN', '>p{-']"
16,Function_16,0,8,0,8,[],"['U+z-', 'NetTimer', 'FRD Client']"
160,Function_160,0,1,0,1,[],"['FRD_LSH', 'FRD_UPR', 'FRD_REG_OFF_THE_CHART', 'FRD_Invalid!?', '{PqN', '>p{-']"
161,Function_161,0,2,0,2,[],"['FRD_REG_OFF_THE_CHART', 'FRD_Invalid!?', '{PqN', '>p{-']"
162,Function_162,0,21,0,21,[],"['FRD_Invalid!?', '{PqN', '>p{-']"
163,Function_163,0,16,0,16,[],[]
164,Function_164,0,35,1,34,[],[]
165,Function_165,0,18,0,18,[],['No point type filter set!']
166,Function_166,0,16,0,16,[],['No point type filter set!']
167,Function_167,0,1,0,1,[],[]
168,Function_168,0,12,2,10,[],[]
169,Function_169,0,1,0,1,[],[]
17,Function_17,0,1,0,1,[],"['U+z-', 'NetTimer', 'FRD Client']"
170,Function_170,0,4,0,4,[],[]
171,Function_171,0,2,0,2,[],[]
172,Function_172,0,18,0,18,[],[]
173,Function_173,0,5,0,5,[],['% So']
174,Function_174,0,35,1,34,[],['% So']
178,Function_178,0,3,0,3,[],"['=`R=c,', 'Player State', 'MPSplash', 'networking', ',C)c', 'splash.style', ',E*9', 'splashDone']"
179,Function_179,0,15,1,14,[],"['Player State', 'MPSplash', 'networking', ',C)c', 'splash.style', ',E*9', 'splashDone']"
18,Function_18,0,6,1,5,[],['FRD Client']
180,Function_180,0,16,0,16,[],"['splash.style', ',E*9', 'networking', 'splashDone', ',D+A', ',D-b', ',D-8', ',C.+,', ',E/9']"
181,Function_181,0,2,0,2,[],"[',D+A', ',D-b', ',D-8', ',C.+,', ',E/9', ',F08', 'forceLoad']"
182,Function_182,0,2,0,2,[],"[',D+A', ',D-b', ',D-8', ',C.+,', ',E/9', ',F08', 'forceLoad']"
183,Function_183,0,9,1,8,[],"[',D+A', ',D-b', ',D-8', ',C.+,', ',E/9', ',F08', 'forceLoad']"
184,Function_184,0,9,1,8,[],"[',E/9', ',F08', 'forceLoad', 'OqP4']"
185,Function_185,0,3,0,3,[],"[',F08', 'forceLoad', 'OqP4', ',C1,F28', '/,C3c']"
186,Function_186,0,4,0,4,[],"['forceLoad', 'OqP4', ',C1,F28', '/,C3c']"
187,Function_187,0,1,0,1,[],"['forceLoad', 'OqP4', ',C1,F28', '/,C3c', ',C4n']"
188,Function_188,0,7,2,5,[],"['OqP4', ',C1,F28', '/,C3c', ',C4n']"
189,Function_189,0,87,8,79,[],"['OqP4', ',C1,F28', '/,C3c', ',C4n', ',C59', ',J68', 'SaYo', 'DLCFM_Weapon', ',G7c', '9!8!8', 'DLCFM_Weapon_', '7""r 8!7""u SaY7""7 ,G7c']"
19,Function_19,0,2,0,2,[],['FRD Client']
190,Function_190,0,6,0,6,[],"[',J68', '/8*,', '-8!=', 'F,@8o', 'pickup_ammo_header', ',C9o', 'pickup_ammo_message', ',Z:8', ',E;9']"
191,Function_191,0,4,0,4,[],"['F,@8o', 'pickup_ammo_header', ',C9o', 'pickup_ammo_message', ',Z:8', ',E;9', ',C4n']"
192,Function_192,0,2,0,2,[],"[',C9o', 'pickup_ammo_message', ',Z:8', ',E;9', ',C4n']"
193,Function_193,0,2,0,2,[],"[',Z:8', ',E;9', ',C4n']"
194,Function_194,0,5,2,3,[],"[',Z:8', ',E;9', ',C4n']"
195,Function_195,0,4,0,4,[],"[',E;9', ',C4n', '!%,,', '1%@So']"
196,Function_196,0,3,1,2,[],"[',E;9', ',C4n', '!%,,', '1%@So', '4SaYo', 'DLCFM_Weapon']"
197,Function_197,0,3,0,3,[],"[',E;9', ',C4n', '!%,,', '1%@So', '4SaYo', 'DLCFM_Weapon', ',G7c']"
198,Function_198,0,1,0,1,[],"[',E;9', ',C4n', '!%,,', '1%@So', '4SaYo', 'DLCFM_Weapon', ',G7c', 'DLCFM_Weapon_']"
199,Function_199,0,22,1,21,[],"[',E;9', ',C4n', '!%,,', '1%@So', '4SaYo', 'DLCFM_Weapon', ',G7c', 'DLCFM_Weapon_', 'u SaY7']"
2,Function_2,0,5,0,5,[],"['NetConf_ExitingWait', '1% R', 'FRD Cleanup']"
20,Function_20,0,2,0,2,[],['FRD Client']
200,Function_200,0,18,1,17,[],"['4SaYo', 'DLCFM_Weapon', ',G7c', 'DLCFM_Weapon_', 'u SaY7', ',C59', ',J68', ',D<8']"
201,Function_201,0,46,7,39,[],"[',C59', ',J68', ',D<8', ',G=+8', ',D>8', 'd,D>b', 'h,D>b', '`,D>b']"
202,Function_202,0,2,0,2,[],"['h,D>b', '`,D>b', ',B?8']"
203,Function_203,0,6,2,4,[],"['h,D>b', '`,D>b', ',B?8']"
204,Function_204,0,10,1,9,[],"['`,D>b', ',B?8', 'IsFadedIn']"
208,Function_208,0,7,1,6,[],"['PqN7', ',CKo', ',CK,NL.', 'Og!5', 'Og!6', 'Og!B']"
209,Function_209,0,13,2,11,[],"[',CKo', ',CK,NL.', 'Og!5', 'Og!6', 'Og!B']"
21,Function_21,0,1,0,1,[],[]
210,Function_210,0,22,3,19,[],"['Og!5', 'Og!6', 'Og!B', 'JoCSTAT_SET_VALUE_AS_INT_NOW: Attempting to use a Stat out of bounds.', 'oVSTAT_SET_VALUE_AS_INT_NOW: You cannot set value of this STAT_TYPE_LIFETIME directly: ', ',@MovSTAT_SET_VALUE_AS_INT_NOW: You cannot set value of a STAT_TYPE_LIFETIME directly, use the COLLECTION version instead!', 'oYSTAT_SET_VALUE_AS_INT_NOW: You cannot set value of this STAT_TYPE_COLLECTIBLE directly: ', ',@Mo', 'STAT_SET_VALUE_AS_INT_NOW: You cannot set value of a STAT_TYPE_COLLECTIBLE directly, only increase and decrease operations are allowed']"
211,Function_211,0,103,10,93,[],"[',CK,', ' lbs', ',GN8', ' ton', '@<@<,', ' days', ' day', ' min', ' sec', 'stat_of', ',@8P', ',C98']"
212,Function_212,0,1,0,1,[],"[',Z:b', ',C98', '0%d8']"
213,Function_213,0,6,0,6,[],"[',C98', ',Z:b', '0%d8', '8o0STAT_CALCULATE_PROGRESSBAR_VALUES: STAT_INVALID']"
214,Function_214,0,2,1,1,[],"['0%d8', '8o0STAT_CALCULATE_PROGRESSBAR_VALUES: STAT_INVALID']"
215,Function_215,0,2,1,1,[],"['0%d8', '8o0STAT_CALCULATE_PROGRESSBAR_VALUES: STAT_INVALID']"
216,Function_216,0,19,1,18,[],"['0%d8', '8o0STAT_CALCULATE_PROGRESSBAR_VALUES: STAT_INVALID', ',CK8']"
217,Function_217,0,1,0,1,[],"[',CK8', 'STAT_GET_VALUE: STAT_INVALID', '(o!STAT_GET_MAX_VALUE: STAT_INVALID']"
218,Function_218,0,3,0,3,[],"[',CK8', 'STAT_GET_VALUE: STAT_INVALID', '(o!STAT_GET_MAX_VALUE: STAT_INVALID']"
219,Function_219,0,3,1,2,[],"[',CK8', 'STAT_GET_VALUE: STAT_INVALID', '(o!STAT_GET_MAX_VALUE: STAT_INVALID', 'oJSTAT_CHECK_RANGES: Attempting to decrement a STAT out of its fMaxRange - ']"
22,Function_22,0,2,0,2,[],[]
220,Function_220,0,13,0,13,[],"['STAT_GET_VALUE: STAT_INVALID', '(o!STAT_GET_MAX_VALUE: STAT_INVALID', 'oJSTAT_CHECK_RANGES: Attempting to decrement a STAT out of its fMaxRange - ', ',@MoGSTAT_CHECK_RANGES: Attempting to increment a STAT out of its fMaxRange', ',BO8', 'oJSTAT_CHECK_RANGES: Attempting to decrement a STAT out of its fMinRange - ', ',@MoGSTAT_CHECK_RANGES: Attempting to decrement a STAT out of its fMinRange']"
221,Function_221,0,16,3,13,[],"[',@MoGSTAT_CHECK_RANGES: Attempting to decrement a STAT out of its fMinRange', 'MoFSTAT_UPDATE_MY_LIFETIME_STAT: Attempting to use a Stat out of bounds.', 'UoNSTAT_UPDATE_MY_LIFETIME_STAT: Attempting to use a LifetimeStat out of bounds.', 'po[STAT_UPDATE_MY_LIFETIME_STAT: Attempting to increment a LifetimeStat out of its fMaxRange.', ',BO8', 'po[STAT_UPDATE_MY_LIFETIME_STAT: Attempting to decrement a LifetimeStat out of its fMinRange.']"
222,Function_222,0,4,1,3,[],"['po[STAT_UPDATE_MY_LIFETIME_STAT: Attempting to decrement a LifetimeStat out of its fMinRange.', ',BO8', '+o$STAT_GET_VALUE_AS_INT: STAT_INVALID', 'Fo?STAT_DECREASE_INT_NOW: Attempting to use a Stat out of bounds.']"
223,Function_223,0,21,5,16,[],"[',BO8', '+o$STAT_GET_VALUE_AS_INT: STAT_INVALID', 'Fo?STAT_DECREASE_INT_NOW: Attempting to use a Stat out of bounds.', 'oESTAT_DECREASE_INT_NOW: You cannot decrease this STAT_TYPE_LIFETIME: ', ',@MoASTAT_DECREASE_INT_NOW: You cannot decrease a STAT_TYPE_LIFETIME!', 'jo^STAT_DECREASE_INT_NOW: iDecreaseValue < 0 - I am turning this into a positive number for you!', ',CP9', ',DQ8']"
224,Function_224,0,3,0,3,[],"[',CP9', ',DQ8', 'Og!5', ',DR8', ',CSR', 'C,DT8', ',DU8', ',DV8', ',FW8', ',BX8', ',B?8']"
225,Function_225,0,2,0,2,[],"[',DQ8', 'Og!5', ',DR8', ',CSR', 'C,DT8', ',DU8', ',DV8', ',FW8', ',BX8', ',B?8', ',B@R', ',FY8']"
226,Function_226,0,44,0,44,[],"[',DQ8', 'Og!5', ',DR8', ',CSR', 'C,DT8', ',DU8', ',DV8', ',FW8', ',BX8', ',B?8', ',B@R', ',FY8']"
227,Function_227,0,2,0,2,[],"[',HZ8', ',C[9', ',B\\8', ',B]8', ',DeR', ',Dfb', ',Cg9', ',Dh8']"
228,Function_228,0,3,0,3,[],"[',B\\8', ',B]8', ',DeR', ',Dfb', ',Cg9', ',Dh8']"
229,Function_229,0,4,0,4,[],"[',DeR', ',Dfb', ',Cg9', ',Dh8', ',Ci9', ',Cj7']"
23,Function_23,0,2,0,2,[],[]
230,Function_230,0,20,0,20,[],"[',DeR', ',Dfb', ',Cg9', ',Dh8', ',Ci9', ',Cj7', ',Ek9%8%,', '28%R']"
231,Function_231,0,3,0,3,[],"[',Ci9', ',Cj7', ',Ek9%8%,', '28%R', ',Cl7', ',Cm7', ',En+']"
232,Function_232,0,5,0,5,[],"[',Ci9', ',Cj7', ',Ek9%8%,', '28%R', ',Cl7', ',Cm7', ',En+', ',Hp8', ',Fq.']"
233,Function_233,0,4,0,4,[],"[',Ek9%8%,', '28%R', ',Cl7', ',Cm7', ',En+', ',Hp8', ',Fq.']"
234,Function_234,0,2,0,2,[],"[',Cl7', ',Cm7', ',En+', ',Hp8', ',Fq.']"
235,Function_235,0,7,0,7,[],"[',Cl7', ',Cm7', ',En+', ',Hp8', ',Fq.', '>x,Cr9']"
236,Function_236,0,5,0,5,[],"[',Cm7', ',En+', ',Hp8', ',Fq.', '>x,Cr9', ',Ds8']"
238,Function_238,0,8,0,8,[],"[',P{8', ',Fz8', ',F|8', ',E}+', ',D~8', ',Dw8', '>|,C', '3SaY9']"
239,Function_239,0,37,0,37,[],"[',P{8', ',F|8', ',E}+', ',D~8', ',Dw8', '>|,C', '3SaY9', 'DeathAnchorPoint', ',Bx8', '>p,B']"
24,Function_24,0,2,0,2,[],[]
240,Function_240,0,2,0,2,[],"['>p,B', 'DeathCamSwingNew']"
241,Function_241,0,2,0,2,[],"['>p,B', 'DeathCamSwingNew', ',Dsb']"
242,Function_242,0,17,0,17,[],"['>p,B', 'DeathCamSwingNew', ',Dsb']"
243,Function_243,0,30,0,30,[],"['DeathCamSwingNew', ',Dsb', ')?&ff']"
244,Function_244,0,26,0,26,[],"['/)B^', ',Yy+8', ',Fz8', ',P{8', ',F|8', '/)B,', 'deathArcFollowKiller']"
245,Function_245,0,26,0,26,[],"[',P{8', '/)B,', 'deathArcFollowKiller', '/)B^', ',Yy+8', ',Fz8', ',F|8', 'deathArcFollowKiller_pre']"
246,Function_246,0,24,0,24,[],"[',P{8', '/)B,', 'deathArcFollowKiller_pre', '/)B^', ',Yy+8', ',Fz8', ',F|8', 'deathArcTrackKiller_pst']"
247,Function_247,0,24,0,24,[],"[',Fz8', ',P{8', 'deathArcTrackKiller_pst', '/)B^', ',Yy+8', ',F|8', 'deathArcTrackKiller']"
248,Function_248,0,16,0,16,[],"[',Fz8', ',P{8', 'deathArcTrackKiller', '/)B^', '/)@`', '/)90)()?', ',F|8']"
249,Function_249,0,17,0,17,[],"[',Fz8', '/)90)()?', ',P{8', ',F|8', '/)B^', 'oL)?']"
25,Function_25,0,1,0,1,[],[]
250,Function_250,0,17,0,17,[],"[',Fz8', ',P{8', ',F|8', 'MPSuicide', ',Dsb']"
251,Function_251,0,12,0,12,[],"['MPSuicide', ',Dsb', '/)BH']"
252,Function_252,0,16,0,16,[],"['/)BH', 'z)>c7']"
253,Function_253,0,16,0,16,[],['z)>7X']
254,Function_254,0,60,1,59,[],"['>p,Cuc', 'Generic_Dbuffer128_0', 'MPSplashItem.s0', 'MPSplashItem.s1', 'R?m,', '>p,C', '>p,C[,', 'Common_Null', 'MPSplash', 'FameText', 'NotorietyMeter', 'SplashObjective']"
255,Function_255,0,16,1,15,[],"['%s - %s %s', 'stat_yd', 'MPSplashItem.s0', 'Generic_Dbuffer128_0', 'Common_Null', '2o#Tried to get title from bad slot #', '7#r@%', '7#2.', '4`= 2.']"
256,Function_256,0,1,0,1,[],"['2o#Tried to get title from bad slot #', 'Common_Null', '7#r@%', '7#2.', '4`= 2.', '= 2.', 'SaYo', 'PickupGoldener', 'Type', ',G7c']"
257,Function_257,0,4,0,4,[],"['Common_Null', '7#r@%', '7#2.', '4`= 2.', '= 2.', 'SaYo', 'PickupGoldener', 'Type', ',G7c', ',F0b']"
258,Function_258,0,19,0,19,[],"['Common_Null', '7#r@%', '7#2.', '4`= 2.', '= 2.', 'SaYo', 'PickupGoldener', 'Type', ',G7c', ',F0b']"
259,Function_259,0,1,0,1,[],"['SaYo', 'PickupGoldener', 'Type', ',G7c', ',F0b']"
26,Function_26,0,4,0,4,[],[]
260,Function_260,0,1,0,1,[],"['PickupGoldener', 'Type', ',G7c', ',F0b']"
261,Function_261,0,3,0,3,[],"['Type', ',G7c', ',F0b']"
262,Function_262,0,4,0,4,[],"[',G7c', ',F0b']"
263,Function_263,0,1,0,1,[],"[',F0b']"
264,Function_264,0,8,1,7,[],"['>,m@']"
265,Function_265,0,2,0,2,[],"['>,m@', '8Z% S']"
266,Function_266,0,2,0,2,[],"['>,m@', '8Z% S']"
267,Function_267,0,3,0,3,[],"['>,m@', '8Z% S']"
268,Function_268,0,6,0,6,[],"['>,m@', '8Z% S']"
269,Function_269,0,2,0,2,[],"['>,m@', '8Z% S']"
27,Function_27,0,7,1,6,[],[]
270,Function_270,0,1,0,1,[],"['>,m@', '8Z% S']"
271,Function_271,0,5,0,5,[],"['>,m@', '8Z% S']"
28,Function_28,0,8,0,8,[],[]
283,Function_283,0,1,0,1,[],['Enabling the Ambient World']
284,Function_284,0,2,0,2,[],[]
285,Function_285,0,3,0,3,[],['5`PqN']
286,Function_286,0,16,1,15,[],['5`PqN']
287,Function_287,0,9,2,7,[],"['5`PqN', '4`>p']"
288,Function_288,0,1,0,1,[],"['5`PqN', '4`>p']"
289,Function_289,0,3,0,3,[],"['5`PqN', '4`>p']"
29,Function_29,0,6,1,5,[],['GENMESS_MWPLAYERKILLED']
290,Function_290,0,2,0,2,[],"['5`PqN', '4`>p']"
291,Function_291,0,50,1,49,['enable'],"['5`PqN', '4`>p', 'MP_Ticker', 'Reticle', 'WeaponAmmo', 'Splash_Message', 'Splash_Objective', 'Subtitle_Enabler']"
292,Function_292,0,45,1,44,[],"['Splash_Message', 'Splash_Objective', 'Subtitle_Enabler', 'mp_list_joined_late', 'Common_Null', 'DEBUG']"
293,Function_293,0,2,0,2,[],"['DEBUG', 'WWWWWWWWWWWWWW']"
294,Function_294,0,9,2,7,[],"['DEBUG', 'WWWWWWWWWWWWWW']"
295,Function_295,0,5,0,5,[],['WWWWWWWWWWWWWW']
296,Function_296,0,2,0,2,[],['WWWWWWWWWWWWWW']
297,Function_297,0,1,0,1,[],['WWWWWWWWWWWWWW']
298,Function_298,0,52,3,49,[],"['WWWWWWWWWWWWWW', 'R.xc', '<MP_DEFEND> ', '<SPACE> ', '--:--', '<SKULL>']"
299,Function_299,0,12,0,12,[],"['R.xc', '<SKULL>', 'INVALID REGION', ',Cj7', 'v_region']"
3,Function_3,0,31,0,31,[],"['NetConf_ExitingWait', '1% R', 'FRD Cleanup', 'FRD_ScorePanel']"
30,Function_30,0,7,0,7,[],"['GENMESS_MWPLAYERKILLED', 'NARRATOR']"
300,Function_300,0,1,0,1,[],"[',Cj7', 'v_region', 'Common_Null']"
301,Function_301,0,7,0,7,[],"['v_region', ',Cj7', 'Common_Null', 'mp_plist_name']"
302,Function_302,0,29,2,27,[],"['v_region', ',Cj7', 'Common_Null', 'mp_plist_name', 'FRD_StakeHolder', 'mp_plist_region', 'mp_plist_score_alt', 'mp_plist_posse', 'mp_plist_mw']"
303,Function_303,0,12,0,12,[],"['mp_plist_score_alt', 'mp_plist_posse', 'mp_plist_mw', 'Common_Null', ',i=@j', '_title', ',i=@v,']"
308,Function_308,0,10,1,9,[],"['=02%', '7 3b', '7 r@7 ,', 'INVALID!?', '7 r@%', '7 2.', 'R87c', '%@So', ':%R,']"
309,Function_309,0,30,2,28,[],"['=02%', '7 3b', '7 r@7 ,', 'INVALID!?', '7 r@%', '7 2.', 'R87c', '%@So', ':%R,', '(+%S,', ')GCP']"
31,Function_31,0,4,0,4,[],"['GENMESS_MWPLAYERKILLED', 'NARRATOR']"
310,Function_310,0,70,1,69,[],"['%@So', ':%R,', '(+%S,', ')GCP']"
311,Function_311,0,7,0,7,[],[]
312,Function_312,0,8,1,7,[],['R87c']
313,Function_313,0,12,1,11,[],['R87c']
314,Function_314,0,10,1,9,[],"['R87c', '%@So']"
315,Function_315,0,23,0,23,[],"['R87c', '%@So']"
316,Function_316,0,2,0,2,[],['?  c']
317,Function_317,0,4,0,4,[],['?  c']
318,Function_318,0,19,2,17,[],"['?  c', '(+z-']"
319,Function_319,0,2,0,2,[],"['?  c', '(+z-', 'R87c']"
32,Function_32,0,8,0,8,[],"['GENMESS_MWPLAYERKILLED', 'NARRATOR']"
320,Function_320,0,20,3,17,[],"['?  c', '(+z-', 'R87c']"
321,Function_321,0,16,1,15,[],['R87c']
322,Function_322,0,29,1,28,[],"['t%@So', 'net_aa_hunting_ground_icon', '"";T9', 'BLIP_ACTIVE_ACTION_AREA', '%@So', ',Do7']"
326,Function_326,0,9,2,7,[],['mp_title_help']
327,Function_327,0,3,0,3,[],"[',F,C']"
328,Function_328,0,3,0,3,[],"[',F,C']"
329,Function_329,0,4,0,4,[],"[',F,C']"
33,Function_33,0,4,1,3,[],"['GENMESS_MWPLAYERKILLED', 'NARRATOR']"
330,Function_330,0,4,0,4,[],"[',F,C']"
331,Function_331,0,15,0,15,[],"[',F,C', '[oQINVALID HORSE PASSED IN TO GET_MOUNT_INDEX! GIVING AE_RIDEABLE_ANIMAL_MEX_Mule01']"
332,Function_332,0,3,0,3,[],"['[oQINVALID HORSE PASSED IN TO GET_MOUNT_INDEX! GIVING AE_RIDEABLE_ANIMAL_MEX_Mule01', 'u>, c', 'mp_challenge_help']"
333,Function_333,0,4,0,4,[],"['[oQINVALID HORSE PASSED IN TO GET_MOUNT_INDEX! GIVING AE_RIDEABLE_ANIMAL_MEX_Mule01', 'u>, c', 'mp_challenge_help', 'RTxzb']"
334,Function_334,0,20,4,16,[],"['u>, c', 'mp_challenge_help', 'RTxzb']"
335,Function_335,0,2,0,2,[],"['RTxzb', 'mp_challenge_help', 'MPReward']"
336,Function_336,0,5,0,5,[],"['mp_challenge_help', 'RTxzb', 'MPReward']"
337,Function_337,0,2,0,2,[],"['mp_challenge_help', 'RTxzb', 'MPReward']"
338,Function_338,0,41,1,40,[],"['mp_challenge_help', 'RTxzb', 'MPReward']"
339,Function_339,0,1,0,1,[],"['MPRankTexture', 'MPRewardTitle', 'MPRewardItem.s0']"
34,Function_34,0,11,0,11,[],['NARRATOR']
340,Function_340,0,2,0,2,[],"['MPRankTexture', 'MPRewardTitle', 'MPRewardItem.s0']"
341,Function_341,0,17,2,15,[],"['MPRankTexture', 'MPRewardTitle', 'MPRewardItem.s0', 'MPReward', 'MPRewardItem.s1', 'Common_Null']"
342,Function_342,0,15,2,13,[],"['MPRewardTitle', 'MPRewardItem.s0', 'MPRewardItem.s1', 'Common_Null', 'lvl_', '_icon', 'icon_prestige_award_', 'icon_prestige_', 'icon_prestige_award_4', '_color']"
343,Function_343,0,57,0,57,[],"['icon_prestige_award_4', 'icon_prestige_award_', '_color']"
344,Function_344,0,26,0,26,[],[]
345,Function_345,0,2,0,2,[],"['_des', '_DYNAMIC_XP', '_DYNAMIC_GOAL']"
346,Function_346,0,1,0,1,[],"['_des', '_DYNAMIC_XP', '_DYNAMIC_GOAL', '_DYNAMIC_TITLE']"
347,Function_347,0,1,0,1,[],"['_des', '_DYNAMIC_XP', '_DYNAMIC_GOAL', '_DYNAMIC_TITLE']"
348,Function_348,0,1,0,1,[],"['_des', '_DYNAMIC_XP', '_DYNAMIC_GOAL', '_DYNAMIC_TITLE']"
349,Function_349,0,4,0,4,[],['=4%4']
35,Function_35,0,2,0,2,[],"['NoRegen', 'NoBleedout', 'SatchelTab_Weapons', 'PM_Weapons']"
350,Function_350,0,2,0,2,[],['=4%4']
351,Function_351,0,1,0,1,[],['=4%4']
352,Function_352,0,3,1,2,[],['=4%4']
353,Function_353,0,9,3,6,[],['=4%4']
354,Function_354,0,4,1,3,[],"['=4%4', 'p4LD', 'p4L6', 'p4L4']"
355,Function_355,0,4,0,4,[],"['=4%4', 'p4LD', 'p4L6', 'p4L4']"
356,Function_356,0,3,1,2,[],"['p4LD', 'p4L6', 'p4L4']"
357,Function_357,0,5,0,5,[],"['p4L4', 'p4LD', '%#)CH', '%()Cz']"
358,Function_358,0,19,1,18,[],"['%#)CH', '%()Cz', '4o$we should have a goal at this point']"
359,Function_359,0,17,0,17,[],[]
36,Function_36,0,22,1,21,[],"['NoRegen', 'NoBleedout', 'SatchelTab_Weapons', 'PM_Weapons']"
360,Function_360,0,17,0,17,[],['ZC_KLS']
361,Function_361,0,9,0,9,[],"['ZC_KLS', 'ZC_WVS', 'ZC_TMP', 'ZC_KLC', 'UN_UNDEADTEAMPLAYER_64', 'UN_UNDEADTEAMPLAYER_128']"
362,Function_362,0,3,0,3,[],"['ZC_KLS', 'ZC_WVS', 'ZC_TMP', 'ZC_KLC', 'UN_UNDEADTEAMPLAYER_64', 'UN_UNDEADTEAMPLAYER_128', 'UN_UNDEADKILLCHAIN_64', 'UN_UNDEADKILLCHAIN_128']"
363,Function_363,0,3,0,3,[],"['ZC_TMP', 'ZC_KLC', 'UN_UNDEADTEAMPLAYER_64', 'UN_UNDEADTEAMPLAYER_128', 'UN_UNDEADKILLCHAIN_64', 'UN_UNDEADKILLCHAIN_128', 'UN_UNDEADWAVES_64', 'UN_UNDEADWAVES_128']"
364,Function_364,0,3,0,3,[],"['UN_UNDEADTEAMPLAYER_64', 'UN_UNDEADTEAMPLAYER_128', 'UN_UNDEADKILLCHAIN_64', 'UN_UNDEADKILLCHAIN_128', 'UN_UNDEADWAVES_64', 'UN_UNDEADWAVES_128']"
365,Function_365,0,22,0,22,[],"['UN_UNDEADKILLCHAIN_128', 'UN_UNDEADWAVES_64', 'UN_UNDEADWAVES_128']"
366,Function_366,0,6,0,6,[],['SC_Travel_Icon']
367,Function_367,0,1,0,1,[],"['SC_Travel_Icon', 'UN_UNDEADKILLS_64', 'UN_UNDEADKILLS_128']"
368,Function_368,0,2,0,2,[],"['SC_Travel_Icon', 'UN_UNDEADKILLS_64', 'UN_UNDEADKILLS_128']"
369,Function_369,0,2,0,2,[],"['SC_Travel_Icon', 'UN_UNDEADKILLS_64', 'UN_UNDEADKILLS_128', '%2)C', '%d)CH']"
37,Function_37,0,10,0,10,[],"['SatchelTab_Weapons', 'PM_Weapons', '=H2,']"
370,Function_370,0,3,0,3,[],"['SC_Travel_Icon', 'UN_UNDEADKILLS_64', 'UN_UNDEADKILLS_128', '%2)C', '%d)CH']"
371,Function_371,0,12,0,12,[],"['UN_UNDEADKILLS_64', 'UN_UNDEADKILLS_128', '%2)C', '%d)CH']"
372,Function_372,0,19,1,18,[],['4o$we should have a goal at this point']
373,Function_373,0,29,0,29,[],[]
374,Function_374,0,15,0,15,[],"['AD_WIN', 'AD_CPT1', 'AD_ATK1', 'AD_TKTS', 'AD_DTHS', 'AD_KLSD', 'AD_ATK2']"
375,Function_375,0,3,0,3,[],"['AD_ATK1', 'AD_TKTS', 'AD_DTHS', 'AD_KLSD', 'AD_ATK2', 'timeAttacking_64', 'timeAttacking_128', 'MP_KillStreak_Icon', 'MP_KillStreak_Icon_128', 'hardToKill_64']"
376,Function_376,0,3,0,3,[],"['AD_KLSD', 'AD_ATK2', 'timeAttacking_64', 'timeAttacking_128', 'MP_KillStreak_Icon', 'MP_KillStreak_Icon_128', 'hardToKill_64', 'hardToKill_128', 'gotLives_64']"
377,Function_377,0,3,0,3,[],"['timeAttacking_64', 'timeAttacking_128', 'MP_KillStreak_Icon', 'MP_KillStreak_Icon_128', 'hardToKill_64', 'hardToKill_128', 'gotLives_64', 'gotLives_128']"
378,Function_378,0,3,0,3,[],"['MP_KillStreak_Icon', 'MP_KillStreak_Icon_128', 'hardToKill_64', 'hardToKill_128', 'gotLives_64', 'gotLives_128', 'timeAttacking_64', 'timeAttacking_128', 'captureCheckPoints_64']"
379,Function_379,0,3,0,3,[],"['MP_KillStreak_Icon_128', 'hardToKill_64', 'hardToKill_128', 'gotLives_64', 'gotLives_128', 'timeAttacking_64', 'timeAttacking_128', 'captureCheckPoints_64', 'captureCheckPoints_128', 'matchWins_64']"
38,Function_38,0,5,0,5,[],"['=H2,']"
380,Function_380,0,3,0,3,[],"['hardToKill_128', 'gotLives_64', 'gotLives_128', 'timeAttacking_64', 'timeAttacking_128', 'captureCheckPoints_64', 'captureCheckPoints_128', 'matchWins_64', 'matchWins_128']"
381,Function_381,0,3,0,3,[],"['timeAttacking_64', 'timeAttacking_128', 'captureCheckPoints_64', 'captureCheckPoints_128', 'matchWins_64', 'matchWins_128']"
382,Function_382,0,7,0,7,[],"['captureCheckPoints_128', 'matchWins_64', 'matchWins_128']"
383,Function_383,0,19,1,18,[],['4o$we should have a goal at this point']
384,Function_384,0,25,0,25,[],[]
385,Function_385,0,13,0,13,[],"['RC_TP3', 'RC_GP', 'RC_SML', 'RC_DS1', 'RC_DS2', 'RC_KLS']"
386,Function_386,0,3,0,3,[],"['RC_GP', 'RC_SML', 'RC_DS1', 'RC_DS2', 'RC_KLS', 'MP_KillStreak_Icon', 'MP_KillStreak_Icon_128', 'dontShoot_64', 'dontShoot_128']"
387,Function_387,0,3,0,3,[],"['RC_DS2', 'RC_KLS', 'MP_KillStreak_Icon', 'MP_KillStreak_Icon_128', 'dontShoot_64', 'dontShoot_128', 'finishAll3_64', 'finishAll3_128']"
388,Function_388,0,3,0,3,[],"['MP_KillStreak_Icon', 'MP_KillStreak_Icon_128', 'dontShoot_64', 'dontShoot_128', 'finishAll3_64', 'finishAll3_128', 'grandPrixPoints_64', 'grandPrixPoints_128']"
389,Function_389,0,3,0,3,[],"['MP_KillStreak_Icon_128', 'dontShoot_64', 'dontShoot_128', 'finishAll3_64', 'finishAll3_128', 'grandPrixPoints_64', 'grandPrixPoints_128', 'grandPrixTop3_64']"
39,Function_39,0,23,0,23,[],"['=H2,']"
390,Function_390,0,3,0,3,[],"['dontShoot_128', 'dontShoot_64', 'finishAll3_64', 'finishAll3_128', 'grandPrixPoints_64', 'grandPrixPoints_128', 'grandPrixTop3_64', 'grandPrixTop3_128']"
391,Function_391,0,3,0,3,[],"['dontShoot_128', 'finishAll3_64', 'finishAll3_128', 'grandPrixPoints_64', 'grandPrixPoints_128', 'grandPrixTop3_64', 'grandPrixTop3_128']"
392,Function_392,0,8,0,8,[],"['grandPrixPoints_128', 'grandPrixTop3_64', 'grandPrixTop3_128']"
393,Function_393,0,19,1,18,[],['4o$we should have a goal at this point']
394,Function_394,0,17,0,17,[],['GB_PKR1']
395,Function_395,0,9,0,9,[],"['GB_PKR1', 'GB_PKR2', 'GB_LD1', 'GB_LD2', 'SC_LiarsDice_Icon', 'SC_Poker_Icon']"
396,Function_396,0,1,0,1,[],"['GB_PKR1', 'GB_PKR2', 'GB_LD1', 'GB_LD2', 'SC_LiarsDice_Icon', 'SC_Poker_Icon', '%2)B', '%d)C', '%2)C/', '%d)Cz']"
397,Function_397,0,1,0,1,[],"['GB_PKR1', 'GB_PKR2', 'GB_LD1', 'GB_LD2', 'SC_LiarsDice_Icon', 'SC_Poker_Icon', '%2)B', '%d)C', '%2)C/', '%d)Cz']"
398,Function_398,0,3,0,3,[],"['GB_LD1', 'GB_LD2', 'SC_LiarsDice_Icon', 'SC_Poker_Icon', '%2)B', '%d)C', '%2)C/', '%d)Cz']"
399,Function_399,0,18,1,17,[],"['%2)B', '%d)C', '%2)C/', '%d)Cz', '4o$we should have a goal at this point']"
4,Function_4,0,1,0,1,[],"['FRD Cleanup', 'FRD_ScorePanel', '?(z-', '?8~-']"
40,Function_40,0,23,2,21,[],['n)Ap']
400,Function_400,0,9,0,9,[],"['WP_ATR', 'WP_ATR2', 'challenge_01lvl2']"
401,Function_401,0,5,0,5,[],"['WP_ATR', 'WP_ATR2', 'challenge_01lvl2', 'challenge_01', 'SaYo', 'DLCFM_Weapon']"
402,Function_402,0,1,0,1,[],"['WP_ATR', 'WP_ATR2', 'challenge_01lvl2', 'challenge_01', 'SaYo', 'DLCFM_Weapon', 'DLCFM_Weapon_']"
403,Function_403,0,1,0,1,[],"['WP_ATR', 'WP_ATR2', 'challenge_01lvl2', 'challenge_01', 'SaYo', 'DLCFM_Weapon', 'DLCFM_Weapon_', 'SaY7']"
404,Function_404,0,8,0,8,[],"['WP_ATR', 'WP_ATR2', 'challenge_01lvl2', 'challenge_01', 'SaYo', 'DLCFM_Weapon', 'DLCFM_Weapon_', 'SaY7']"
405,Function_405,0,5,0,5,[],"['SaYo', 'DLCFM_Weapon', 'DLCFM_Weapon_', 'SaY7', '%2)B', '%d)C']"
406,Function_406,0,5,0,5,[],"['DLCFM_Weapon_', 'SaY7', '%2)B', '%d)C']"
407,Function_407,0,17,0,17,[],"['%2)B', '%d)C', 'WP_TOM', 'WP_TOM2']"
408,Function_408,0,9,0,9,[],"['WP_TOM', 'WP_TOM2', 'PVPTS', 'PVPRT', 'MP_Revenge_Icon', 'MP_TrickShot_Icon']"
409,Function_409,0,1,0,1,[],"['WP_TOM', 'WP_TOM2', 'PVPTS', 'PVPRT', 'MP_Revenge_Icon', 'MP_TrickShot_Icon']"
41,Function_41,0,9,0,9,[],['/)Bp']
410,Function_410,0,1,0,1,[],"['WP_TOM', 'WP_TOM2', 'PVPTS', 'PVPRT', 'MP_Revenge_Icon', 'MP_TrickShot_Icon']"
411,Function_411,0,4,0,4,[],"['WP_TOM2', 'PVPTS', 'PVPRT', 'MP_Revenge_Icon', 'MP_TrickShot_Icon', 'u>,c']"
412,Function_412,0,3,1,2,[],"['PVPTS', 'PVPRT', 'MP_Revenge_Icon', 'MP_TrickShot_Icon', 'u>,c', 'AM_SS', 'AM_MH']"
413,Function_413,0,63,0,63,[],"['u>,c', 'AM_SS', 'AM_MH', 'AM_SU', 'AM_TH', 'AM_LB', 'AM_SS2', 'AM_MH2', 'AM_SU2', 'S$fS$', 'AM_LB2', 'AM_LB3']"
414,Function_414,0,19,1,18,[],"['AM_SU', 'challenge_03', 'AM_TH', 'challenge_04', '% So', 'S""t%@So', 'AM_ER', ':(?TS ', 'challenge_01', '$:(>', '.:(>', 'AM_OBJSETER_SP']"
415,Function_415,0,5,0,5,['mission'],"['.:(>', 'AM_OBJSETER_SP', 'AmbientMissions_Layout', '3:(>']"
416,Function_416,0,6,0,6,[],"['AM_OBJSETER_SP', 'AmbientMissions_Layout', '3:(>', '_des']"
417,Function_417,0,2,0,2,[],"['AmbientMissions_Layout', '3:(>', '_des', 'O3t4']"
418,Function_418,0,6,0,6,[],"['3:(>', '_des', 'O3t4']"
419,Function_419,0,7,2,5,[],"['_des', '3:(>', 'O3t4', '^4(>']"
42,Function_42,0,2,0,2,[],"['/)Bp', 'MPSplash', 'FameText', 'NotorietyMeter']"
420,Function_420,0,2,0,2,[],"['3:(>', 'O3t4', '^4(>', 'S N<?;?O3t4', ';?O3t4']"
421,Function_421,0,3,0,3,[],"['3:(>', 'O3t4', '^4(>', 'S N<?;?O3t4', ';?O3t4']"
422,Function_422,0,2,0,2,[],"['O3t4', '^4(>', 'S N<?;?O3t4', ';?O3t4', ':(? z-']"
423,Function_423,0,2,0,2,[],"['O3t4', '^4(>', 'S N<?;?O3t4', ';?O3t4', ':(? z-', 'S""T9', 'O3t5']"
424,Function_424,0,2,0,2,[],"['^4(>', 'S N<?;?O3t4', ';?O3t4', ':(? z-', 'S""T9', 'O3t5']"
425,Function_425,0,8,2,6,[],"['S N<?;?O3t4', ';?O3t4', ':(? z-', 'S""T9', 'O3t5']"
426,Function_426,0,34,3,31,[],"[';?O3t4', ':(? z-', 'S""T9', 'O3t5', ': Returning new deed ', 'O?F6', 'O3t4', 'O3t6', ': Returning existing deed ', ',@M8']"
427,Function_427,0,5,2,3,[],"['O3t4', 'O3t6', ': Returning existing deed ', ',@M8', 'O3t5', 'AM_TM', '?TS#']"
428,Function_428,0,2,0,2,[],"[',@M8', 'O3t5', 'AM_TM', '?TS#', 'challenge_01']"
429,Function_429,0,3,0,3,[],"[',@M8', 'O3t5', 'AM_TM', '?TS#', 'challenge_01']"
43,Function_43,0,3,0,3,[],"['/)Bp', 'MPSplash', 'FameText', 'NotorietyMeter', 'SplashObjective']"
430,Function_430,0,19,1,18,[],"['O3t5', 'AM_TM', '?TS#', 'challenge_01', 'S#*b', 'AM_OBJSETTM_SP']"
431,Function_431,0,6,0,6,[],"['S#*b', 'AM_OBJSETTM_SP', 'vS#g', '_des', '3S#g']"
432,Function_432,0,2,0,2,[],"['AM_OBJSETTM_SP', 'vS#g', '_des', '3S#g', 'S N<>;>O3t4']"
433,Function_433,0,6,0,6,[],"['vS#g', '_des', '3S#g', 'S N<>;>O3t4', ';>O3t4']"
434,Function_434,0,2,0,2,[],"['_des', '3S#g', 'S N<>;>O3t4', ';>O3t4', '? z-', 'challenge_04lvl2', 'challenge_04']"
435,Function_435,0,2,0,2,[],"['_des', '3S#g', 'S N<>;>O3t4', ';>O3t4', '? z-', 'challenge_04lvl2', 'challenge_04', 'challenge_03lvl2']"
436,Function_436,0,1,0,1,[],"['S N<>;>O3t4', ';>O3t4', '? z-', 'challenge_04lvl2', 'challenge_04', 'challenge_03lvl2', 'challenge_02lvl2', 'challenge_05', 'challenge_03']"
437,Function_437,0,1,0,1,[],"['S N<>;>O3t4', ';>O3t4', '? z-', 'challenge_04lvl2', 'challenge_04', 'challenge_03lvl2', 'challenge_02lvl2', 'challenge_05', 'challenge_03', 'challenge_02']"
438,Function_438,0,1,0,1,[],"['S N<>;>O3t4', ';>O3t4', '? z-', 'challenge_04lvl2', 'challenge_04', 'challenge_03lvl2', 'challenge_02lvl2', 'challenge_05', 'challenge_03', 'challenge_02']"
439,Function_439,0,1,0,1,[],"[';>O3t4', '? z-', 'challenge_04lvl2', 'challenge_04', 'challenge_03lvl2', 'challenge_02lvl2', 'challenge_05', 'challenge_03', 'challenge_02']"
44,Function_44,0,4,0,4,[],"['/)Bp', 'MPSplash', 'FameText', 'NotorietyMeter', 'SplashObjective']"
440,Function_440,0,1,0,1,[],"[';>O3t4', '? z-', 'challenge_04lvl2', 'challenge_04', 'challenge_03lvl2', 'challenge_02lvl2', 'challenge_05', 'challenge_03', 'challenge_02', 'u>,c']"
441,Function_441,0,1,0,1,[],"['? z-', 'challenge_04lvl2', 'challenge_04', 'challenge_03lvl2', 'challenge_02lvl2', 'challenge_05', 'challenge_03', 'challenge_02', 'u>,c']"
442,Function_442,0,1,0,1,[],"['challenge_04', 'challenge_03lvl2', 'challenge_02lvl2', 'challenge_05', 'challenge_03', 'challenge_02', 'u>,c']"
443,Function_443,0,27,2,25,[],"['challenge_02lvl2', 'challenge_05', 'challenge_03', 'challenge_02', 'u>,c', 'S,l8', 'S,?8', 'S)_8', 'challenge_04', 'S&Hb']"
444,Function_444,0,17,0,17,[],"['challenge_04', 'S&Hb', 'u>, c', 'u>,R']"
445,Function_445,0,9,0,9,[],"['u>, c', 'u>,R', '_mp_des', '_des']"
446,Function_446,0,6,0,6,[],"['u>,R', '_mp_des', '_des', 'u>, c']"
447,Function_447,0,4,0,4,[],"['u>, c', '_DYNAMIC_TITLE']"
448,Function_448,0,20,1,19,[],"['u>, c', '_DYNAMIC_TITLE', 'AM_MAPHLP']"
449,Function_449,0,6,0,6,[],"['AM_MAPHLP', 'u>, c']"
45,Function_45,0,9,0,9,[],"['MPSplash', 'FameText', 'NotorietyMeter', 'SplashObjective']"
450,Function_450,0,6,0,6,[],"['AM_MAPHLP', 'u>, c']"
451,Function_451,0,13,0,13,[],"['u>, c']"
452,Function_452,0,44,5,39,[],"['u>, c', '_INTSLOT', '_FLOATSLOT', '_TIMERSLOT', '_OBJECTSLOT']"
453,Function_453,0,20,2,18,[],"['u>, c', 'AM_NO_PURGE', 'Eo@AM_PURGE_COLLECTION: attempting to disband an invalid objectset']"
454,Function_454,0,6,0,6,[],"['Eo@AM_PURGE_COLLECTION: attempting to disband an invalid objectset', 'AM_OBJSET', 'u>,c']"
455,Function_455,0,5,0,5,[],"['AM_OBJSET', 'u>,c', 'S-O9']"
456,Function_456,0,5,0,5,[],"['AM_OBJSET', 'u>,c', 'S-O9']"
457,Function_457,0,19,3,16,[],"['u>,c', 'S-O9', 'AM_OBJSET']"
458,Function_458,0,7,0,7,['mission'],"['AM_OBJSET', 'AmbientMissions_Iterator', 'NHIL']"
459,Function_459,0,1,0,1,[],"['AmbientMissions_Iterator', 'NHIL', '%2)B', '%d)C']"
46,Function_46,0,5,0,5,[],"['FameText', 'NotorietyMeter', 'SplashObjective', 'MP_Ticker', 'Reticle']"
460,Function_460,0,4,0,4,[],"['AmbientMissions_Iterator', 'NHIL', '%2)B', '%d)C']"
461,Function_461,0,199,0,199,[],"['NHIL', '%2)B', '%d)C', '%2)C/', '%d)Cz', '2S8o%', '2S8o', '&dd,', '&2d,']"
462,Function_462,0,17,0,17,[],['S&H.']
463,Function_463,0,40,6,34,[],"['S&H.', '_info', '_num', 'PVP_num2', 'PVP_num3', 'u>, c', '_info_mp', 'AM_num']"
464,Function_464,0,443,0,443,[],"['AM_num', 'PVDM_1', 'PVDM_2', 'PVTD_1', 'PVTD_2', 'PVTD_3', 'PVKS_1', 'PVKS_2', 'PVKS2_1', 'PVKS2_2', 'PVKS2_3', 'PVKS2_4']"
465,Function_465,0,1,0,1,[],"['WP_DBB2', 'WP_BLT2', 'WP_EVN2', 'WP_LMT2', 'WP_MSR2', 'COOP_advanced_icon', 'SC_AA_Nosalida_Icon', 'SC_AA_TwinRocks_Icon', 'SC_AA_Gaptooth_Icon', 'SC_AA_Tesoro_Icon']"
466,Function_466,0,1,0,1,[],"['WP_BLT2', 'WP_EVN2', 'WP_LMT2', 'WP_MSR2', 'COOP_advanced_icon', 'SC_AA_Nosalida_Icon', 'SC_AA_TwinRocks_Icon', 'SC_AA_Gaptooth_Icon', 'SC_AA_Tesoro_Icon', 'SC_AA_Mercer_Icon']"
467,Function_467,0,1,0,1,[],"['WP_EVN2', 'WP_LMT2', 'WP_MSR2', 'COOP_advanced_icon', 'SC_AA_Nosalida_Icon', 'SC_AA_TwinRocks_Icon', 'SC_AA_Gaptooth_Icon', 'SC_AA_Tesoro_Icon', 'SC_AA_Mercer_Icon', 'SC_AA_Pikes_Icon']"
468,Function_468,0,1,0,1,[],"['WP_LMT2', 'WP_MSR2', 'COOP_advanced_icon', 'SC_AA_Nosalida_Icon', 'SC_AA_TwinRocks_Icon', 'SC_AA_Gaptooth_Icon', 'SC_AA_Tesoro_Icon', 'SC_AA_Mercer_Icon', 'SC_AA_Pikes_Icon', 'COOP_icon']"
469,Function_469,0,1,0,1,[],"['COOP_advanced_icon', 'SC_AA_Nosalida_Icon', 'SC_AA_TwinRocks_Icon', 'SC_AA_Gaptooth_Icon', 'SC_AA_Tesoro_Icon', 'SC_AA_Mercer_Icon', 'SC_AA_Pikes_Icon', 'COOP_icon', 'MP_HeavyWeapons_Icon']"
47,Function_47,0,2,0,2,[],"['NotorietyMeter', 'SplashObjective', 'MP_Ticker', 'Reticle', 'WeaponAmmo']"
470,Function_470,0,1,0,1,[],"['SC_AA_Nosalida_Icon', 'SC_AA_TwinRocks_Icon', 'SC_AA_Gaptooth_Icon', 'SC_AA_Tesoro_Icon', 'SC_AA_Mercer_Icon', 'SC_AA_Pikes_Icon', 'COOP_icon', 'MP_HeavyWeapons_Icon', 'MP_Goldrush_icon']"
471,Function_471,0,1,0,1,[],"['SC_AA_TwinRocks_Icon', 'SC_AA_Gaptooth_Icon', 'SC_AA_Tesoro_Icon', 'SC_AA_Mercer_Icon', 'SC_AA_Pikes_Icon', 'COOP_icon', 'MP_HeavyWeapons_Icon', 'MP_Goldrush_icon', 'MP_GrabTheBagII_icon']"
472,Function_472,0,1,0,1,[],"['SC_AA_TwinRocks_Icon', 'SC_AA_Gaptooth_Icon', 'SC_AA_Tesoro_Icon', 'SC_AA_Mercer_Icon', 'SC_AA_Pikes_Icon', 'COOP_icon', 'MP_HeavyWeapons_Icon', 'MP_Goldrush_icon', 'MP_GrabTheBagII_icon', 'MP_GrabTheBag_Icon']"
473,Function_473,0,1,0,1,[],"['SC_AA_Gaptooth_Icon', 'SC_AA_Tesoro_Icon', 'SC_AA_Mercer_Icon', 'SC_AA_Pikes_Icon', 'COOP_icon', 'MP_HeavyWeapons_Icon', 'MP_Goldrush_icon', 'MP_GrabTheBagII_icon', 'MP_GrabTheBag_Icon', 'MP_HoldYourOwn_Icon']"
474,Function_474,0,1,0,1,[],"['SC_AA_Tesoro_Icon', 'SC_AA_Mercer_Icon', 'SC_AA_Pikes_Icon', 'COOP_icon', 'MP_HeavyWeapons_Icon', 'MP_Goldrush_icon', 'MP_GrabTheBagII_icon', 'MP_GrabTheBag_Icon', 'MP_HoldYourOwn_Icon', 'MP_Unstoppable_Icon']"
475,Function_475,0,1,0,1,[],"['SC_AA_Mercer_Icon', 'SC_AA_Pikes_Icon', 'COOP_icon', 'MP_HeavyWeapons_Icon', 'MP_Goldrush_icon', 'MP_GrabTheBagII_icon', 'MP_GrabTheBag_Icon', 'MP_HoldYourOwn_Icon', 'MP_Unstoppable_Icon', 'MP_KDR_Icon']"
476,Function_476,0,1,0,1,[],"['SC_AA_Pikes_Icon', 'COOP_icon', 'MP_HeavyWeapons_Icon', 'MP_Goldrush_icon', 'MP_GrabTheBagII_icon', 'MP_GrabTheBag_Icon', 'MP_HoldYourOwn_Icon', 'MP_Unstoppable_Icon', 'MP_KDR_Icon', 'KillStreakII_Icon']"
477,Function_477,0,1,0,1,[],"['COOP_icon', 'MP_HeavyWeapons_Icon', 'MP_Goldrush_icon', 'MP_GrabTheBagII_icon', 'MP_GrabTheBag_Icon', 'MP_HoldYourOwn_Icon', 'MP_Unstoppable_Icon', 'MP_KDR_Icon', 'KillStreakII_Icon', 'MP_KillStreak_Icon']"
478,Function_478,0,1,0,1,[],"['MP_Goldrush_icon', 'MP_GrabTheBagII_icon', 'MP_GrabTheBag_Icon', 'MP_HoldYourOwn_Icon', 'MP_Unstoppable_Icon', 'MP_KDR_Icon', 'KillStreakII_Icon', 'MP_KillStreak_Icon', 'MP_TDM_Icon', 'MP_DM_Icon']"
479,Function_479,0,1,0,1,[],"['MP_GrabTheBagII_icon', 'MP_GrabTheBag_Icon', 'MP_HoldYourOwn_Icon', 'MP_Unstoppable_Icon', 'MP_KDR_Icon', 'KillStreakII_Icon', 'MP_KillStreak_Icon', 'MP_TDM_Icon', 'MP_DM_Icon']"
48,Function_48,0,2,0,2,[],"['NotorietyMeter', 'SplashObjective', 'MP_Ticker', 'Reticle', 'WeaponAmmo']"
480,Function_480,0,1,0,1,[],"['MP_GrabTheBagII_icon', 'MP_GrabTheBag_Icon', 'MP_HoldYourOwn_Icon', 'MP_Unstoppable_Icon', 'MP_KDR_Icon', 'KillStreakII_Icon', 'MP_KillStreak_Icon', 'MP_TDM_Icon', 'MP_DM_Icon']"
481,Function_481,0,1,0,1,[],"['MP_GrabTheBag_Icon', 'MP_HoldYourOwn_Icon', 'MP_Unstoppable_Icon', 'MP_KDR_Icon', 'KillStreakII_Icon', 'MP_KillStreak_Icon', 'MP_TDM_Icon', 'MP_DM_Icon', 'NHIL']"
482,Function_482,0,1,0,1,[],"['MP_HoldYourOwn_Icon', 'MP_Unstoppable_Icon', 'MP_KDR_Icon', 'KillStreakII_Icon', 'MP_KillStreak_Icon', 'MP_TDM_Icon', 'MP_DM_Icon', 'NHIL']"
483,Function_483,0,1,0,1,[],"['MP_Unstoppable_Icon', 'MP_KDR_Icon', 'KillStreakII_Icon', 'MP_KillStreak_Icon', 'MP_TDM_Icon', 'MP_DM_Icon', 'NHIL', 'S-O9']"
484,Function_484,0,4,1,3,[],"['MP_KDR_Icon', 'KillStreakII_Icon', 'MP_KillStreak_Icon', 'MP_TDM_Icon', 'MP_DM_Icon', 'NHIL', 'S-O9']"
485,Function_485,0,1,0,1,[],"['KillStreakII_Icon', 'MP_KillStreak_Icon', 'MP_TDM_Icon', 'MP_DM_Icon', 'NHIL', 'S-O9']"
486,Function_486,0,13,1,12,[],"['MP_DM_Icon', 'NHIL', 'S-O9']"
487,Function_487,0,10,0,10,[],"['NHIL', 'S-O9', '%#SS']"
488,Function_488,0,2,0,2,[],"['S-O9', '%#SS', ""SQ'("", 'Og!5']"
489,Function_489,0,13,2,11,[],"['S-O9', '%#SS', ""SQ'("", 'Og!5', 'Og!6', 'Og!B']"
49,Function_49,0,1,0,1,[],"['NotorietyMeter', 'SplashObjective', 'MP_Ticker', 'Reticle', 'WeaponAmmo']"
490,Function_490,0,6,0,6,[],"['%#SS', ""SQ'("", 'Og!5', 'Og!6', 'Og!B', 'SQl+%', 'SQl+', 'Ho?STAT_INCREASE_INT_NOW: Attempting to use a Stat out of bounds.']"
491,Function_491,0,22,5,17,[],"[""SQ'("", 'Og!5', 'Og!6', 'Og!B', 'SQl+%', 'SQl+', 'Ho?STAT_INCREASE_INT_NOW: Attempting to use a Stat out of bounds.', 'oNSTAT_INCREASE_INT_NOW: You cannot increase this STAT_TYPE_LIFETIME directly: ', ',@MonSTAT_INCREASE_INT_NOW: You cannot increase a STAT_TYPE_LIFETIME directly, use the COLLECTION version instead!', 'jo^STAT_INCREASE_INT_NOW: iIncreaseValue < 0 - I am turning this into a positive number for you!', ',CP9']"
492,Function_492,0,2,1,1,[],"['>l{-', 'R87c']"
493,Function_493,0,1,0,1,[],"['>l{-', 'R87c']"
494,Function_494,0,26,2,24,[],"['>l{-', 'R87c']"
495,Function_495,0,4,0,4,[],"['R87c', 'o:ERROR: Trying to PAUSE a TIMER that has not been started!']"
496,Function_496,0,9,1,8,[],['o:ERROR: Trying to PAUSE a TIMER that has not been started!']
497,Function_497,0,10,0,10,[],"['o:ERROR: Trying to PAUSE a TIMER that has not been started!', 'oOWARNING: Trying to PAUSE a TIMER that has not been started! IGNORING COMMAND.']"
498,Function_498,0,2,0,2,[],"['oOWARNING: Trying to PAUSE a TIMER that has not been started! IGNORING COMMAND.', 'PqNR', '4PqNR', '2%9L']"
499,Function_499,0,11,0,11,[],"['oOWARNING: Trying to PAUSE a TIMER that has not been started! IGNORING COMMAND.', 'PqNR', '4PqNR', '2%9L']"
5,Function_5,0,1,0,1,[],"['FRD Cleanup', 'FRD_ScorePanel', '?(z-', '?8~-']"
50,Function_50,0,2,0,2,[],"['SplashObjective', 'MP_Ticker', 'Reticle', 'WeaponAmmo', 'Splash_Message']"
500,Function_500,0,11,0,11,[],"['PqNR', '4PqNR', '2%9L', 'SWXj', 'SW+SV', '@dSV5z-']"
501,Function_501,0,11,4,7,[],"['2%9L', 'SWXj', 'SW+SV', '@dSV5z-']"
502,Function_502,0,4,0,4,[],"['SWXj', 'SW+SV', '@dSV5z-', ',CPA']"
503,Function_503,0,3,0,3,[],"['@dSV5z-', ',CPA', 'Rank', 'MpLevel']"
504,Function_504,0,2,1,1,[],"[',CPA', 'Rank', 'MpLevel']"
505,Function_505,0,2,0,2,[],"[',CPA', 'Rank', 'MpLevel']"
506,Function_506,0,3,0,3,[],"[',CPA', 'Rank', 'MpLevel', 'SWdz-']"
507,Function_507,0,4,0,4,[],"[',CPA', 'Rank', 'MpLevel', 'SWdz-']"
508,Function_508,0,5,0,5,[],"[',CPA', 'Rank', 'MpLevel', 'SWdz-']"
509,Function_509,0,3,0,3,[],"[',CPA', 'Rank', 'MpLevel', 'SWdz-', ',Fr@~-']"
51,Function_51,0,23,0,23,['enable'],"['SplashObjective', 'MP_Ticker', 'Reticle', 'WeaponAmmo', 'Splash_Message', 'Splash_Objective', 'Subtitle_Enabler']"
510,Function_510,0,5,0,5,[],"['Rank', 'MpLevel', 'SWdz-', ',Fr@~-']"
511,Function_511,0,2,0,2,[],"['SWdz-', ',Fr@~-', 'SYxA']"
512,Function_512,0,6,0,6,[],"['SWdz-', ',Fr@~-', 'SYxA', '% SYxA']"
513,Function_513,0,53,0,53,[],"[',Fr@~-', 'SYxA', '% SYxA', ""%'SYxA"", '%1SYxb', '%$SYxA', '%)SYxA']"
514,Function_514,0,1,0,1,[],"['SYxA', '% SYxA', ""%'SYxA"", '%1SYxb', '%$SYxA', '%)SYxA']"
515,Function_515,0,6,2,4,[],"['SYxA', '% SYxA', '%$SYxA', '%)SYxA', '%1SYxb', 'SZt8']"
516,Function_516,0,9,2,7,[],"['SZt8', 'SZMz-']"
517,Function_517,0,4,1,3,[],"['SZt8', 'SZMz-', 'Co<STAT_SET_VALUE_NOW: Attempting to use a Stat out of bounds.']"
518,Function_518,0,2,0,2,[],"['SZt8', 'SZMz-', 'Co<STAT_SET_VALUE_NOW: Attempting to use a Stat out of bounds.', 'oOSTAT_SET_VALUE_NOW: You cannot set value of this STAT_TYPE_LIFETIME directly: ']"
519,Function_519,0,18,3,15,[],"['SZMz-', 'Co<STAT_SET_VALUE_NOW: Attempting to use a Stat out of bounds.', 'oOSTAT_SET_VALUE_NOW: You cannot set value of this STAT_TYPE_LIFETIME directly: ', ',@MooSTAT_SET_VALUE_NOW: You cannot set value of a STAT_TYPE_LIFETIME directly, use the COLLECTION version instead!', 'oRSTAT_SET_VALUE_NOW: You cannot set value of this STAT_TYPE_COLLECTIBLE directly: ', ',@Mo', 'STAT_SET_VALUE_NOW: You cannot set value of a STAT_TYPE_COLLECTIBLE directly, only increase and decrease operations are allowed']"
52,Function_52,0,2,0,2,[],"['Subtitle_Enabler', 'Splash_Message', 'Splash_Objective']"
520,Function_520,0,28,0,28,[],"['%@So', ',D<8', ',D>8', ',J6%']"
521,Function_521,0,30,0,30,[],"[',D<8', ',D>8', ',J6%', 'S_S8', 'S_08']"
522,Function_522,0,2,0,2,[],[]
523,Function_523,0,1,0,1,[],[]
524,Function_524,0,1,0,1,[],[]
525,Function_525,0,1,0,1,[],['S_k.']
526,Function_526,0,1,0,1,[],['S_k.']
527,Function_527,0,4,2,2,[],['S_k.']
528,Function_528,0,2,0,2,[],"['S_k.', ',C1,']"
529,Function_529,0,1,0,1,[],"['S_k.', ',C1,']"
53,Function_53,0,45,12,33,[],"['Subtitle_Enabler', 'Splash_Message', 'Splash_Objective']"
530,Function_530,0,2,0,2,[],"['S_k.', ',C1,']"
531,Function_531,0,2,0,2,[],"['S_k.', ',C1,']"
532,Function_532,0,4,0,4,[],"['S_k.', ',C1,']"
533,Function_533,0,5,0,5,[],"['S_k.', ',C1,', 'S`b8']"
534,Function_534,0,1,0,1,[],"['S_k.', ',C1,', 'S`b8', 'S`T8']"
535,Function_535,0,2,0,2,[],"[',C1,', 'S`b8', 'S`T8']"
536,Function_536,0,2,0,2,[],"[',C1,', 'S`b8', 'S`T8']"
537,Function_537,0,1,0,1,[],"[',C1,', 'S`b8', 'S`T8']"
538,Function_538,0,5,0,5,[],"[',C1,', 'S`b8', 'S`T8']"
539,Function_539,0,4,1,3,[],"['S`b8', 'S`T8']"
54,Function_54,0,4,0,4,[],[]
540,Function_540,0,2,0,2,[],"['S`b8', 'S`T8']"
541,Function_541,0,5,1,4,[],"['S`b8', 'S`T8']"
542,Function_542,0,2,0,2,[],"['S`b8', 'S`T8']"
543,Function_543,0,5,0,5,[],['S`T8']
544,Function_544,0,4,0,4,[],['S`T8']
545,Function_545,0,4,2,2,[],[]
546,Function_546,0,12,2,10,[],['gMPScratchLayout']
547,Function_547,0,4,0,4,[],"['gMPScratchLayout', 'FRD Client', 'o0RECV Payout for player #%s for %s XP, pType: %s']"
548,Function_548,0,18,1,17,[],"['FRD Client', 'o0RECV Payout for player #%s for %s XP, pType: %s', 'mp_FRD_BigPayout', 'XP_Coop_Consolation', 'FRD_StakeHolder', '?h~-']"
549,Function_549,0,7,0,7,[],"['mp_FRD_BigPayout', 'XP_Coop_Consolation', 'FRD_StakeHolder', '?h~-', 'SQl+', 'FRD Host']"
55,Function_55,0,3,1,2,[],[]
550,Function_550,0,3,0,3,[],"['FRD_StakeHolder', '?h~-', 'SQl+', 'FRD Host', 'o;RECV FRD Start Request for %s received from Player #%s, %s']"
551,Function_551,0,3,0,3,[],"['FRD_StakeHolder', '?h~-', 'SQl+', 'FRD Host', 'o;RECV FRD Start Request for %s received from Player #%s, %s']"
552,Function_552,0,2,0,2,[],"['?h~-', 'SQl+', 'FRD Host', 'o;RECV FRD Start Request for %s received from Player #%s, %s']"
553,Function_553,0,44,3,41,[],"['SQl+', 'FRD Host', 'o;RECV FRD Start Request for %s received from Player #%s, %s', 'o4He has now started the FRD for the first time ever!', 'o-He has now started the FRD in ANOTHER region', 'R=oc', ""oJHe has now started the FRD in the SAME region because the timer's expired"", ""o2Nothing happened--the cooldown timer ain't ready."", 'o He has now picked up the spoon!', 'o0Package came in for the wrong region. Ignoring.', ""o*And they've snagged it away from #%s, %s!"", 'FRD Client']"
554,Function_554,0,36,1,35,[],"['Sijc', 'SiI;', 'FRD Host', 'o#Pot Increased by %s from %s to %s.', 'Time Increased by %s to %s.', ""oBPot Left @%s and Time left @%s because it's too soon for turnover"", ""oUDidn't add time or pot because last owner is the same guy again (Old: %s v. New: %s)""]"
555,Function_555,0,1,0,1,[],"['RP-;', ',CK""']"
556,Function_556,0,4,0,4,[],"['RP-;', ',CK""']"
557,Function_557,0,7,0,7,[],"['RP-;', ',CK""', 'R=oc']"
558,Function_558,0,6,0,6,[],"['RP-;', ',CK""', 'R=oc']"
559,Function_559,0,8,0,8,[],"['RP-;', ',CK""', 'R=oc']"
56,Function_56,0,1,0,1,[],[]
560,Function_560,0,2,0,2,[],"['RP-;', ',CK""', 'R=oc']"
561,Function_561,0,4,0,4,[],"['R=oc', 'RP-)B']"
562,Function_562,0,2,0,2,[],"['R=oc', 'RP-)B']"
563,Function_563,0,22,2,20,[],['RP-)B']
564,Function_564,0,65,2,63,['wanted'],"['RP-)B', 'MP_FRD_DefenderKill', 'mp_FRD_NoClaimWhileWanted', 'RTx,', 'FRD Host', ""oW#%s, %s, killed #%s, %s, who's in a posse with the spoon holder.  Adding points to pot"", 'Sn(b', 'R.x8', '>0R8', 'MP_FRD_AttackerKill', 'o+Achievement: Players Killed while FRDing: ', ',@M:']"
565,Function_565,0,6,2,4,[],"['FRD Host', 'o>Spoonholder #%s, %s, killed #%s, %s, and adding points to pot', 'SiI9']"
566,Function_566,0,11,1,10,[],"['SiI9', 'FRD Host', ""o9Pot Increased 'cuz of Defender Kill by %s from %s to %s.""]"
567,Function_567,0,8,0,8,[],"['SiI9', 'FRD Host', ""o9Pot Increased 'cuz of Defender Kill by %s from %s to %s.""]"
568,Function_568,0,18,2,16,[],"['FRD Host', ""o9Pot Increased 'cuz of Defender Kill by %s from %s to %s."", 'R.x8', 'o@Player #%s, %s, killed #%s, %s, and is now in charge of the FRD', 'o0Player #%s, %s up and died, dropping the spoon.']"
569,Function_569,0,2,0,2,[],"['FRD Host', 'o0Player #%s, %s up and died, dropping the spoon.', '?8~-', 'R.x,']"
57,Function_57,0,10,2,8,[],[]
570,Function_570,0,2,0,2,[],"['FRD Host', 'o0Player #%s, %s up and died, dropping the spoon.', '?8~-', 'R.x,', 'net_help_most_wanted_target']"
571,Function_571,0,1,0,1,[],"['FRD Host', 'o0Player #%s, %s up and died, dropping the spoon.', '?8~-', 'R.x,', 'net_help_most_wanted_target']"
572,Function_572,0,4,0,4,[],"['?8~-', 'R.x,', 'net_help_most_wanted_target', 'RTxb']"
573,Function_573,0,14,3,11,['wanted'],"['?8~-', 'R.x,', 'net_help_most_wanted_target', 'RTxb', 'net_help_most_wanted_targets', 'RTxz-']"
574,Function_574,0,2,0,2,[],"['net_help_most_wanted_target', 'RTxb', 'net_help_most_wanted_targets', 'RTxz-', '3PqNR', ""'PqNOqP4"", 'PqNOqP4', 'PqNSq']"
575,Function_575,0,37,1,36,[],"['net_help_most_wanted_target', 'RTxb', 'net_help_most_wanted_targets', 'RTxz-', '3PqNR', ""'PqNOqP4"", 'PqNOqP4', 'PqNSq', 'OqP4']"
576,Function_576,0,10,1,9,[],"['Sr6c', 'OqP4', 'QqOb', 'PqPh']"
577,Function_577,0,7,1,6,[],"['Sr6c', 'OqP4', 'QqOb', 'PqPh']"
578,Function_578,0,1,0,1,[],"['QqOb', 'PqPh', 'OqP4', 'FRD_TMSLayout', 'TMS_FRD_MAX_TIME']"
579,Function_579,0,35,0,35,"['actor', 'law']","['PqPh', 'OqP4', 'FRD_TMSLayout', 'TMS_FRD_MAX_TIME', 'TMS_FRD_MAX_POT', 'Svf:', 'TMS_FRD_INITIAL_TIME', 'TMS_FRD_MINIMUM_TIME', 'TMS_FRD_INITIAL_POT', 'TMS_FRD_EXTENSION_TIME', 'TMS_FRD_TAG_TURNOVER_COOLDOWN', 'TMS_FRD_KILL_TURNOVER_COOLDOWN']"
58,Function_58,0,2,0,2,[],"['_info', '_num', 'PVP_num2']"
580,Function_580,0,6,0,6,[],"['Svf:', 'TMS_FRD_LAWN_TICK_COUNT', 'TMS_FRD_REPORT_FREQ', 'TMS_FRD_REPORT_PANIC_TIME']"
581,Function_581,0,6,0,6,[],"['Svf:', 'TMS_FRD_REPORT_FREQ', 'TMS_FRD_REPORT_PANIC_TIME', 'SUxc']"
582,Function_582,0,5,0,5,[],"['TMS_FRD_REPORT_PANIC_TIME', 'SUxc', 'o?ERROR: Trying to get value of TIMER that has not been started!']"
583,Function_583,0,4,0,4,[],"['SUxc', 'o?ERROR: Trying to get value of TIMER that has not been started!', 'oQWARNING: Trying to get value of TIMER that has not been started! Returning 0.0 ']"
584,Function_584,0,10,0,10,[],"['SUxc', 'o?ERROR: Trying to get value of TIMER that has not been started!', 'oQWARNING: Trying to get value of TIMER that has not been started! Returning 0.0 ']"
585,Function_585,0,4,0,4,['law'],"['oQWARNING: Trying to get value of TIMER that has not been started! Returning 0.0 ', '>o6$/content/Ambient/CrimeResponse/mplaw_response_thread']"
586,Function_586,0,29,1,28,[],"['>o6$/content/Ambient/CrimeResponse/mplaw_response_thread', 'G[?$S}', 'G[zz-']"
587,Function_587,0,79,3,76,[],"['G[?$S}', 'G[zz-', 'G[>(c', 'S|X9', 'S|Mc', 'S|E9', 'G[>$c', 'Szfc', 'Sz0b']"
588,Function_588,0,4,0,4,[],"['Szfc', 'G[?$S}', 'Sz0b', 'SzE~-', 'NetSesssionLayout']"
589,Function_589,0,4,0,4,[],"['G[?$S}', 'Sz0b', 'SzE~-', 'NetSesssionLayout', 'PosseGame']"
59,Function_59,0,20,3,17,[],"['_info', '_num', 'PVP_num2', 'PVP_num3']"
590,Function_590,0,7,0,7,[],"['Sz0b', 'SzE~-', 'NetSesssionLayout', 'PosseGame']"
591,Function_591,0,6,0,6,[],"['NetSesssionLayout', 'PosseGame', '%;,D']"
592,Function_592,0,20,0,20,[],"['NetSesssionLayout', 'PosseGame', '%;,D']"
593,Function_593,0,17,5,12,[],"['%;,D']"
594,Function_594,0,6,0,6,[],"['% {-', 'PqN8']"
595,Function_595,0,1,0,1,[],"['% {-', 'PqN8', '?$~-', 'S|`R', 'S|X9', 'S|Mc', 'S|E9', 'G[>,']"
596,Function_596,0,2,0,2,[],"['% {-', 'PqN8', '?$~-', 'S|`R', 'S|X9', 'S|Mc', 'S|E9', 'G[>,', 'G[>,7']"
597,Function_597,0,1,0,1,[],"['% {-', 'PqN8', '?$~-', 'S|`R', 'S|X9', 'S|Mc', 'S|E9', 'G[>,', 'G[>,7']"
598,Function_598,0,1,0,1,[],"['% {-', 'PqN8', '?$~-', 'S|`R', 'S|X9', 'S|Mc', 'S|E9', 'G[>,', 'G[>,7']"
599,Function_599,0,13,1,12,[],"['% {-', 'PqN8', '?$~-', 'S|`R', 'S|X9', 'S|Mc', 'S|E9', 'G[>,', 'G[>,7', 'Szf{-']"
6,Function_6,0,3,0,3,[],"['FRD_ScorePanel', '?(z-', '?8~-']"
60,Function_60,0,6,0,6,[],"['PVP_num2', 'PVP_num3']"
600,Function_600,0,3,0,3,[],"['PqN8', '?$~-', 'S|`R', 'S|X9', 'S|Mc', 'S|E9', 'G[>,', 'G[>,7', 'Szf{-', 'G[>(c']"
601,Function_601,0,2,0,2,[],"['?$~-', 'S|`R', 'S|X9', 'S|Mc', 'S|E9', 'G[>,', 'G[>,7', 'Szf{-', 'G[>(c', 'G[>$c']"
602,Function_602,0,29,1,28,[],"['?$~-', 'S|`R', 'S|X9', 'S|Mc', 'S|E9', 'G[>,', 'G[>,7', 'Szf{-', 'G[>(c', 'G[>$c']"
603,Function_603,0,3,0,3,[],"['G[>(c', 'G[>$c', 'G[>$', 'Sz0~-', 'PqN{-']"
604,Function_604,0,4,1,3,[],"['G[>(c', 'G[>$c', 'G[>$', 'Sz0~-', 'PqN{-']"
605,Function_605,0,2,0,2,[],"['G[>$c', 'G[>$', 'Sz0~-', 'PqN{-', 'ModeP_Score_PersonlB']"
606,Function_606,0,3,0,3,[],"['G[>$c', 'G[>$', 'Sz0~-', 'PqN{-', 'ModeP_Score_PersonlB']"
607,Function_607,0,1,0,1,[],"['G[>$c', 'G[>$', 'Sz0~-', 'PqN{-', 'ModeP_Score_PersonlB', 'ModeP_Score_PersonlC']"
608,Function_608,0,37,10,27,[],"['G[>$', 'Sz0~-', 'PqN{-', 'ModeP_Score_PersonlB', 'ModeP_Score_PersonlC', 'ModeP_Score_PersonlD', 'ModeP_Score_PersonlE', 'ModeP_Score_Personli', 'ModeP_Score_Personlj', 'ModeP_Score_Personlk', 'ModeP_Score_PosseA', 'ModeP_Score_PosseB']"
609,Function_609,0,2,0,2,[],"['ModeP_Score_PosseK', 'ModeP_Score_RivalC', 'ModeP_Score_RivalG', 'SzE~-', ',D+8', ',D-8']"
61,Function_61,0,2,0,2,[],"['PVP_num3', '*%C1++7G*%C1++%']"
610,Function_610,0,6,0,6,[],"['ModeP_Score_RivalC', 'ModeP_Score_RivalG', 'SzE~-', ',D+8', ',D-8']"
611,Function_611,0,4,0,4,[],"['ModeP_Score_RivalG', 'SzE~-', ',D+8', ',D-8', ',HZ8']"
612,Function_612,0,1,0,1,[],"['ModeP_Score_RivalG', 'SzE~-', ',D+8', ',D-8', ',HZ8']"
613,Function_613,0,16,0,16,[],"['SzE~-', ',D+8', ',D-8', ',HZ8', 'ST~A']"
614,Function_614,0,1,0,1,[],"[',HZ8', 'ST~A', '<M)B']"
615,Function_615,0,5,1,4,[],"[',HZ8', 'ST~A', '<M)B']"
616,Function_616,0,133,4,129,[],"[',HZ8', 'ST~A', '<M)B', ':D,Do8', ':D3%@R', 'net.PosseTeleportFail', 'PqNS', 'W;S:D,Do', '<O;S:D,Dh;S7', '<N;S:J,', '+;J,', ';J:J>']"
617,Function_617,0,37,7,30,[],"[':J3,', ':J2;Q', '3)BH', 'R878', '9$8$8', '9#8#7']"
618,Function_618,0,1,0,1,[],['9#8#7']
619,Function_619,0,26,0,26,[],['9#8#7']
62,Function_62,0,2,0,2,[],['*%C1++7G*%C1++%']
620,Function_620,0,24,0,24,[],"[')It#', 'regions_layout', 'OqP4', ',En+']"
621,Function_621,0,7,0,7,[],"['OqP4', ',En+', 'regid', ',G7c']"
622,Function_622,0,8,0,8,[],"[',En+', 'regid', ',G7c']"
623,Function_623,0,10,2,8,[],"['regid', ',G7c', 'v_coach_park']"
624,Function_624,0,18,0,18,[],"['v_coach_park', ',Cj,E']"
625,Function_625,0,17,0,17,['spawn'],"['v_coach_park', ',Cj,E', 'spawnvol', ',Cj7']"
626,Function_626,0,1,0,1,[],"['spawnvol', ',Cj7', 'PqNS', 'PqLOw']"
627,Function_627,0,22,4,18,[],"['spawnvol', ',Cj7', 'PqNS', 'PqLOw']"
628,Function_628,0,7,2,5,[],"['PqNS', 'PqLOw']"
629,Function_629,0,4,1,3,[],[]
63,Function_63,0,1,0,1,[],['*%C1++7G*%C1++%']
630,Function_630,0,9,0,9,[],"['9%8%%', '8%8(e', '8%R87c', ""9'8'R"", ""p8'Oq""]"
631,Function_631,0,29,5,24,[],"['9%8%%', '8%8(e', '8%R87c', ""9'8'R"", ""p8'Oq"", '9&8&8#', '8&8#d', ""8'8&7"", '9#8&7', '8&9$8%=', '9)8$7', '98$7']"
632,Function_632,0,6,1,5,[],"['9)8$7', '98$7', '""8$7', '9*8*,', '9)8)R', '{8){-']"
633,Function_633,0,1,0,1,[],"['""8$7', '9*8*,', '9)8)R', '{8){-']"
634,Function_634,0,23,0,23,[],"['9*8*,', '9)8)R', '{8){-']"
635,Function_635,0,5,0,5,[],"['=,% R']"
636,Function_636,0,2,0,2,[],"['=,% R']"
637,Function_637,0,1,0,1,[],"['=,% R']"
638,Function_638,0,1,0,1,[],"['=,% R']"
639,Function_639,0,2,0,2,[],"['=,% R']"
64,Function_64,0,1,0,1,[],['*%C1++7G*%C1++%']
640,Function_640,0,1,0,1,[],"['=,% R']"
641,Function_641,0,1,0,1,[],"['=,% R']"
642,Function_642,0,2,0,2,[],"['=,% R']"
643,Function_643,0,1,0,1,[],"['=,% R']"
644,Function_644,0,1,0,1,[],"['=,% R', '2%98']"
645,Function_645,0,2,0,2,[],"['=,% R', '2%98']"
646,Function_646,0,1,0,1,[],"['=,% R', '2%98']"
647,Function_647,0,2,0,2,[],['2%98']
648,Function_648,0,1,0,1,[],['2%98']
649,Function_649,0,2,0,2,[],['2%98']
65,Function_65,0,26,0,26,[],['*%C1++7G*%C1++%']
650,Function_650,0,1,0,1,[],['2%98']
651,Function_651,0,2,0,2,[],['2%98']
652,Function_652,0,1,0,1,[],['2%98']
653,Function_653,0,1,0,1,[],['2%98']
654,Function_654,0,1,0,1,[],['2%98']
655,Function_655,0,2,0,2,[],['2%98']
656,Function_656,0,12,1,11,[],['2%98']
657,Function_657,0,3,0,3,[],"['dynsession_alwayshost', 'G[?(o', 'dynsession_fmsize', 'G[?,S}', 'blah', ',CK9']"
658,Function_658,0,4,0,4,[],"['dynsession_alwayshost', 'G[?(o', 'dynsession_fmsize', 'G[?,S}', 'blah', ',CK9']"
659,Function_659,0,5,0,5,[],"['dynsession_alwayshost', 'G[?(o', 'dynsession_fmsize', 'G[?,S}', 'blah', ',CK9']"
66,Function_66,0,2,0,2,[],[]
660,Function_660,0,8,0,8,[],"['dynsession_alwayshost', 'G[?(o', 'dynsession_fmsize', 'G[?,S}', 'blah', ',CK9']"
661,Function_661,0,5,0,5,[],"['G[?(o', 'dynsession_fmsize', 'G[?,S}', 'blah', ',CK9']"
662,Function_662,0,8,0,8,[],"['G[?,S}', 'blah', ',CK9', '_count']"
663,Function_663,0,4,0,4,[],"[',CK9', '_count', ',CKQ']"
67,Function_67,0,1,0,1,[],[]
670,Function_670,0,13,1,12,[],['4`?|']
671,Function_671,0,22,0,22,[],"['4`?|', 'ArmUp']"
672,Function_672,0,2,0,2,[],"['ArmUp', 'YoSCalling WEATHER_CLEAR_OVERRIDE when you never set the override in the first place!']"
673,Function_673,0,2,0,2,[],"['ArmUp', 'YoSCalling WEATHER_CLEAR_OVERRIDE when you never set the override in the first place!']"
674,Function_674,0,2,0,2,[],"['ArmUp', 'YoSCalling WEATHER_CLEAR_OVERRIDE when you never set the override in the first place!']"
675,Function_675,0,10,1,9,[],"['ArmUp', 'YoSCalling WEATHER_CLEAR_OVERRIDE when you never set the override in the first place!', '>(Q@']"
676,Function_676,0,40,1,39,[],"['>(Q@', ',@M8', '<o6New weather type is the same as the old weather type!', '?(,A', '?,,A', '?0O@']"
677,Function_677,0,1,0,1,[],['Day ']
678,Function_678,0,13,0,13,[],['Day ']
679,Function_679,0,9,0,9,[],"['Day ', 'net_name_hcfm', '=0r@b', 'net_name_friendlyfm']"
68,Function_68,0,5,0,5,[],[]
680,Function_680,0,10,2,8,[],"['net_name_hcfm', '=0r@b', 'net_name_friendlyfm']"
681,Function_681,0,101,0,101,[],"['net_name_hcfm', '=0r@b', 'net_name_friendlyfm', 'S_S8', '[)Da']"
682,Function_682,0,2,0,2,[],[]
683,Function_683,0,1,0,1,[],[]
684,Function_684,0,12,0,12,[],"[',F08']"
685,Function_685,0,2,0,2,[],"[',F08']"
686,Function_686,0,2,0,2,[],"[',F08', 'MP_COUNTDOWN_SONG_02']"
687,Function_687,0,2,0,2,[],"[',F08', 'MP_COUNTDOWN_SONG_02']"
688,Function_688,0,4,0,4,[],"['MP_COUNTDOWN_SONG_02', 'r %=', 'MP_SB_TFMT']"
689,Function_689,0,2,0,2,[],"['MP_COUNTDOWN_SONG_02', 'r %=', 'MP_SB_TFMT', 'Unable to set region for ']"
69,Function_69,0,1,0,1,[],['RadialWeaponQuickPick']
690,Function_690,0,6,0,6,[],"['MP_COUNTDOWN_SONG_02', 'r %=', 'MP_SB_TFMT', 'Unable to set region for ']"
691,Function_691,0,8,1,7,[],"['MP_COUNTDOWN_SONG_02', 'r %=', 'MP_SB_TFMT', 'Unable to set region for ', '= 2.', 'Px/h', 'Ox/6']"
692,Function_692,0,1,0,1,[],"['MP_SB_TFMT', 'Unable to set region for ', '= 2.', 'Px/h', 'Ox/6', 'Qxuz-', 'blah']"
693,Function_693,0,3,1,2,[],"['Unable to set region for ', '= 2.', 'Px/h', 'Ox/6', 'Qxuz-', 'blah', 'STZc']"
694,Function_694,0,4,0,4,[],"['Unable to set region for ', '= 2.', 'Px/h', 'Ox/6', 'Qxuz-', 'blah', 'STZc', 'DISABLE_HORSE_WHISTLE']"
695,Function_695,0,13,1,12,[],"['= 2.', 'Px/h', 'Ox/6', 'Qxuz-', 'blah', 'STZc', 'DISABLE_HORSE_WHISTLE']"
696,Function_696,0,4,1,3,['disable'],"['Ox/6', 'Qxuz-', 'blah', 'STZc', 'DISABLE_HORSE_WHISTLE']"
697,Function_697,0,6,1,5,['disable'],"['STZc', 'DISABLE_HORSE_WHISTLE', '++~-']"
698,Function_698,0,3,0,3,[],"['DISABLE_HORSE_WHISTLE', '++~-', ',6,C', 'NetEventLayout']"
699,Function_699,0,6,0,6,[],"['DISABLE_HORSE_WHISTLE', '++~-', ',6,C', 'NetEventLayout']"
7,Function_7,0,13,0,13,[],"['FRD_ScorePanel', '?(z-', '?8~-']"
70,Function_70,0,2,0,2,[],['RadialWeaponQuickPick']
700,Function_700,0,4,0,4,[],"['DISABLE_HORSE_WHISTLE', '++~-', ',6,C', 'NetEventLayout']"
701,Function_701,0,3,0,3,[],"['++~-', ',6,C', 'NetEventLayout']"
702,Function_702,0,5,0,5,[],"[',6,C', 'NetEventLayout']"
703,Function_703,0,9,0,9,[],['NetEventLayout']
704,Function_704,0,4,0,4,[],[]
71,Function_71,0,1,0,1,[],['RadialWeaponQuickPick']
72,Function_72,0,2,0,2,[],['RadialWeaponQuickPick']
73,Function_73,0,1,0,1,[],['RadialWeaponQuickPick']
78,Function_78,0,3,0,3,[],"['R=c;', 'NetTimer']"
79,Function_79,0,2,0,2,[],"['R=c;', 'NetTimer']"
8,Function_8,0,2,1,1,[],['?8~-']
80,Function_80,0,3,0,3,[],"['R=c;', 'NetTimer']"
81,Function_81,0,2,0,2,[],['NetTimer']
82,Function_82,0,20,0,20,[],"['NetTimer', 'R4Qc']"
83,Function_83,0,11,0,11,[],"['R4Qc', 'o?ERROR: Trying to UNPAUSE a NETTIMER that has not been started!', 'oTWARNING: Trying to UNPAUSE a NETTIMER that has not been started! IGNORING COMMAND.']"
84,Function_84,0,4,0,4,[],"['oTWARNING: Trying to UNPAUSE a NETTIMER that has not been started! IGNORING COMMAND.', 'Tried to get bit ', ' bit from bad slot ', '4`>|8']"
85,Function_85,0,9,1,8,[],"['oTWARNING: Trying to UNPAUSE a NETTIMER that has not been started! IGNORING COMMAND.', 'Tried to get bit ', ' bit from bad slot ', '4`>|8']"
86,Function_86,0,30,0,30,"['actor', 'wanted', 'law']","['DEAD', 'READY', 'POKER_FOLDED', 'RACE_FINISHED', 'REGION_HOST', 'ACTOR_HIDDEN', 'VOTE_TO_START', 'VOTE_TO_SKIP', 'VOTE_TO_REPLAY', 'IS_IN_LOBBY', 'GAME_ARBITRATOR', 'JOINED_GAME']"
87,Function_87,0,5,0,5,[],"['PLAYER_IS_GRIEFER', 'CANNOT_AFFORD_MINIGAME', 'FREE_MODE_DEFENSE_SPOONHOLDER', 'UNKNOWN', 'Io0TRIED TO USE IS_SLOT_DATA_VALID WITH BAD INDEX ']"
88,Function_88,0,1,0,1,[],"['?0~-', '=tR=', '=tRP-9', 'FRD_HeldTime']"
89,Function_89,0,14,2,12,[],"['?0~-', '=tR=', '=tRP-9', 'FRD_HeldTime', 'FRD_Timer', '--:--']"
9,Function_9,0,1,0,1,[],[]
90,Function_90,0,11,0,11,[],"['FRD_HeldTime', 'FRD_Timer', '--:--', 'o=ERROR: Trying to PAUSE a NETTIMER that has not been started!', 'oRWARNING: Trying to PAUSE a NETTIMER that has not been started! IGNORING COMMAND.']"
91,Function_91,0,2,0,2,[],"['oRWARNING: Trying to PAUSE a NETTIMER that has not been started! IGNORING COMMAND.', 'FRD Host', ""o0Nobody gets payout. That's %s just evaporating!""]"
92,Function_92,0,37,3,34,[],"['oRWARNING: Trying to PAUSE a NETTIMER that has not been started! IGNORING COMMAND.', 'FRD Host', ""o0Nobody gets payout. That's %s just evaporating!"", 'R6wc', 'oODispensing payout: %s eligible players, %s per each with %s for last owner, %s']"
93,Function_93,0,6,0,6,[],"['R6wc', 'FRD Host', 'o3SEND Payout for player #%s for %s XP, bTheyWon: %s']"
94,Function_94,0,28,0,28,[],"['FRD Host', 'o3SEND Payout for player #%s for %s XP, bTheyWon: %s', 'o+#%s Eligible: %s. Region: %s and posse: %s', 'R.x9', ""o'#%s Eligible: %s. Volume and posse: %s"", 'o!#%s Eligible: %s. Just Posse: %s']"
95,Function_95,0,2,0,2,[],"['FRD Host', 'o!#%s Eligible: %s. Just Posse: %s', 'TRUE', 'FALSE']"
96,Function_96,0,6,1,5,[],"['FRD Host', 'o!#%s Eligible: %s. Just Posse: %s', 'TRUE', 'FALSE']"
97,Function_97,0,1,0,1,[],"['o!#%s Eligible: %s. Just Posse: %s', 'TRUE', 'FALSE', 'FRD Host', 'o""Getting Data for involved players']"
98,Function_98,0,7,1,6,[],"['TRUE', 'FALSE', 'FRD Host', 'o""Getting Data for involved players']"
99,Function_99,0,4,0,4,[],"['TRUE', 'FALSE', 'FRD Host', 'o""Getting Data for involved players', 'R87c']"
